time,stock_price,akpr,t_akpr,a_akpr,b_akpr,icln1,icln2,icln3,icln4,icln5,icln6,icln7,icln8,icln9,icln10
2023-05-23 09:45:14,0.0,1.03487,1.50707,-1176.0,-60.0,0.0,-0.00394,-0.00394,-0.00394,-0.00197,0.00197,0.00197,0.00984,0.00984,0.00984
2023-05-23 09:45:16,-0.00197,0.868,1.45719,63766.0,-2152.0,-0.00197,-0.00394,-0.00394,-0.00394,-0.00197,0.00197,0.00197,0.00984,0.00984,0.00984
2023-05-23 09:45:18,0.0,0.76367,1.44658,32.0,20.0,0.0,-0.00394,-0.00394,-0.00394,-0.00197,0.00197,0.00197,0.00984,0.00984,0.00984
2023-05-23 09:45:19,0.0,0.62066,1.42799,5.0,100.0,0.0,-0.00394,-0.00394,-0.00394,-0.00197,0.00197,0.00197,0.00984,0.00984,0.00984
2023-05-23 09:45:21,0.0,1.16048,1.7961,0.0,2.0,0.0,-0.00394,-0.00394,-0.00394,-0.00197,0.00197,0.00197,0.00984,0.00984,0.00984
2023-05-23 09:45:23,0.0,0.54119,1.4654,55.0,0.0,0.0,-0.00394,-0.00394,-0.00394,-0.00197,0.00197,0.00197,0.00984,0.00984,0.00984
2023-05-23 09:45:25,0.0,0.54834,1.48096,-21.0,0.0,0.0,-0.00394,-0.00394,-0.00394,-0.00197,0.00197,0.00197,0.00984,0.00984,0.00984
2023-05-23 09:45:27,-0.00197,0.53079,1.47257,-75.0,-19.0,-0.00197,-0.00394,-0.00394,-0.00394,-0.00197,0.00197,0.00197,0.00984,0.00984,0.00984
2023-05-23 09:45:29,0.0,0.51414,1.47412,1.0,0.0,0.0,-0.00394,-0.00394,-0.00394,-0.00197,0.00197,0.00197,0.00984,0.00984,0.00984
2023-05-23 09:45:31,0.0,0.83899,1.79055,66909.0,-11672.0,0.0,-0.00394,-0.00394,-0.00394,-0.00197,0.00197,0.00197,0.00984,0.00984,0.00984
2023-05-23 09:45:32,0.0,0.78649,1.76268,0.0,180.0,0.0,-0.00394,-0.00394,-0.00394,-0.00197,0.00197,0.00197,0.00984,0.00984,0.00984
2023-05-23 09:45:34,0.00197,0.88431,1.8192,25.0,-50.0,0.00197,-0.00394,-0.00394,-0.00394,-0.00197,0.00197,0.00197,0.00984,0.00984,0.00984
2023-05-23 09:45:36,0.00197,0.79318,1.78386,-50.0,5.0,0.00197,-0.00394,-0.00394,-0.00394,-0.00197,0.00197,0.00197,0.00984,0.00984,0.00984
2023-05-23 09:45:38,0.0,0.90625,1.81749,104.0,-215.0,0.0,-0.00394,-0.00394,-0.00394,-0.00197,0.00197,0.00197,0.00984,0.00984,0.00984
2023-05-23 09:45:40,0.0,0.92765,1.82015,517.0,-1.0,0.0,-0.00394,-0.00394,-0.00394,-0.00197,0.00197,0.00197,0.00984,0.00984,0.00984
2023-05-23 09:45:42,0.0,0.94068,1.82226,0.0,374.0,0.0,-0.00394,-0.00394,-0.00394,-0.00197,0.00197,0.00197,0.00984,0.00984,0.00984
2023-05-23 09:45:44,0.00197,0.76097,1.81635,0.0,-1346.0,0.00197,-0.00394,-0.00394,-0.00394,-0.00197,0.00197,0.00197,0.00984,0.00984,0.00984
2023-05-23 09:45:45,0.0,0.74187,1.83597,2.0,0.0,0.0,-0.00394,-0.00394,-0.00394,-0.00197,0.00197,0.00197,0.00984,0.00984,0.00984
2023-05-23 09:45:47,0.00197,0.73838,1.83037,-4.0,10.0,0.00197,-0.00394,-0.00394,-0.00394,-0.00197,0.00197,0.00197,0.00984,0.00984,0.00984
2023-05-23 09:45:49,0.0,0.63934,1.80942,0.0,-38.0,0.0,-0.00394,-0.00394,-0.00394,-0.00197,0.00197,0.00197,0.00984,0.00984,0.00984
2023-05-23 09:45:51,0.00197,0.61997,1.80275,-1171.0,-29.0,0.00197,-0.00394,-0.00394,-0.00394,-0.00197,0.00197,0.00197,0.00984,0.00984,0.00984
2023-05-23 09:45:53,0.0,0.5707,1.78426,-89.0,1154.0,0.0,-0.00394,-0.00394,-0.00394,-0.00197,0.00197,0.00197,0.00984,0.00984,0.00984
2023-05-23 09:45:55,0.00197,0.5487,1.73878,50.0,5000.0,0.00197,-0.00394,-0.00394,-0.00394,-0.00197,0.00197,0.00197,0.00984,0.00984,0.00984
2023-05-23 09:45:56,0.00197,0.52161,1.73434,30.0,17.0,0.00197,-0.00394,-0.00394,-0.00394,-0.00197,0.00197,0.00197,0.00984,0.00984,0.00984
2023-05-23 09:45:58,0.00197,1.73148,2.13298,525.0,-393.0,0.00197,-0.00394,-0.00394,-0.00394,-0.00197,0.00197,0.00197,0.00984,0.00984,0.00984
2023-05-23 09:46:00,0.00197,1.76873,2.10525,3.0,0.0,0.00197,0.00197,0.00394,-0.00394,-0.00394,-0.00394,-0.00197,0.00197,0.00197,0.00984
2023-05-23 09:46:02,0.00197,1.73363,2.09438,-95.0,646.0,0.00197,0.00197,0.00394,-0.00394,-0.00394,-0.00394,-0.00197,0.00197,0.00197,0.00984
2023-05-23 09:46:04,0.00394,1.68581,2.0869,0.0,55.0,0.00394,0.00197,0.00394,-0.00394,-0.00394,-0.00394,-0.00197,0.00197,0.00197,0.00984
2023-05-23 09:46:06,0.00394,1.39146,2.0271,-23.0,1.0,0.00394,0.00197,0.00394,-0.00394,-0.00394,-0.00394,-0.00197,0.00197,0.00197,0.00984
2023-05-23 09:46:08,0.00394,1.39404,2.02446,-96.0,53.0,0.00394,0.00197,0.00394,-0.00394,-0.00394,-0.00394,-0.00197,0.00197,0.00197,0.00984
2023-05-23 09:46:09,0.00394,1.44899,2.03092,-10.0,-500.0,0.00394,0.00197,0.00394,-0.00394,-0.00394,-0.00394,-0.00197,0.00197,0.00197,0.00984
2023-05-23 09:46:11,0.00394,1.60525,2.1371,-540.0,-9332.0,0.00394,0.00197,0.00394,-0.00394,-0.00394,-0.00394,-0.00197,0.00197,0.00197,0.00984
2023-05-23 09:46:13,0.00394,1.59468,2.14453,98.0,0.0,0.00394,0.00197,0.00394,-0.00394,-0.00394,-0.00394,-0.00197,0.00197,0.00197,0.00984
2023-05-23 09:46:15,0.00394,1.54234,2.13075,-19.0,0.0,0.00394,0.00197,0.00394,-0.00394,-0.00394,-0.00394,-0.00197,0.00197,0.00197,0.00984
2023-05-23 09:46:17,0.00591,3.01132,3.36901,-51.0,3308.0,0.00591,0.00197,0.00394,-0.00394,-0.00394,-0.00394,-0.00197,0.00197,0.00197,0.00984
2023-05-23 09:46:19,0.00591,3.07487,3.47847,99.0,5.0,0.00591,0.00197,0.00394,-0.00394,-0.00394,-0.00394,-0.00197,0.00197,0.00197,0.00984
2023-05-23 09:46:21,0.00591,2.70481,3.34674,-1206.0,616.0,0.00591,0.00197,0.00394,-0.00394,-0.00394,-0.00394,-0.00197,0.00197,0.00197,0.00984
2023-05-23 09:46:22,0.00394,2.74186,3.35344,1718.0,25.0,0.00394,0.00197,0.00394,-0.00394,-0.00394,-0.00394,-0.00197,0.00197,0.00197,0.00984
2023-05-23 09:46:24,0.00394,2.68874,3.39242,49.0,-1.0,0.00394,0.00197,0.00394,-0.00394,-0.00394,-0.00394,-0.00197,0.00197,0.00197,0.00984
2023-05-23 09:46:26,0.00591,2.80492,3.41797,-1.0,0.0,0.00591,0.00197,0.00394,-0.00394,-0.00394,-0.00394,-0.00197,0.00197,0.00197,0.00984
2023-05-23 09:46:28,0.00591,2.73783,3.43709,-200.0,-198.0,0.00591,0.00197,0.00394,-0.00394,-0.00394,-0.00394,-0.00197,0.00197,0.00197,0.00984
2023-05-23 09:46:30,0.00394,1.8134,2.28576,0.0,196.0,0.00394,0.00197,0.00394,-0.00394,-0.00394,-0.00394,-0.00197,0.00197,0.00197,0.00984
2023-05-23 09:46:32,0.00394,2.00643,2.32602,21.0,-49.0,0.00394,0.00197,0.00394,-0.00394,-0.00394,-0.00394,-0.00197,0.00197,0.00197,0.00984
2023-05-23 09:46:34,0.00197,1.86602,2.32404,-370.0,62.0,0.00197,0.00197,0.00394,-0.00394,-0.00394,-0.00394,-0.00197,0.00197,0.00197,0.00984
2023-05-23 09:46:35,0.00591,4.02805,3.78079,0.0,50.0,0.00591,0.00197,0.00394,-0.00394,-0.00394,-0.00394,-0.00197,0.00197,0.00197,0.00984
2023-05-23 09:46:37,0.00394,4.00553,3.61555,0.0,645.0,0.00394,0.00197,0.00394,-0.00394,-0.00394,-0.00394,-0.00197,0.00197,0.00197,0.00984
2023-05-23 09:46:39,0.00394,4.0651,3.61876,-199.0,429.0,0.00394,0.00197,0.00394,-0.00394,-0.00394,-0.00394,-0.00197,0.00197,0.00197,0.00984
2023-05-23 09:46:41,0.00394,3.84871,3.56425,0.0,-1.0,0.00394,0.00197,0.00394,-0.00394,-0.00394,-0.00394,-0.00197,0.00197,0.00197,0.00984
2023-05-23 09:46:43,0.00591,3.54067,3.49372,-39.0,0.0,0.00591,0.00197,0.00394,-0.00394,-0.00394,-0.00394,-0.00197,0.00197,0.00197,0.00984
2023-05-23 09:46:45,0.00394,3.34229,3.43983,0.0,194.0,0.00394,0.00197,0.00394,-0.00394,-0.00394,-0.00394,-0.00197,0.00197,0.00197,0.00984
2023-05-23 09:46:46,0.00394,3.30215,3.42293,-1000.0,-10.0,0.00394,0.00197,0.00394,-0.00394,-0.00394,-0.00394,-0.00197,0.00197,0.00197,0.00984
2023-05-23 09:46:48,0.00394,3.62326,3.44225,106.0,-1882.0,0.00394,0.00197,0.00394,-0.00394,-0.00394,-0.00394,-0.00197,0.00197,0.00197,0.00984
2023-05-23 09:46:50,0.00394,1.77967,2.19366,0.0,-1042.0,0.00394,0.00197,0.00394,-0.00394,-0.00394,-0.00394,-0.00197,0.00197,0.00197,0.00984
2023-05-23 09:46:52,0.00394,1.82789,2.20675,160.0,0.0,0.00394,0.00197,0.00394,-0.00394,-0.00394,-0.00394,-0.00197,0.00197,0.00197,0.00984
2023-05-23 09:46:54,0.00394,4.28063,3.5661,-100.0,0.0,0.00394,0.00197,0.00394,-0.00394,-0.00394,-0.00394,-0.00197,0.00197,0.00197,0.00984
2023-05-23 09:46:56,0.00394,4.1858,3.55633,0.0,0.0,0.00394,0.00197,0.00394,-0.00394,-0.00394,-0.00394,-0.00197,0.00197,0.00197,0.00984
2023-05-23 09:46:58,0.00394,4.01708,3.50802,-37.0,-71.0,0.00394,0.00197,0.00394,-0.00394,-0.00394,-0.00394,-0.00197,0.00197,0.00197,0.00984
2023-05-23 09:47:00,0.00394,2.73344,3.23442,10.0,31.0,0.00394,0.00197,0.00394,-0.00394,-0.00394,-0.00394,-0.00197,0.00197,0.00197,0.00984
2023-05-23 09:47:01,0.00394,2.85943,3.27032,28.0,93.0,0.00394,0.00394,0.00394,0.00197,0.00394,-0.00394,-0.00394,-0.00394,-0.00197,0.00197
2023-05-23 09:47:03,0.00394,2.89799,3.28697,20.0,0.0,0.00394,0.00394,0.00394,0.00197,0.00394,-0.00394,-0.00394,-0.00394,-0.00197,0.00197
2023-05-23 09:47:05,0.00394,3.87189,3.54356,5.0,0.0,0.00394,0.00394,0.00394,0.00197,0.00394,-0.00394,-0.00394,-0.00394,-0.00197,0.00197
2023-05-23 09:47:07,0.00394,4.08242,3.62809,0.0,-31.0,0.00394,0.00394,0.00394,0.00197,0.00394,-0.00394,-0.00394,-0.00394,-0.00197,0.00197
2023-05-23 09:47:09,0.00394,1.78737,2.23698,-19.0,0.0,0.00394,0.00394,0.00394,0.00197,0.00394,-0.00394,-0.00394,-0.00394,-0.00197,0.00197
2023-05-23 09:47:11,0.00197,1.85631,2.2523,1.0,0.0,0.00197,0.00394,0.00394,0.00197,0.00394,-0.00394,-0.00394,-0.00394,-0.00197,0.00197
2023-05-23 09:47:12,0.00394,1.89246,2.27303,-160.0,54.0,0.00394,0.00394,0.00394,0.00197,0.00394,-0.00394,-0.00394,-0.00394,-0.00197,0.00197
2023-05-23 09:47:14,0.00394,2.00339,2.29262,-585.0,-585.0,0.00394,0.00394,0.00394,0.00197,0.00394,-0.00394,-0.00394,-0.00394,-0.00197,0.00197
2023-05-23 09:47:16,0.00394,1.99406,2.27609,-136.0,0.0,0.00394,0.00394,0.00394,0.00197,0.00394,-0.00394,-0.00394,-0.00394,-0.00197,0.00197
2023-05-23 09:47:18,0.00394,2.08476,2.2804,-1000.0,-1640.0,0.00394,0.00394,0.00394,0.00197,0.00394,-0.00394,-0.00394,-0.00394,-0.00197,0.00197
2023-05-23 09:47:20,0.00197,2.19026,2.29949,781.0,-33.0,0.00197,0.00394,0.00394,0.00197,0.00394,-0.00394,-0.00394,-0.00394,-0.00197,0.00197
2023-05-23 09:47:22,0.00197,0.89262,1.96103,493.0,0.0,0.00197,0.00394,0.00394,0.00197,0.00394,-0.00394,-0.00394,-0.00394,-0.00197,0.00197
2023-05-23 09:47:24,0.00197,0.97508,2.00419,-1000.0,0.0,0.00197,0.00394,0.00394,0.00197,0.00394,-0.00394,-0.00394,-0.00394,-0.00197,0.00197
2023-05-23 09:47:26,0.00197,1.05943,2.02534,0.0,2000.0,0.00197,0.00394,0.00394,0.00197,0.00394,-0.00394,-0.00394,-0.00394,-0.00197,0.00197
2023-05-23 09:47:27,0.0,1.09536,2.03997,0.0,-931.0,0.0,0.00394,0.00394,0.00197,0.00394,-0.00394,-0.00394,-0.00394,-0.00197,0.00197
2023-05-23 09:47:29,0.0,1.32414,2.05584,0.0,-768.0,0.0,0.00394,0.00394,0.00197,0.00394,-0.00394,-0.00394,-0.00394,-0.00197,0.00197
2023-05-23 09:47:31,0.0,1.46762,2.04492,0.0,45.0,0.0,0.00394,0.00394,0.00197,0.00394,-0.00394,-0.00394,-0.00394,-0.00197,0.00197
2023-05-23 09:47:33,0.0,1.48923,2.06381,-4.0,-4.0,0.0,0.00394,0.00394,0.00197,0.00394,-0.00394,-0.00394,-0.00394,-0.00197,0.00197
2023-05-23 09:47:35,0.0,1.39445,2.03539,0.0,-69.0,0.0,0.00394,0.00394,0.00197,0.00394,-0.00394,-0.00394,-0.00394,-0.00197,0.00197
2023-05-23 09:47:37,0.0,1.34375,2.0188,-112.0,0.0,0.0,0.00394,0.00394,0.00197,0.00394,-0.00394,-0.00394,-0.00394,-0.00197,0.00197
2023-05-23 09:47:38,0.00197,1.29113,2.00996,-1097.0,150.0,0.00197,0.00394,0.00394,0.00197,0.00394,-0.00394,-0.00394,-0.00394,-0.00197,0.00197
2023-05-23 09:47:40,0.0,1.23327,1.99598,0.0,99.0,0.0,0.00394,0.00394,0.00197,0.00394,-0.00394,-0.00394,-0.00394,-0.00197,0.00197
2023-05-23 09:47:42,0.0,1.21624,1.99117,0.0,-44.0,0.0,0.00394,0.00394,0.00197,0.00394,-0.00394,-0.00394,-0.00394,-0.00197,0.00197
2023-05-23 09:47:44,0.0,1.25148,1.98879,-40.0,-37.0,0.0,0.00394,0.00394,0.00197,0.00394,-0.00394,-0.00394,-0.00394,-0.00197,0.00197
2023-05-23 09:47:46,0.0,0.47322,1.63151,0.0,5.0,0.0,0.00394,0.00394,0.00197,0.00394,-0.00394,-0.00394,-0.00394,-0.00197,0.00197
2023-05-23 09:47:48,0.0,0.47286,1.63375,-110.0,-35.0,0.0,0.00394,0.00394,0.00197,0.00394,-0.00394,-0.00394,-0.00394,-0.00197,0.00197
2023-05-23 09:47:50,-0.00197,0.59523,1.72008,1102.0,-2041.0,-0.00197,0.00394,0.00394,0.00197,0.00394,-0.00394,-0.00394,-0.00394,-0.00197,0.00197
2023-05-23 09:47:51,-0.00197,0.63773,1.76423,40.0,0.0,-0.00197,0.00394,0.00394,0.00197,0.00394,-0.00394,-0.00394,-0.00394,-0.00197,0.00197
2023-05-23 09:47:53,-0.00197,0.64617,1.75224,186.0,9.0,-0.00197,0.00394,0.00394,0.00197,0.00394,-0.00394,-0.00394,-0.00394,-0.00197,0.00197
2023-05-23 09:47:55,-0.00394,0.36701,1.46907,40.0,-22.0,-0.00394,0.00394,0.00394,0.00197,0.00394,-0.00394,-0.00394,-0.00394,-0.00197,0.00197
2023-05-23 09:47:57,-0.00394,0.34571,1.45541,-20.0,20.0,-0.00394,0.00394,0.00394,0.00197,0.00394,-0.00394,-0.00394,-0.00394,-0.00197,0.00197
2023-05-23 09:47:59,-0.00394,0.35648,1.46109,-1.0,-1.0,-0.00394,0.00394,0.00394,0.00197,0.00394,-0.00394,-0.00394,-0.00394,-0.00197,0.00197
2023-05-23 09:48:01,-0.00394,0.35848,1.45167,-36.0,-36.0,-0.00394,-0.00394,-0.00394,0.00394,0.00394,0.00197,0.00394,-0.00394,-0.00394,-0.00394
2023-05-23 09:48:03,-0.00394,0.37052,1.48136,1.0,0.0,-0.00394,-0.00394,-0.00394,0.00394,0.00394,0.00197,0.00394,-0.00394,-0.00394,-0.00394
2023-05-23 09:48:04,-0.00394,0.14951,1.16734,0.0,282.0,-0.00394,-0.00394,-0.00394,0.00394,0.00394,0.00197,0.00394,-0.00394,-0.00394,-0.00394
2023-05-23 09:48:06,-0.00591,0.18089,1.18527,0.0,449.0,-0.00591,-0.00394,-0.00394,0.00394,0.00394,0.00197,0.00394,-0.00394,-0.00394,-0.00394
2023-05-23 09:48:08,-0.00591,0.20095,1.21088,0.0,0.0,-0.00591,-0.00394,-0.00394,0.00394,0.00394,0.00197,0.00394,-0.00394,-0.00394,-0.00394
2023-05-23 09:48:10,-0.00591,0.20745,1.24904,0.0,23.0,-0.00591,-0.00394,-0.00394,0.00394,0.00394,0.00197,0.00394,-0.00394,-0.00394,-0.00394
2023-05-23 09:48:12,-0.00787,0.12758,0.86066,0.0,-8.0,-0.00787,-0.00394,-0.00394,0.00394,0.00394,0.00197,0.00394,-0.00394,-0.00394,-0.00394
2023-05-23 09:48:14,-0.00787,0.16057,0.87343,906.0,1882.0,-0.00787,-0.00394,-0.00394,0.00394,0.00394,0.00197,0.00394,-0.00394,-0.00394,-0.00394
2023-05-23 09:48:16,-0.00787,0.09275,0.54117,-85765.0,14750.0,-0.00787,-0.00394,-0.00394,0.00394,0.00394,0.00197,0.00394,-0.00394,-0.00394,-0.00394
2023-05-23 09:48:17,-0.00984,0.12863,0.57492,298.0,-1991.0,-0.00984,-0.00394,-0.00394,0.00394,0.00394,0.00197,0.00394,-0.00394,-0.00394,-0.00394
2023-05-23 09:48:21,-0.00787,0.12387,0.61,-10.0,-100.0,-0.00787,-0.00394,-0.00394,0.00394,0.00394,0.00197,0.00394,-0.00394,-0.00394,-0.00394
2023-05-23 09:48:23,-0.00984,0.12657,0.61227,1.0,-1261.0,-0.00984,-0.00394,-0.00394,0.00394,0.00394,0.00197,0.00394,-0.00394,-0.00394,-0.00394
2023-05-23 09:48:25,-0.00984,0.11748,0.6221,-1300.0,-1212.0,-0.00984,-0.00394,-0.00394,0.00394,0.00394,0.00197,0.00394,-0.00394,-0.00394,-0.00394
2023-05-23 09:48:27,-0.01181,0.09294,0.39332,0.0,-389.0,-0.01181,-0.00394,-0.00394,0.00394,0.00394,0.00197,0.00394,-0.00394,-0.00394,-0.00394
2023-05-23 09:48:29,-0.00984,0.10641,0.40496,-107.0,-978.0,-0.00984,-0.00394,-0.00394,0.00394,0.00394,0.00197,0.00394,-0.00394,-0.00394,-0.00394
2023-05-23 09:48:31,-0.01181,0.10959,0.41839,500.0,-701.0,-0.01181,-0.00394,-0.00394,0.00394,0.00394,0.00197,0.00394,-0.00394,-0.00394,-0.00394
2023-05-23 09:48:32,-0.00984,0.09623,0.41842,-73.0,5664.0,-0.00984,-0.00394,-0.00394,0.00394,0.00394,0.00197,0.00394,-0.00394,-0.00394,-0.00394
2023-05-23 09:48:34,-0.01181,0.08839,0.41093,0.0,100.0,-0.01181,-0.00394,-0.00394,0.00394,0.00394,0.00197,0.00394,-0.00394,-0.00394,-0.00394
2023-05-23 09:48:36,-0.01181,0.08029,0.37881,0.0,408.0,-0.01181,-0.00394,-0.00394,0.00394,0.00394,0.00197,0.00394,-0.00394,-0.00394,-0.00394
2023-05-23 09:48:38,-0.01181,0.03993,0.55078,0.0,-50.0,-0.01181,-0.00394,-0.00394,0.00394,0.00394,0.00197,0.00394,-0.00394,-0.00394,-0.00394
2023-05-23 09:48:40,-0.01181,0.01885,0.31708,-57022.0,6680.0,-0.01181,-0.00394,-0.00394,0.00394,0.00394,0.00197,0.00394,-0.00394,-0.00394,-0.00394
2023-05-23 09:48:42,-0.00984,0.02217,0.32215,0.0,300.0,-0.00984,-0.00394,-0.00394,0.00394,0.00394,0.00197,0.00394,-0.00394,-0.00394,-0.00394
2023-05-23 09:48:44,-0.01181,0.01812,0.33983,0.0,-1.0,-0.01181,-0.00394,-0.00394,0.00394,0.00394,0.00197,0.00394,-0.00394,-0.00394,-0.00394
2023-05-23 09:48:45,-0.00787,0.04018,0.60735,-3.0,633.0,-0.00787,-0.00394,-0.00394,0.00394,0.00394,0.00197,0.00394,-0.00394,-0.00394,-0.00394
2023-05-23 09:48:47,-0.01181,0.01599,0.35865,-53936.0,5518.0,-0.01181,-0.00394,-0.00394,0.00394,0.00394,0.00197,0.00394,-0.00394,-0.00394,-0.00394
2023-05-23 09:48:49,-0.00984,0.03208,0.57627,1.0,-500.0,-0.00984,-0.00394,-0.00394,0.00394,0.00394,0.00197,0.00394,-0.00394,-0.00394,-0.00394
2023-05-23 09:48:51,-0.00984,0.03318,0.58204,10.0,279.0,-0.00984,-0.00394,-0.00394,0.00394,0.00394,0.00197,0.00394,-0.00394,-0.00394,-0.00394
2023-05-23 09:48:53,-0.00984,0.03353,0.56217,0.0,460.0,-0.00984,-0.00394,-0.00394,0.00394,0.00394,0.00197,0.00394,-0.00394,-0.00394,-0.00394
2023-05-23 09:48:55,-0.00984,0.11435,0.89917,0.0,0.0,-0.00984,-0.00394,-0.00394,0.00394,0.00394,0.00197,0.00394,-0.00394,-0.00394,-0.00394
2023-05-23 09:48:57,-0.00984,0.10275,0.84278,3.0,-95.0,-0.00984,-0.00394,-0.00394,0.00394,0.00394,0.00197,0.00394,-0.00394,-0.00394,-0.00394
2023-05-23 09:48:58,-0.00787,0.19228,0.89995,260.0,377.0,-0.00787,-0.00394,-0.00394,0.00394,0.00394,0.00197,0.00394,-0.00394,-0.00394,-0.00394
2023-05-23 09:49:00,-0.00787,0.18802,0.89032,10.0,198.0,-0.00787,-0.00787,-0.00591,-0.00394,-0.00394,0.00394,0.00394,0.00197,0.00394,-0.00394
2023-05-23 09:49:02,-0.00787,0.03461,0.5159,0.0,0.0,-0.00787,-0.00787,-0.00591,-0.00394,-0.00394,0.00394,0.00394,0.00197,0.00394,-0.00394
2023-05-23 09:49:04,-0.00787,0.04316,0.54841,330.0,1.0,-0.00787,-0.00787,-0.00591,-0.00394,-0.00394,0.00394,0.00394,0.00197,0.00394,-0.00394
2023-05-23 09:49:06,-0.00591,0.35937,1.32579,0.0,501.0,-0.00591,-0.00787,-0.00591,-0.00394,-0.00394,0.00394,0.00394,0.00197,0.00394,-0.00394
2023-05-23 09:49:08,-0.00787,0.17169,0.88665,-38.0,-155.0,-0.00787,-0.00787,-0.00591,-0.00394,-0.00394,0.00394,0.00394,0.00197,0.00394,-0.00394
2023-05-23 09:49:10,-0.00787,0.17702,0.88943,0.0,705.0,-0.00787,-0.00787,-0.00591,-0.00394,-0.00394,0.00394,0.00394,0.00197,0.00394,-0.00394
2023-05-23 09:49:11,-0.00787,0.16674,1.24118,-62991.0,0.0,-0.00787,-0.00787,-0.00591,-0.00394,-0.00394,0.00394,0.00394,0.00197,0.00394,-0.00394
2023-05-23 09:49:13,-0.00197,0.56337,1.54687,0.0,0.0,-0.00197,-0.00787,-0.00591,-0.00394,-0.00394,0.00394,0.00394,0.00197,0.00394,-0.00394
2023-05-23 09:49:15,-0.00394,0.44579,1.32385,0.0,244.0,-0.00394,-0.00787,-0.00591,-0.00394,-0.00394,0.00394,0.00394,0.00197,0.00394,-0.00394
2023-05-23 09:49:17,-0.00394,0.39806,1.27494,352.0,1.0,-0.00394,-0.00787,-0.00591,-0.00394,-0.00394,0.00394,0.00394,0.00197,0.00394,-0.00394
2023-05-23 09:49:19,-0.00394,0.42191,1.28222,78.0,99.0,-0.00394,-0.00787,-0.00591,-0.00394,-0.00394,0.00394,0.00394,0.00197,0.00394,-0.00394
2023-05-23 09:49:21,-0.00394,1.41735,1.65681,10.0,50.0,-0.00394,-0.00787,-0.00591,-0.00394,-0.00394,0.00394,0.00394,0.00197,0.00394,-0.00394
2023-05-23 09:49:23,-0.00197,1.32645,1.64218,0.0,0.0,-0.00197,-0.00787,-0.00591,-0.00394,-0.00394,0.00394,0.00394,0.00197,0.00394,-0.00394
2023-05-23 09:49:24,-0.00394,1.35404,1.68735,80.0,0.0,-0.00394,-0.00787,-0.00591,-0.00394,-0.00394,0.00394,0.00394,0.00197,0.00394,-0.00394
2023-05-23 09:49:26,-0.00197,1.26038,1.68081,1000.0,0.0,-0.00197,-0.00787,-0.00591,-0.00394,-0.00394,0.00394,0.00394,0.00197,0.00394,-0.00394
2023-05-23 09:49:28,-0.00197,1.29484,1.7047,-101.0,1.0,-0.00197,-0.00787,-0.00591,-0.00394,-0.00394,0.00394,0.00394,0.00197,0.00394,-0.00394
2023-05-23 09:49:30,-0.00197,1.15279,1.67316,243.0,0.0,-0.00197,-0.00787,-0.00591,-0.00394,-0.00394,0.00394,0.00394,0.00197,0.00394,-0.00394
2023-05-23 09:49:32,-0.00394,1.15258,1.67427,0.0,1.0,-0.00394,-0.00787,-0.00591,-0.00394,-0.00394,0.00394,0.00394,0.00197,0.00394,-0.00394
2023-05-23 09:49:34,-0.00197,1.44923,1.74476,-113.0,-2014.0,-0.00197,-0.00787,-0.00591,-0.00394,-0.00394,0.00394,0.00394,0.00197,0.00394,-0.00394
2023-05-23 09:49:36,-0.00394,1.47709,1.7757,0.0,50.0,-0.00394,-0.00787,-0.00591,-0.00394,-0.00394,0.00394,0.00394,0.00197,0.00394,-0.00394
2023-05-23 09:49:37,-0.00197,0.67896,1.64051,0.0,0.0,-0.00197,-0.00787,-0.00591,-0.00394,-0.00394,0.00394,0.00394,0.00197,0.00394,-0.00394
2023-05-23 09:49:39,-0.00394,1.83235,1.836,-193.0,-50.0,-0.00394,-0.00787,-0.00591,-0.00394,-0.00394,0.00394,0.00394,0.00197,0.00394,-0.00394
2023-05-23 09:49:41,-0.00394,0.50385,1.46395,63.0,500.0,-0.00394,-0.00787,-0.00591,-0.00394,-0.00394,0.00394,0.00394,0.00197,0.00394,-0.00394
2023-05-23 09:49:43,-0.00394,0.4895,1.45006,0.0,0.0,-0.00394,-0.00787,-0.00591,-0.00394,-0.00394,0.00394,0.00394,0.00197,0.00394,-0.00394
2023-05-23 09:49:45,-0.00394,0.46644,1.46856,9660.0,5.0,-0.00394,-0.00787,-0.00591,-0.00394,-0.00394,0.00394,0.00394,0.00197,0.00394,-0.00394
2023-05-23 09:49:47,-0.00591,0.46326,1.47568,19.0,0.0,-0.00591,-0.00787,-0.00591,-0.00394,-0.00394,0.00394,0.00394,0.00197,0.00394,-0.00394
2023-05-23 09:49:49,-0.00591,0.4724,1.4709,0.0,-306.0,-0.00591,-0.00787,-0.00591,-0.00394,-0.00394,0.00394,0.00394,0.00197,0.00394,-0.00394
2023-05-23 09:49:50,-0.00591,0.48493,1.48301,500.0,0.0,-0.00591,-0.00787,-0.00591,-0.00394,-0.00394,0.00394,0.00394,0.00197,0.00394,-0.00394
2023-05-23 09:49:52,-0.00591,0.49781,1.4744,0.0,10.0,-0.00591,-0.00787,-0.00591,-0.00394,-0.00394,0.00394,0.00394,0.00197,0.00394,-0.00394
2023-05-23 09:49:54,-0.00591,0.46372,1.47554,0.0,-656.0,-0.00591,-0.00787,-0.00591,-0.00394,-0.00394,0.00394,0.00394,0.00197,0.00394,-0.00394
2023-05-23 09:49:56,-0.00591,0.47936,1.47394,0.0,-162.0,-0.00591,-0.00787,-0.00591,-0.00394,-0.00394,0.00394,0.00394,0.00197,0.00394,-0.00394
2023-05-23 09:49:58,-0.00591,0.1686,1.05262,1.0,0.0,-0.00591,-0.00787,-0.00591,-0.00394,-0.00394,0.00394,0.00394,0.00197,0.00394,-0.00394
2023-05-23 09:50:00,-0.00787,0.1658,1.04434,32.0,0.0,-0.00787,-0.00591,-0.00787,-0.00787,-0.00591,-0.00394,-0.00394,0.00394,0.00394,0.00197
2023-05-23 09:50:02,-0.00591,0.17416,1.04871,389.0,0.0,-0.00591,-0.00591,-0.00787,-0.00787,-0.00591,-0.00394,-0.00394,0.00394,0.00394,0.00197
2023-05-23 09:50:03,-0.00787,0.18884,1.05791,-41.0,0.0,-0.00787,-0.00591,-0.00787,-0.00787,-0.00591,-0.00394,-0.00394,0.00394,0.00394,0.00197
2023-05-23 09:50:05,-0.00591,0.2219,1.12827,0.0,0.0,-0.00591,-0.00591,-0.00787,-0.00787,-0.00591,-0.00394,-0.00394,0.00394,0.00394,0.00197
2023-05-23 09:50:07,-0.00787,0.21511,1.1073,0.0,212.0,-0.00787,-0.00591,-0.00787,-0.00787,-0.00591,-0.00394,-0.00394,0.00394,0.00394,0.00197
2023-05-23 09:50:09,-0.00787,0.21796,1.09851,10.0,2103.0,-0.00787,-0.00591,-0.00787,-0.00787,-0.00591,-0.00394,-0.00394,0.00394,0.00394,0.00197
2023-05-23 09:50:11,-0.00787,0.22049,1.11406,250.0,0.0,-0.00787,-0.00591,-0.00787,-0.00787,-0.00591,-0.00394,-0.00394,0.00394,0.00394,0.00197
2023-05-23 09:50:13,-0.00787,0.2236,1.10782,0.0,3.0,-0.00787,-0.00591,-0.00787,-0.00787,-0.00591,-0.00394,-0.00394,0.00394,0.00394,0.00197
2023-05-23 09:50:15,-0.00591,0.22641,1.10608,-777.0,0.0,-0.00591,-0.00591,-0.00787,-0.00787,-0.00591,-0.00394,-0.00394,0.00394,0.00394,0.00197
2023-05-23 09:50:17,-0.00787,0.22632,1.11477,0.0,0.0,-0.00787,-0.00591,-0.00787,-0.00787,-0.00591,-0.00394,-0.00394,0.00394,0.00394,0.00197
2023-05-23 09:50:18,-0.00591,0.24017,1.13455,-100.0,4.0,-0.00591,-0.00591,-0.00787,-0.00787,-0.00591,-0.00394,-0.00394,0.00394,0.00394,0.00197
2023-05-23 09:50:20,-0.00787,0.24632,1.13888,0.0,10.0,-0.00787,-0.00591,-0.00787,-0.00787,-0.00591,-0.00394,-0.00394,0.00394,0.00394,0.00197
2023-05-23 09:50:22,-0.00984,0.09719,0.77982,0.0,0.0,-0.00984,-0.00591,-0.00787,-0.00787,-0.00591,-0.00394,-0.00394,0.00394,0.00394,0.00197
2023-05-23 09:50:24,-0.00787,0.10069,0.78532,0.0,0.0,-0.00787,-0.00591,-0.00787,-0.00787,-0.00591,-0.00394,-0.00394,0.00394,0.00394,0.00197
2023-05-23 09:50:26,-0.00984,0.11728,0.80143,-10.0,0.0,-0.00984,-0.00591,-0.00787,-0.00787,-0.00591,-0.00394,-0.00394,0.00394,0.00394,0.00197
2023-05-23 09:50:28,-0.00984,0.11774,0.80503,-12.0,0.0,-0.00984,-0.00591,-0.00787,-0.00787,-0.00591,-0.00394,-0.00394,0.00394,0.00394,0.00197
2023-05-23 09:50:29,-0.00984,0.12035,0.83242,0.0,951.0,-0.00984,-0.00591,-0.00787,-0.00787,-0.00591,-0.00394,-0.00394,0.00394,0.00394,0.00197
2023-05-23 09:50:31,-0.00984,0.12928,0.8653,0.0,0.0,-0.00984,-0.00591,-0.00787,-0.00787,-0.00591,-0.00394,-0.00394,0.00394,0.00394,0.00197
2023-05-23 09:50:33,-0.00984,0.12872,0.8765,0.0,930.0,-0.00984,-0.00591,-0.00787,-0.00787,-0.00591,-0.00394,-0.00394,0.00394,0.00394,0.00197
2023-05-23 09:50:35,-0.01181,0.0774,0.63202,42.0,0.0,-0.01181,-0.00591,-0.00787,-0.00787,-0.00591,-0.00394,-0.00394,0.00394,0.00394,0.00197
2023-05-23 09:50:37,-0.01181,0.07308,0.62466,0.0,0.0,-0.01181,-0.00591,-0.00787,-0.00787,-0.00591,-0.00394,-0.00394,0.00394,0.00394,0.00197
2023-05-23 09:50:39,-0.00984,0.12069,0.66258,0.0,0.0,-0.00984,-0.00591,-0.00787,-0.00787,-0.00591,-0.00394,-0.00394,0.00394,0.00394,0.00197
2023-05-23 09:50:41,-0.01181,0.12422,0.68357,0.0,-3188.0,-0.01181,-0.00591,-0.00787,-0.00787,-0.00591,-0.00394,-0.00394,0.00394,0.00394,0.00197
2023-05-23 09:50:42,-0.01181,0.13358,0.70999,-107.0,0.0,-0.01181,-0.00591,-0.00787,-0.00787,-0.00591,-0.00394,-0.00394,0.00394,0.00394,0.00197
2023-05-23 09:50:44,-0.00984,0.12224,0.70587,0.0,1.0,-0.00984,-0.00591,-0.00787,-0.00787,-0.00591,-0.00394,-0.00394,0.00394,0.00394,0.00197
2023-05-23 09:50:46,-0.01378,0.13798,0.55782,0.0,-126.0,-0.01378,-0.00591,-0.00787,-0.00787,-0.00591,-0.00394,-0.00394,0.00394,0.00394,0.00197
2023-05-23 09:50:48,-0.01181,0.14697,0.57254,0.0,0.0,-0.01181,-0.00591,-0.00787,-0.00787,-0.00591,-0.00394,-0.00394,0.00394,0.00394,0.00197
2023-05-23 09:50:50,-0.01378,0.16456,0.64168,1048.0,0.0,-0.01378,-0.00591,-0.00787,-0.00787,-0.00591,-0.00394,-0.00394,0.00394,0.00394,0.00197
2023-05-23 09:50:52,-0.01181,0.17898,0.64989,0.0,71.0,-0.01181,-0.00591,-0.00787,-0.00787,-0.00591,-0.00394,-0.00394,0.00394,0.00394,0.00197
2023-05-23 09:50:54,-0.01378,0.1819,0.65352,-1.0,-34.0,-0.01378,-0.00591,-0.00787,-0.00787,-0.00591,-0.00394,-0.00394,0.00394,0.00394,0.00197
2023-05-23 09:50:55,-0.01378,0.18992,0.66893,0.0,-98.0,-0.01378,-0.00591,-0.00787,-0.00787,-0.00591,-0.00394,-0.00394,0.00394,0.00394,0.00197
2023-05-23 09:50:57,-0.01378,0.23837,0.75995,0.0,-91.0,-0.01378,-0.00591,-0.00787,-0.00787,-0.00591,-0.00394,-0.00394,0.00394,0.00394,0.00197
2023-05-23 09:50:59,-0.01575,0.27633,0.55001,99.0,-730.0,-0.01575,-0.00591,-0.00787,-0.00787,-0.00591,-0.00394,-0.00394,0.00394,0.00394,0.00197
2023-05-23 09:51:01,-0.01575,0.35709,0.61569,-193.0,-581.0,-0.01575,-0.01575,-0.01575,-0.00591,-0.00787,-0.00787,-0.00591,-0.00394,-0.00394,0.00394
2023-05-23 09:51:03,-0.01575,0.2584,0.63382,158.0,19962.0,-0.01575,-0.01575,-0.01575,-0.00591,-0.00787,-0.00787,-0.00591,-0.00394,-0.00394,0.00394
2023-05-23 09:51:05,-0.01378,0.24519,0.653,1999.0,20.0,-0.01378,-0.01575,-0.01575,-0.00591,-0.00787,-0.00787,-0.00591,-0.00394,-0.00394,0.00394
2023-05-23 09:51:07,-0.01378,0.21706,0.63362,49.0,629.0,-0.01378,-0.01575,-0.01575,-0.00591,-0.00787,-0.00787,-0.00591,-0.00394,-0.00394,0.00394
2023-05-23 09:51:08,-0.01378,0.19148,0.60188,-308.0,10.0,-0.01378,-0.01575,-0.01575,-0.00591,-0.00787,-0.00787,-0.00591,-0.00394,-0.00394,0.00394
2023-05-23 09:51:11,-0.01378,0.16682,0.56156,-1.0,1.0,-0.01378,-0.01575,-0.01575,-0.00591,-0.00787,-0.00787,-0.00591,-0.00394,-0.00394,0.00394
2023-05-23 09:51:13,-0.01181,0.3953,0.83411,-1.0,-7.0,-0.01181,-0.01575,-0.01575,-0.00591,-0.00787,-0.00787,-0.00591,-0.00394,-0.00394,0.00394
2023-05-23 09:51:15,-0.01378,0.41419,0.8476,1.0,-2726.0,-0.01378,-0.01575,-0.01575,-0.00591,-0.00787,-0.00787,-0.00591,-0.00394,-0.00394,0.00394
2023-05-23 09:51:17,-0.01181,0.41038,0.79966,-300.0,1.0,-0.01181,-0.01575,-0.01575,-0.00591,-0.00787,-0.00787,-0.00591,-0.00394,-0.00394,0.00394
2023-05-23 09:51:19,-0.01181,0.31533,0.68393,0.0,0.0,-0.01181,-0.01575,-0.01575,-0.00591,-0.00787,-0.00787,-0.00591,-0.00394,-0.00394,0.00394
2023-05-23 09:51:21,-0.01378,0.281,0.65935,-8.0,57.0,-0.01378,-0.01575,-0.01575,-0.00591,-0.00787,-0.00787,-0.00591,-0.00394,-0.00394,0.00394
2023-05-23 09:51:23,-0.01181,0.29413,0.67775,56.0,398.0,-0.01181,-0.01575,-0.01575,-0.00591,-0.00787,-0.00787,-0.00591,-0.00394,-0.00394,0.00394
2023-05-23 09:51:24,-0.01378,0.29101,0.69489,1.0,-40.0,-0.01378,-0.01575,-0.01575,-0.00591,-0.00787,-0.00787,-0.00591,-0.00394,-0.00394,0.00394
2023-05-23 09:51:26,-0.01181,0.27876,0.68504,0.0,12.0,-0.01181,-0.01575,-0.01575,-0.00591,-0.00787,-0.00787,-0.00591,-0.00394,-0.00394,0.00394
2023-05-23 09:51:28,-0.01378,0.2635,0.66911,-900.0,-41.0,-0.01378,-0.01575,-0.01575,-0.00591,-0.00787,-0.00787,-0.00591,-0.00394,-0.00394,0.00394
2023-05-23 09:51:31,-0.01181,0.33065,0.85706,-179.0,-152.0,-0.01181,-0.01575,-0.01575,-0.00591,-0.00787,-0.00787,-0.00591,-0.00394,-0.00394,0.00394
2023-05-23 09:51:34,-0.01181,0.31523,0.86945,0.0,0.0,-0.01181,-0.01575,-0.01575,-0.00591,-0.00787,-0.00787,-0.00591,-0.00394,-0.00394,0.00394
2023-05-23 09:51:36,-0.01181,0.32988,0.88869,-10.0,245.0,-0.01181,-0.01575,-0.01575,-0.00591,-0.00787,-0.00787,-0.00591,-0.00394,-0.00394,0.00394
2023-05-23 09:51:38,-0.01181,0.32999,0.90107,26.0,17.0,-0.01181,-0.01575,-0.01575,-0.00591,-0.00787,-0.00787,-0.00591,-0.00394,-0.00394,0.00394
2023-05-23 09:51:39,-0.01181,0.31531,0.89741,1.0,-1.0,-0.01181,-0.01575,-0.01575,-0.00591,-0.00787,-0.00787,-0.00591,-0.00394,-0.00394,0.00394
2023-05-23 09:51:41,-0.00984,0.30255,0.87772,200.0,2000.0,-0.00984,-0.01575,-0.01575,-0.00591,-0.00787,-0.00787,-0.00591,-0.00394,-0.00394,0.00394
2023-05-23 09:51:43,-0.00984,0.24405,0.78649,-497.0,0.0,-0.00984,-0.01575,-0.01575,-0.00591,-0.00787,-0.00787,-0.00591,-0.00394,-0.00394,0.00394
2023-05-23 09:51:45,-0.01181,0.26483,0.81073,-73.0,0.0,-0.01181,-0.01575,-0.01575,-0.00591,-0.00787,-0.00787,-0.00591,-0.00394,-0.00394,0.00394
2023-05-23 09:51:47,-0.00984,0.26377,0.81346,0.0,200.0,-0.00984,-0.01575,-0.01575,-0.00591,-0.00787,-0.00787,-0.00591,-0.00394,-0.00394,0.00394
2023-05-23 09:51:49,-0.01181,0.26238,0.8071,0.0,0.0,-0.01181,-0.01575,-0.01575,-0.00591,-0.00787,-0.00787,-0.00591,-0.00394,-0.00394,0.00394
2023-05-23 09:51:51,-0.01181,0.26103,0.80661,59.0,0.0,-0.01181,-0.01575,-0.01575,-0.00591,-0.00787,-0.00787,-0.00591,-0.00394,-0.00394,0.00394
2023-05-23 09:51:53,-0.00984,0.25896,0.8062,0.0,99.0,-0.00984,-0.01575,-0.01575,-0.00591,-0.00787,-0.00787,-0.00591,-0.00394,-0.00394,0.00394
2023-05-23 09:51:54,-0.00984,0.25381,0.801,616.0,0.0,-0.00984,-0.01575,-0.01575,-0.00591,-0.00787,-0.00787,-0.00591,-0.00394,-0.00394,0.00394
2023-05-23 09:51:56,-0.00984,0.24713,0.80844,0.0,10.0,-0.00984,-0.01575,-0.01575,-0.00591,-0.00787,-0.00787,-0.00591,-0.00394,-0.00394,0.00394
2023-05-23 09:51:58,-0.00984,0.24055,0.8001,100.0,0.0,-0.00984,-0.01575,-0.01575,-0.00591,-0.00787,-0.00787,-0.00591,-0.00394,-0.00394,0.00394
2023-05-23 09:52:00,-0.00984,0.2331,0.82411,0.0,1.0,-0.00984,-0.01181,-0.00984,-0.01575,-0.01575,-0.00591,-0.00787,-0.00787,-0.00591,-0.00394
2023-05-23 09:52:02,-0.00787,0.33877,1.0938,310.0,-2081.0,-0.00787,-0.01181,-0.00984,-0.01575,-0.01575,-0.00591,-0.00787,-0.00787,-0.00591,-0.00394
2023-05-23 09:52:04,-0.00984,0.33786,1.10108,0.0,204.0,-0.00984,-0.01181,-0.00984,-0.01575,-0.01575,-0.00591,-0.00787,-0.00787,-0.00591,-0.00394
2023-05-23 09:52:05,-0.00787,0.32763,1.09363,0.0,120.0,-0.00787,-0.01181,-0.00984,-0.01575,-0.01575,-0.00591,-0.00787,-0.00787,-0.00591,-0.00394
2023-05-23 09:52:07,-0.00787,0.32074,1.0892,200.0,100.0,-0.00787,-0.01181,-0.00984,-0.01575,-0.01575,-0.00591,-0.00787,-0.00787,-0.00591,-0.00394
2023-05-23 09:52:09,-0.00984,0.33024,1.10005,0.0,-100.0,-0.00984,-0.01181,-0.00984,-0.01575,-0.01575,-0.00591,-0.00787,-0.00787,-0.00591,-0.00394
2023-05-23 09:52:11,-0.00787,0.33452,1.09007,-1.0,-40.0,-0.00787,-0.01181,-0.00984,-0.01575,-0.01575,-0.00591,-0.00787,-0.00787,-0.00591,-0.00394
2023-05-23 09:52:13,-0.00984,0.27998,0.87405,1160.0,1.0,-0.00984,-0.01181,-0.00984,-0.01575,-0.01575,-0.00591,-0.00787,-0.00787,-0.00591,-0.00394
2023-05-23 09:52:15,-0.00984,0.27968,0.87398,8.0,2.0,-0.00984,-0.01181,-0.00984,-0.01575,-0.01575,-0.00591,-0.00787,-0.00787,-0.00591,-0.00394
2023-05-23 09:52:17,-0.00984,0.25891,0.85518,1036.0,0.0,-0.00984,-0.01181,-0.00984,-0.01575,-0.01575,-0.00591,-0.00787,-0.00787,-0.00591,-0.00394
2023-05-23 09:52:18,-0.01181,0.25626,0.86069,30.0,-92.0,-0.01181,-0.01181,-0.00984,-0.01575,-0.01575,-0.00591,-0.00787,-0.00787,-0.00591,-0.00394
2023-05-23 09:52:20,-0.00984,0.30502,0.94627,-50.0,0.0,-0.00984,-0.01181,-0.00984,-0.01575,-0.01575,-0.00591,-0.00787,-0.00787,-0.00591,-0.00394
2023-05-23 09:52:22,-0.01181,0.30149,0.94086,21.0,0.0,-0.01181,-0.01181,-0.00984,-0.01575,-0.01575,-0.00591,-0.00787,-0.00787,-0.00591,-0.00394
2023-05-23 09:52:24,-0.01181,0.30047,0.93079,0.0,199.0,-0.01181,-0.01181,-0.00984,-0.01575,-0.01575,-0.00591,-0.00787,-0.00787,-0.00591,-0.00394
2023-05-23 09:52:26,-0.00984,0.39831,1.16937,0.0,-186.0,-0.00984,-0.01181,-0.00984,-0.01575,-0.01575,-0.00591,-0.00787,-0.00787,-0.00591,-0.00394
2023-05-23 09:52:28,-0.00984,0.40419,1.17442,0.0,-150.0,-0.00984,-0.01181,-0.00984,-0.01575,-0.01575,-0.00591,-0.00787,-0.00787,-0.00591,-0.00394
2023-05-23 09:52:29,-0.00984,0.39955,1.21433,192.0,100.0,-0.00984,-0.01181,-0.00984,-0.01575,-0.01575,-0.00591,-0.00787,-0.00787,-0.00591,-0.00394
2023-05-23 09:52:31,-0.00984,0.39915,1.27505,100.0,0.0,-0.00984,-0.01181,-0.00984,-0.01575,-0.01575,-0.00591,-0.00787,-0.00787,-0.00591,-0.00394
2023-05-23 09:52:33,-0.00787,0.4256,1.30841,0.0,100.0,-0.00787,-0.01181,-0.00984,-0.01575,-0.01575,-0.00591,-0.00787,-0.00787,-0.00591,-0.00394
2023-05-23 09:52:35,-0.01181,0.3034,1.02252,410.0,0.0,-0.01181,-0.01181,-0.00984,-0.01575,-0.01575,-0.00591,-0.00787,-0.00787,-0.00591,-0.00394
2023-05-23 09:52:37,-0.00984,0.31992,1.03396,56.0,200.0,-0.00984,-0.01181,-0.00984,-0.01575,-0.01575,-0.00591,-0.00787,-0.00787,-0.00591,-0.00394
2023-05-23 09:52:39,-0.01181,0.31438,1.02238,-400.0,0.0,-0.01181,-0.01181,-0.00984,-0.01575,-0.01575,-0.00591,-0.00787,-0.00787,-0.00591,-0.00394
2023-05-23 09:52:41,-0.00984,0.31818,1.02883,226.0,0.0,-0.00984,-0.01181,-0.00984,-0.01575,-0.01575,-0.00591,-0.00787,-0.00787,-0.00591,-0.00394
2023-05-23 09:52:42,-0.01181,0.33309,1.03613,0.0,-181.0,-0.01181,-0.01181,-0.00984,-0.01575,-0.01575,-0.00591,-0.00787,-0.00787,-0.00591,-0.00394
2023-05-23 09:52:44,-0.00984,0.5107,1.38139,0.0,10.0,-0.00984,-0.01181,-0.00984,-0.01575,-0.01575,-0.00591,-0.00787,-0.00787,-0.00591,-0.00394
2023-05-23 09:52:46,-0.00984,0.32373,1.04087,-48312.0,9938.0,-0.00984,-0.01181,-0.00984,-0.01575,-0.01575,-0.00591,-0.00787,-0.00787,-0.00591,-0.00394
2023-05-23 09:52:48,-0.00984,0.3444,1.05171,-29.0,-21.0,-0.00984,-0.01181,-0.00984,-0.01575,-0.01575,-0.00591,-0.00787,-0.00787,-0.00591,-0.00394
2023-05-23 09:52:50,-0.01181,0.34183,1.04694,120.0,0.0,-0.01181,-0.01181,-0.00984,-0.01575,-0.01575,-0.00591,-0.00787,-0.00787,-0.00591,-0.00394
2023-05-23 09:52:52,-0.01181,0.38592,1.08539,1392.0,-1044.0,-0.01181,-0.01181,-0.00984,-0.01575,-0.01575,-0.00591,-0.00787,-0.00787,-0.00591,-0.00394
2023-05-23 09:52:53,-0.01181,0.3866,1.08902,0.0,0.0,-0.01181,-0.01181,-0.00984,-0.01575,-0.01575,-0.00591,-0.00787,-0.00787,-0.00591,-0.00394
2023-05-23 09:52:55,-0.00984,0.33944,1.05952,-198.0,-198.0,-0.00984,-0.01181,-0.00984,-0.01575,-0.01575,-0.00591,-0.00787,-0.00787,-0.00591,-0.00394
2023-05-23 09:52:57,-0.00984,0.48533,1.35281,0.0,1.0,-0.00984,-0.01181,-0.00984,-0.01575,-0.01575,-0.00591,-0.00787,-0.00787,-0.00591,-0.00394
2023-05-23 09:52:59,-0.01181,0.39932,1.28664,0.0,0.0,-0.01181,-0.01181,-0.00984,-0.01575,-0.01575,-0.00591,-0.00787,-0.00787,-0.00591,-0.00394
2023-05-23 09:53:01,-0.01181,0.32009,1.04715,0.0,0.0,-0.01181,-0.00984,-0.01181,-0.01181,-0.00984,-0.01575,-0.01575,-0.00591,-0.00787,-0.00787
2023-05-23 09:53:03,-0.00984,0.31853,1.04599,131.0,0.0,-0.00984,-0.00984,-0.01181,-0.01181,-0.00984,-0.01575,-0.01575,-0.00591,-0.00787,-0.00787
2023-05-23 09:53:04,-0.01181,0.33494,1.05595,1000.0,-1.0,-0.01181,-0.00984,-0.01181,-0.01181,-0.00984,-0.01575,-0.01575,-0.00591,-0.00787,-0.00787
2023-05-23 09:53:06,-0.00984,0.34084,1.05109,10.0,0.0,-0.00984,-0.00984,-0.01181,-0.01181,-0.00984,-0.01575,-0.01575,-0.00591,-0.00787,-0.00787
2023-05-23 09:53:08,-0.00984,0.34141,1.05955,-1.0,0.0,-0.00984,-0.00984,-0.01181,-0.01181,-0.00984,-0.01575,-0.01575,-0.00591,-0.00787,-0.00787
2023-05-23 09:53:10,-0.01181,0.33709,1.03884,0.0,5347.0,-0.01181,-0.00984,-0.01181,-0.01181,-0.00984,-0.01575,-0.01575,-0.00591,-0.00787,-0.00787
2023-05-23 09:53:12,-0.01181,0.3366,1.03437,199.0,0.0,-0.01181,-0.00984,-0.01181,-0.01181,-0.00984,-0.01575,-0.01575,-0.00591,-0.00787,-0.00787
2023-05-23 09:53:14,-0.00984,0.33734,1.03544,0.0,0.0,-0.00984,-0.00984,-0.01181,-0.01181,-0.00984,-0.01575,-0.01575,-0.00591,-0.00787,-0.00787
2023-05-23 09:53:16,-0.01181,0.35049,1.05555,0.0,-20.0,-0.01181,-0.00984,-0.01181,-0.01181,-0.00984,-0.01575,-0.01575,-0.00591,-0.00787,-0.00787
2023-05-23 09:53:17,-0.01181,0.35355,1.06949,0.0,779.0,-0.01181,-0.00984,-0.01181,-0.01181,-0.00984,-0.01575,-0.01575,-0.00591,-0.00787,-0.00787
2023-05-23 09:53:19,-0.01181,0.38979,1.09491,-201.0,0.0,-0.01181,-0.00984,-0.01181,-0.01181,-0.00984,-0.01575,-0.01575,-0.00591,-0.00787,-0.00787
2023-05-23 09:53:21,-0.01181,0.42408,1.13492,0.0,-64.0,-0.01181,-0.00984,-0.01181,-0.01181,-0.00984,-0.01575,-0.01575,-0.00591,-0.00787,-0.00787
2023-05-23 09:53:23,-0.01181,0.43592,1.14714,0.0,1.0,-0.01181,-0.00984,-0.01181,-0.01181,-0.00984,-0.01575,-0.01575,-0.00591,-0.00787,-0.00787
2023-05-23 09:53:25,-0.01181,0.46079,1.15804,0.0,0.0,-0.01181,-0.00984,-0.01181,-0.01181,-0.00984,-0.01575,-0.01575,-0.00591,-0.00787,-0.00787
2023-05-23 09:53:27,-0.01181,0.45609,1.19677,-4.0,0.0,-0.01181,-0.00984,-0.01181,-0.01181,-0.00984,-0.01575,-0.01575,-0.00591,-0.00787,-0.00787
2023-05-23 09:53:28,-0.01181,0.39316,1.17307,432.0,-100.0,-0.01181,-0.00984,-0.01181,-0.01181,-0.00984,-0.01575,-0.01575,-0.00591,-0.00787,-0.00787
2023-05-23 09:53:30,-0.01181,0.40088,1.1824,0.0,7.0,-0.01181,-0.00984,-0.01181,-0.01181,-0.00984,-0.01575,-0.01575,-0.00591,-0.00787,-0.00787
2023-05-23 09:53:32,-0.01181,0.40967,1.18936,0.0,0.0,-0.01181,-0.00984,-0.01181,-0.01181,-0.00984,-0.01575,-0.01575,-0.00591,-0.00787,-0.00787
2023-05-23 09:53:34,-0.01181,0.39179,1.1834,0.0,0.0,-0.01181,-0.00984,-0.01181,-0.01181,-0.00984,-0.01575,-0.01575,-0.00591,-0.00787,-0.00787
2023-05-23 09:53:36,-0.00984,0.39026,1.18449,0.0,0.0,-0.00984,-0.00984,-0.01181,-0.01181,-0.00984,-0.01575,-0.01575,-0.00591,-0.00787,-0.00787
2023-05-23 09:53:38,-0.01181,0.2855,0.88334,-20.0,-20.0,-0.01181,-0.00984,-0.01181,-0.01181,-0.00984,-0.01575,-0.01575,-0.00591,-0.00787,-0.00787
2023-05-23 09:53:40,-0.01378,0.29494,0.891,0.0,-66.0,-0.01378,-0.00984,-0.01181,-0.01181,-0.00984,-0.01575,-0.01575,-0.00591,-0.00787,-0.00787
2023-05-23 09:53:41,-0.01378,0.29599,0.89188,0.0,-1.0,-0.01378,-0.00984,-0.01181,-0.01181,-0.00984,-0.01575,-0.01575,-0.00591,-0.00787,-0.00787
2023-05-23 09:53:43,-0.01181,0.32392,0.91125,0.0,0.0,-0.01181,-0.00984,-0.01181,-0.01181,-0.00984,-0.01575,-0.01575,-0.00591,-0.00787,-0.00787
2023-05-23 09:53:45,-0.01378,0.3103,0.88318,0.0,-27.0,-0.01378,-0.00984,-0.01181,-0.01181,-0.00984,-0.01575,-0.01575,-0.00591,-0.00787,-0.00787
2023-05-23 09:53:47,-0.01378,0.32862,0.88599,169.0,0.0,-0.01378,-0.00984,-0.01181,-0.01181,-0.00984,-0.01575,-0.01575,-0.00591,-0.00787,-0.00787
2023-05-23 09:53:49,-0.01378,0.32956,0.88742,0.0,50.0,-0.01378,-0.00984,-0.01181,-0.01181,-0.00984,-0.01575,-0.01575,-0.00591,-0.00787,-0.00787
2023-05-23 09:53:51,-0.01378,0.33087,0.88539,0.0,-17.0,-0.01378,-0.00984,-0.01181,-0.01181,-0.00984,-0.01575,-0.01575,-0.00591,-0.00787,-0.00787
2023-05-23 09:53:52,-0.01378,0.32386,0.8675,0.0,-401.0,-0.01378,-0.00984,-0.01181,-0.01181,-0.00984,-0.01575,-0.01575,-0.00591,-0.00787,-0.00787
2023-05-23 09:53:54,-0.01378,0.32044,0.87168,0.0,-37.0,-0.01378,-0.00984,-0.01181,-0.01181,-0.00984,-0.01575,-0.01575,-0.00591,-0.00787,-0.00787
2023-05-23 09:53:56,-0.01181,0.321,0.8723,160.0,-190.0,-0.01181,-0.00984,-0.01181,-0.01181,-0.00984,-0.01575,-0.01575,-0.00591,-0.00787,-0.00787
2023-05-23 09:53:58,-0.01181,0.3439,0.8881,-500.0,0.0,-0.01181,-0.00984,-0.01181,-0.01181,-0.00984,-0.01575,-0.01575,-0.00591,-0.00787,-0.00787
2023-05-23 09:54:00,-0.01378,0.35841,0.89767,1.0,0.0,-0.01378,-0.01378,-0.01181,-0.00984,-0.01181,-0.01181,-0.00984,-0.01575,-0.01575,-0.00591
2023-05-23 09:54:02,-0.01181,0.34446,0.88372,28.0,3055.0,-0.01181,-0.01378,-0.01181,-0.00984,-0.01181,-0.01181,-0.00984,-0.01575,-0.01575,-0.00591
2023-05-23 09:54:04,-0.01181,0.44073,1.19935,-1.0,-100.0,-0.01181,-0.01378,-0.01181,-0.00984,-0.01181,-0.01181,-0.00984,-0.01575,-0.01575,-0.00591
2023-05-23 09:54:05,-0.00984,0.45761,1.20522,-402.0,0.0,-0.00984,-0.01378,-0.01181,-0.00984,-0.01181,-0.01181,-0.00984,-0.01575,-0.01575,-0.00591
2023-05-23 09:54:07,-0.00984,0.48206,1.23907,-100.0,0.0,-0.00984,-0.01378,-0.01181,-0.00984,-0.01181,-0.01181,-0.00984,-0.01575,-0.01575,-0.00591
2023-05-23 09:54:09,-0.00984,0.48737,1.23862,0.0,100.0,-0.00984,-0.01378,-0.01181,-0.00984,-0.01181,-0.01181,-0.00984,-0.01575,-0.01575,-0.00591
2023-05-23 09:54:11,-0.00984,0.70176,1.46311,0.0,1.0,-0.00984,-0.01378,-0.01181,-0.00984,-0.01181,-0.01181,-0.00984,-0.01575,-0.01575,-0.00591
2023-05-23 09:54:13,-0.00984,0.60254,1.36571,-1067.0,10.0,-0.00984,-0.01378,-0.01181,-0.00984,-0.01181,-0.01181,-0.00984,-0.01575,-0.01575,-0.00591
2023-05-23 09:54:15,-0.00984,0.59921,1.37176,-1.0,0.0,-0.00984,-0.01378,-0.01181,-0.00984,-0.01181,-0.01181,-0.00984,-0.01575,-0.01575,-0.00591
2023-05-23 09:54:17,-0.00787,0.87314,1.72955,0.0,19.0,-0.00787,-0.01378,-0.01181,-0.00984,-0.01181,-0.01181,-0.00984,-0.01575,-0.01575,-0.00591
2023-05-23 09:54:19,-0.01181,0.63291,1.62892,0.0,-403.0,-0.01181,-0.01378,-0.01181,-0.00984,-0.01181,-0.01181,-0.00984,-0.01575,-0.01575,-0.00591
2023-05-23 09:54:20,-0.00984,0.86686,1.73088,0.0,-19.0,-0.00984,-0.01378,-0.01181,-0.00984,-0.01181,-0.01181,-0.00984,-0.01575,-0.01575,-0.00591
2023-05-23 09:54:22,-0.00787,0.87292,1.75319,0.0,10.0,-0.00787,-0.01378,-0.01181,-0.00984,-0.01181,-0.01181,-0.00984,-0.01575,-0.01575,-0.00591
2023-05-23 09:54:24,-0.00984,0.88355,1.75488,0.0,500.0,-0.00984,-0.01378,-0.01181,-0.00984,-0.01181,-0.01181,-0.00984,-0.01575,-0.01575,-0.00591
2023-05-23 09:54:26,-0.00984,0.49714,1.32067,-50.0,0.0,-0.00984,-0.01378,-0.01181,-0.00984,-0.01181,-0.01181,-0.00984,-0.01575,-0.01575,-0.00591
2023-05-23 09:54:28,-0.00984,0.51277,1.33119,-100.0,0.0,-0.00984,-0.01378,-0.01181,-0.00984,-0.01181,-0.01181,-0.00984,-0.01575,-0.01575,-0.00591
2023-05-23 09:54:30,-0.00984,0.51241,1.33174,-179.0,0.0,-0.00984,-0.01378,-0.01181,-0.00984,-0.01181,-0.01181,-0.00984,-0.01575,-0.01575,-0.00591
2023-05-23 09:54:31,-0.00984,0.50182,1.3192,-1683.0,2.0,-0.00984,-0.01378,-0.01181,-0.00984,-0.01181,-0.01181,-0.00984,-0.01575,-0.01575,-0.00591
2023-05-23 09:54:33,-0.01181,0.51286,1.32631,0.0,2.0,-0.01181,-0.01378,-0.01181,-0.00984,-0.01181,-0.01181,-0.00984,-0.01575,-0.01575,-0.00591
2023-05-23 09:54:35,-0.00984,0.50198,1.327,-1.0,0.0,-0.00984,-0.01378,-0.01181,-0.00984,-0.01181,-0.01181,-0.00984,-0.01575,-0.01575,-0.00591
2023-05-23 09:54:37,-0.00984,0.51308,1.3346,0.0,30.0,-0.00984,-0.01378,-0.01181,-0.00984,-0.01181,-0.01181,-0.00984,-0.01575,-0.01575,-0.00591
2023-05-23 09:54:40,-0.00984,0.5103,1.34225,0.0,500.0,-0.00984,-0.01378,-0.01181,-0.00984,-0.01181,-0.01181,-0.00984,-0.01575,-0.01575,-0.00591
2023-05-23 09:54:43,-0.01181,0.49776,1.33636,0.0,-50.0,-0.01181,-0.01378,-0.01181,-0.00984,-0.01181,-0.01181,-0.00984,-0.01575,-0.01575,-0.00591
2023-05-23 09:54:45,-0.01181,0.51982,1.36175,0.0,100.0,-0.01181,-0.01378,-0.01181,-0.00984,-0.01181,-0.01181,-0.00984,-0.01575,-0.01575,-0.00591
2023-05-23 09:54:46,-0.00984,0.52542,1.36626,0.0,0.0,-0.00984,-0.01378,-0.01181,-0.00984,-0.01181,-0.01181,-0.00984,-0.01575,-0.01575,-0.00591
2023-05-23 09:54:48,-0.01181,0.56229,1.37851,0.0,1.0,-0.01181,-0.01378,-0.01181,-0.00984,-0.01181,-0.01181,-0.00984,-0.01575,-0.01575,-0.00591
2023-05-23 09:54:50,-0.00984,0.67162,1.41748,-97.0,107.0,-0.00984,-0.01378,-0.01181,-0.00984,-0.01181,-0.01181,-0.00984,-0.01575,-0.01575,-0.00591
2023-05-23 09:54:52,-0.01181,0.67981,1.42194,0.0,0.0,-0.01181,-0.01378,-0.01181,-0.00984,-0.01181,-0.01181,-0.00984,-0.01575,-0.01575,-0.00591
2023-05-23 09:54:54,-0.01181,0.68821,1.42927,0.0,0.0,-0.01181,-0.01378,-0.01181,-0.00984,-0.01181,-0.01181,-0.00984,-0.01575,-0.01575,-0.00591
2023-05-23 09:54:56,-0.00984,0.69403,1.43159,0.0,398.0,-0.00984,-0.01378,-0.01181,-0.00984,-0.01181,-0.01181,-0.00984,-0.01575,-0.01575,-0.00591
2023-05-23 09:54:58,-0.01181,0.70298,1.45249,0.0,35.0,-0.01181,-0.01378,-0.01181,-0.00984,-0.01181,-0.01181,-0.00984,-0.01575,-0.01575,-0.00591
2023-05-23 09:54:59,-0.01181,0.72706,1.46978,0.0,10.0,-0.01181,-0.01181,-0.01181,-0.00984,-0.01181,-0.01181,-0.00984,-0.01575,-0.01575,-0.00591
2023-05-23 09:55:01,-0.01181,0.75432,1.48825,0.0,-63.0,-0.01181,-0.01181,-0.01181,-0.01378,-0.01181,-0.00984,-0.01181,-0.01181,-0.00984,-0.01575
2023-05-23 09:55:03,-0.00984,0.75247,1.48811,-1.0,0.0,-0.00984,-0.01181,-0.01181,-0.01378,-0.01181,-0.00984,-0.01181,-0.01181,-0.00984,-0.01575
2023-05-23 09:55:05,-0.01181,0.75458,1.49204,0.0,0.0,-0.01181,-0.01181,-0.01181,-0.01378,-0.01181,-0.00984,-0.01181,-0.01181,-0.00984,-0.01575
2023-05-23 09:55:07,-0.00984,0.52165,1.08211,-40727.0,0.0,-0.00984,-0.01181,-0.01181,-0.01378,-0.01181,-0.00984,-0.01181,-0.01181,-0.00984,-0.01575
2023-05-23 09:55:09,-0.00984,0.5228,1.08238,0.0,5.0,-0.00984,-0.01181,-0.01181,-0.01378,-0.01181,-0.00984,-0.01181,-0.01181,-0.00984,-0.01575
2023-05-23 09:55:11,-0.01378,0.52123,1.08126,0.0,312.0,-0.01378,-0.01181,-0.01181,-0.01378,-0.01181,-0.00984,-0.01181,-0.01181,-0.00984,-0.01575
2023-05-23 09:55:13,-0.01181,0.524,1.08391,-210.0,-215.0,-0.01181,-0.01181,-0.01181,-0.01378,-0.01181,-0.00984,-0.01181,-0.01181,-0.00984,-0.01575
2023-05-23 09:55:14,-0.01181,0.52283,1.08079,0.0,-10.0,-0.01181,-0.01181,-0.01181,-0.01378,-0.01181,-0.00984,-0.01181,-0.01181,-0.00984,-0.01575
2023-05-23 09:55:16,-0.01378,0.54421,1.09137,96.0,-106.0,-0.01378,-0.01181,-0.01181,-0.01378,-0.01181,-0.00984,-0.01181,-0.01181,-0.00984,-0.01575
2023-05-23 09:55:18,-0.01181,0.57726,1.11285,0.0,10.0,-0.01181,-0.01181,-0.01181,-0.01378,-0.01181,-0.00984,-0.01181,-0.01181,-0.00984,-0.01575
2023-05-23 09:55:20,-0.01181,0.59949,1.12286,-2.0,110.0,-0.01181,-0.01181,-0.01181,-0.01378,-0.01181,-0.00984,-0.01181,-0.01181,-0.00984,-0.01575
2023-05-23 09:55:22,-0.01378,0.62392,1.14863,0.0,349.0,-0.01378,-0.01181,-0.01181,-0.01378,-0.01181,-0.00984,-0.01181,-0.01181,-0.00984,-0.01575
2023-05-23 09:55:24,-0.01181,0.6275,1.15314,566.0,0.0,-0.01181,-0.01181,-0.01181,-0.01378,-0.01181,-0.00984,-0.01181,-0.01181,-0.00984,-0.01575
2023-05-23 09:55:25,-0.01378,0.64763,1.1583,0.0,-5.0,-0.01378,-0.01181,-0.01181,-0.01378,-0.01181,-0.00984,-0.01181,-0.01181,-0.00984,-0.01575
2023-05-23 09:55:27,-0.01181,0.54746,1.06756,19.0,0.0,-0.01181,-0.01181,-0.01181,-0.01378,-0.01181,-0.00984,-0.01181,-0.01181,-0.00984,-0.01575
2023-05-23 09:55:29,-0.01378,0.55657,1.0693,0.0,50.0,-0.01378,-0.01181,-0.01181,-0.01378,-0.01181,-0.00984,-0.01181,-0.01181,-0.00984,-0.01575
2023-05-23 09:55:31,-0.01378,0.56775,1.07263,369.0,0.0,-0.01378,-0.01181,-0.01181,-0.01378,-0.01181,-0.00984,-0.01181,-0.01181,-0.00984,-0.01575
2023-05-23 09:55:33,-0.01378,0.52633,1.05333,0.0,-250.0,-0.01378,-0.01181,-0.01181,-0.01378,-0.01181,-0.00984,-0.01181,-0.01181,-0.00984,-0.01575
2023-05-23 09:55:35,-0.01378,0.5344,1.06034,0.0,0.0,-0.01378,-0.01181,-0.01181,-0.01378,-0.01181,-0.00984,-0.01181,-0.01181,-0.00984,-0.01575
2023-05-23 09:55:37,-0.01378,0.60606,1.28577,0.0,119.0,-0.01378,-0.01181,-0.01181,-0.01378,-0.01181,-0.00984,-0.01181,-0.01181,-0.00984,-0.01575
2023-05-23 09:55:39,-0.01378,0.62374,1.31061,0.0,1.0,-0.01378,-0.01181,-0.01181,-0.01378,-0.01181,-0.00984,-0.01181,-0.01181,-0.00984,-0.01575
2023-05-23 09:55:40,-0.01181,0.78164,1.49288,0.0,-196.0,-0.01181,-0.01181,-0.01181,-0.01378,-0.01181,-0.00984,-0.01181,-0.01181,-0.00984,-0.01575
2023-05-23 09:55:42,-0.01181,0.78165,1.49324,0.0,-524.0,-0.01181,-0.01181,-0.01181,-0.01378,-0.01181,-0.00984,-0.01181,-0.01181,-0.00984,-0.01575
2023-05-23 09:55:44,-0.01181,0.76996,1.48962,1.0,0.0,-0.01181,-0.01181,-0.01181,-0.01378,-0.01181,-0.00984,-0.01181,-0.01181,-0.00984,-0.01575
2023-05-23 09:55:46,-0.01181,0.78368,1.50263,0.0,-11.0,-0.01181,-0.01181,-0.01181,-0.01378,-0.01181,-0.00984,-0.01181,-0.01181,-0.00984,-0.01575
2023-05-23 09:55:48,-0.00984,0.79429,1.50865,121.0,0.0,-0.00984,-0.01181,-0.01181,-0.01378,-0.01181,-0.00984,-0.01181,-0.01181,-0.00984,-0.01575
2023-05-23 09:55:50,-0.01181,0.79546,1.51111,0.0,-1.0,-0.01181,-0.01181,-0.01181,-0.01378,-0.01181,-0.00984,-0.01181,-0.01181,-0.00984,-0.01575
2023-05-23 09:55:52,-0.01181,1.02493,1.67488,0.0,500.0,-0.01181,-0.01181,-0.01181,-0.01378,-0.01181,-0.00984,-0.01181,-0.01181,-0.00984,-0.01575
2023-05-23 09:55:53,-0.01378,0.91976,1.30719,195.0,0.0,-0.01378,-0.01181,-0.01181,-0.01378,-0.01181,-0.00984,-0.01181,-0.01181,-0.00984,-0.01575
2023-05-23 09:55:55,-0.01181,0.99704,1.3427,873.0,-100.0,-0.01181,-0.01181,-0.01181,-0.01378,-0.01181,-0.00984,-0.01181,-0.01181,-0.00984,-0.01575
2023-05-23 09:55:57,-0.01378,1.0254,1.36253,1600.0,6.0,-0.01378,-0.01181,-0.01181,-0.01378,-0.01181,-0.00984,-0.01181,-0.01181,-0.00984,-0.01575
2023-05-23 09:55:59,-0.01378,1.16526,1.44411,253.0,0.0,-0.01378,-0.01181,-0.01181,-0.01378,-0.01181,-0.00984,-0.01181,-0.01181,-0.00984,-0.01575
2023-05-23 09:56:01,-0.01378,1.19917,1.47064,-12.0,7.0,-0.01378,-0.01378,-0.01378,-0.01181,-0.01181,-0.01378,-0.01181,-0.00984,-0.01181,-0.01181
2023-05-23 09:56:03,-0.01378,0.76912,1.12356,207.0,10.0,-0.01378,-0.01378,-0.01378,-0.01181,-0.01181,-0.01378,-0.01181,-0.00984,-0.01181,-0.01181
2023-05-23 09:56:04,-0.01575,0.77932,1.12842,0.0,-50.0,-0.01575,-0.01378,-0.01378,-0.01181,-0.01181,-0.01378,-0.01181,-0.00984,-0.01181,-0.01181
2023-05-23 09:56:06,-0.01378,0.75417,1.11166,11.0,0.0,-0.01378,-0.01378,-0.01378,-0.01181,-0.01181,-0.01378,-0.01181,-0.00984,-0.01181,-0.01181
2023-05-23 09:56:08,-0.01378,0.76477,1.08196,0.0,-500.0,-0.01378,-0.01378,-0.01378,-0.01181,-0.01181,-0.01378,-0.01181,-0.00984,-0.01181,-0.01181
2023-05-23 09:56:10,-0.01575,0.8025,1.10329,0.0,-29.0,-0.01575,-0.01378,-0.01378,-0.01181,-0.01181,-0.01378,-0.01181,-0.00984,-0.01181,-0.01181
2023-05-23 09:56:12,-0.01575,0.85889,1.12688,0.0,31.0,-0.01575,-0.01378,-0.01378,-0.01181,-0.01181,-0.01378,-0.01181,-0.00984,-0.01181,-0.01181
2023-05-23 09:56:14,-0.01575,0.92657,1.16167,0.0,2.0,-0.01575,-0.01378,-0.01378,-0.01181,-0.01181,-0.01378,-0.01181,-0.00984,-0.01181,-0.01181
2023-05-23 09:56:16,-0.01575,0.94904,1.17675,0.0,-950.0,-0.01575,-0.01378,-0.01378,-0.01181,-0.01181,-0.01378,-0.01181,-0.00984,-0.01181,-0.01181
2023-05-23 09:56:18,-0.01575,0.7727,0.75911,0.0,-242.0,-0.01575,-0.01378,-0.01378,-0.01181,-0.01181,-0.01378,-0.01181,-0.00984,-0.01181,-0.01181
2023-05-23 09:56:19,-0.01673,0.81991,0.77545,50.0,-38.0,-0.01673,-0.01378,-0.01378,-0.01181,-0.01181,-0.01378,-0.01181,-0.00984,-0.01181,-0.01181
2023-05-23 09:56:21,-0.01673,0.51915,0.60398,-18077.0,1202.0,-0.01673,-0.01378,-0.01378,-0.01181,-0.01181,-0.01378,-0.01181,-0.00984,-0.01181,-0.01181
2023-05-23 09:56:23,-0.01772,0.59122,0.62873,0.0,-1.0,-0.01772,-0.01378,-0.01378,-0.01181,-0.01181,-0.01378,-0.01181,-0.00984,-0.01181,-0.01181
2023-05-23 09:56:25,-0.01772,0.5992,0.63178,0.0,-40.0,-0.01772,-0.01378,-0.01378,-0.01181,-0.01181,-0.01378,-0.01181,-0.00984,-0.01181,-0.01181
2023-05-23 09:56:27,-0.01772,0.66904,0.65254,0.0,2.0,-0.01772,-0.01378,-0.01378,-0.01181,-0.01181,-0.01378,-0.01181,-0.00984,-0.01181,-0.01181
2023-05-23 09:56:29,-0.0187,0.2583,0.61644,0.0,-475.0,-0.0187,-0.01378,-0.01378,-0.01181,-0.01181,-0.01378,-0.01181,-0.00984,-0.01181,-0.01181
2023-05-23 09:56:30,-0.0187,0.39325,0.6581,75.0,-500.0,-0.0187,-0.01378,-0.01378,-0.01181,-0.01181,-0.01378,-0.01181,-0.00984,-0.01181,-0.01181
2023-05-23 09:56:32,-0.0187,0.42421,0.66823,8658.0,-5809.0,-0.0187,-0.01378,-0.01378,-0.01181,-0.01181,-0.01378,-0.01181,-0.00984,-0.01181,-0.01181
2023-05-23 09:56:34,-0.02067,0.12798,0.6035,0.0,-79.0,-0.02067,-0.01378,-0.01378,-0.01181,-0.01181,-0.01378,-0.01181,-0.00984,-0.01181,-0.01181
2023-05-23 09:56:36,-0.02067,0.12623,0.59829,0.0,-140.0,-0.02067,-0.01378,-0.01378,-0.01181,-0.01181,-0.01378,-0.01181,-0.00984,-0.01181,-0.01181
2023-05-23 09:56:38,-0.01969,0.32848,0.61657,0.0,1137.0,-0.01969,-0.01378,-0.01378,-0.01181,-0.01181,-0.01378,-0.01181,-0.00984,-0.01181,-0.01181
2023-05-23 09:56:40,-0.02067,0.09349,0.63179,-49.0,-1999.0,-0.02067,-0.01378,-0.01378,-0.01181,-0.01181,-0.01378,-0.01181,-0.00984,-0.01181,-0.01181
2023-05-23 09:56:42,-0.02165,0.09903,0.64386,-6741.0,74.0,-0.02165,-0.01378,-0.01378,-0.01181,-0.01181,-0.01378,-0.01181,-0.00984,-0.01181,-0.01181
2023-05-23 09:56:43,-0.02165,0.19358,0.68445,63.0,-39.0,-0.02165,-0.01378,-0.01378,-0.01181,-0.01181,-0.01378,-0.01181,-0.00984,-0.01181,-0.01181
2023-05-23 09:56:45,-0.02264,0.10346,0.48996,60.0,0.0,-0.02264,-0.01378,-0.01378,-0.01181,-0.01181,-0.01378,-0.01181,-0.00984,-0.01181,-0.01181
2023-05-23 09:56:47,-0.02264,0.16751,0.54268,0.0,-312.0,-0.02264,-0.01378,-0.01378,-0.01181,-0.01181,-0.01378,-0.01181,-0.00984,-0.01181,-0.01181
2023-05-23 09:56:49,-0.02461,0.31279,0.52309,45.0,-1154.0,-0.02461,-0.01378,-0.01378,-0.01181,-0.01181,-0.01378,-0.01181,-0.00984,-0.01181,-0.01181
2023-05-23 09:56:51,-0.02461,0.34236,0.52688,0.0,-29.0,-0.02461,-0.01378,-0.01378,-0.01181,-0.01181,-0.01378,-0.01181,-0.00984,-0.01181,-0.01181
2023-05-23 09:56:53,-0.02461,0.17895,0.5509,0.0,-10.0,-0.02461,-0.01378,-0.01378,-0.01181,-0.01181,-0.01378,-0.01181,-0.00984,-0.01181,-0.01181
2023-05-23 09:56:55,-0.02461,0.15935,0.42262,-19220.0,14027.0,-0.02461,-0.01378,-0.01378,-0.01181,-0.01181,-0.01378,-0.01181,-0.00984,-0.01181,-0.01181
2023-05-23 09:56:57,-0.02067,0.59643,0.95229,-999.0,-1008.0,-0.02067,-0.01378,-0.01378,-0.01181,-0.01181,-0.01378,-0.01181,-0.00984,-0.01181,-0.01181
2023-05-23 09:56:58,-0.02362,0.18725,0.62135,-201.0,1.0,-0.02362,-0.01378,-0.01378,-0.01181,-0.01181,-0.01378,-0.01181,-0.00984,-0.01181,-0.01181
2023-05-23 09:57:00,-0.02264,1.41945,1.04678,0.0,-20919.0,-0.02264,-0.02165,-0.02165,-0.01378,-0.01378,-0.01181,-0.01181,-0.01378,-0.01181,-0.00984
2023-05-23 09:57:02,-0.02165,0.27519,0.65245,0.0,1302.0,-0.02165,-0.02165,-0.02165,-0.01378,-0.01378,-0.01181,-0.01181,-0.01378,-0.01181,-0.00984
2023-05-23 09:57:04,-0.02165,0.85951,0.94196,0.0,0.0,-0.02165,-0.02165,-0.02165,-0.01378,-0.01378,-0.01181,-0.01181,-0.01378,-0.01181,-0.00984
2023-05-23 09:57:06,-0.02165,0.26234,0.64975,-13526.0,18689.0,-0.02165,-0.02165,-0.02165,-0.01378,-0.01378,-0.01181,-0.01181,-0.01378,-0.01181,-0.00984
2023-05-23 09:57:08,-0.02165,0.21386,0.63795,180.0,310.0,-0.02165,-0.02165,-0.02165,-0.01378,-0.01378,-0.01181,-0.01181,-0.01378,-0.01181,-0.00984
2023-05-23 09:57:10,-0.02264,0.2027,0.63543,0.0,0.0,-0.02264,-0.02165,-0.02165,-0.01378,-0.01378,-0.01181,-0.01181,-0.01378,-0.01181,-0.00984
2023-05-23 09:57:11,-0.02165,0.29703,0.6801,-7.0,428.0,-0.02165,-0.02165,-0.02165,-0.01378,-0.01378,-0.01181,-0.01181,-0.01378,-0.01181,-0.00984
2023-05-23 09:57:13,-0.02264,0.44876,0.74229,-49.0,-2948.0,-0.02264,-0.02165,-0.02165,-0.01378,-0.01378,-0.01181,-0.01181,-0.01378,-0.01181,-0.00984
2023-05-23 09:57:15,-0.02362,0.41535,0.71996,300.0,52.0,-0.02362,-0.02165,-0.02165,-0.01378,-0.01378,-0.01181,-0.01181,-0.01378,-0.01181,-0.00984
2023-05-23 09:57:17,-0.02362,0.373,0.5426,-18814.0,0.0,-0.02362,-0.02165,-0.02165,-0.01378,-0.01378,-0.01181,-0.01181,-0.01378,-0.01181,-0.00984
2023-05-23 09:57:19,-0.02362,0.37966,0.54907,-30.0,-38.0,-0.02362,-0.02165,-0.02165,-0.01378,-0.01378,-0.01181,-0.01181,-0.01378,-0.01181,-0.00984
2023-05-23 09:57:21,-0.02067,0.29491,0.75888,4322.0,-128.0,-0.02067,-0.02165,-0.02165,-0.01378,-0.01378,-0.01181,-0.01181,-0.01378,-0.01181,-0.00984
2023-05-23 09:57:22,-0.02264,0.20788,0.60713,1067.0,1.0,-0.02264,-0.02165,-0.02165,-0.01378,-0.01378,-0.01181,-0.01181,-0.01378,-0.01181,-0.00984
2023-05-23 09:57:24,-0.02264,0.20406,0.60012,74.0,130.0,-0.02264,-0.02165,-0.02165,-0.01378,-0.01378,-0.01181,-0.01181,-0.01378,-0.01181,-0.00984
2023-05-23 09:57:26,-0.02362,0.20183,0.6044,0.0,300.0,-0.02362,-0.02165,-0.02165,-0.01378,-0.01378,-0.01181,-0.01181,-0.01378,-0.01181,-0.00984
2023-05-23 09:57:28,-0.02264,0.18196,0.44757,0.0,0.0,-0.02264,-0.02165,-0.02165,-0.01378,-0.01378,-0.01181,-0.01181,-0.01378,-0.01181,-0.00984
2023-05-23 09:57:30,-0.02362,0.20634,0.44601,1000.0,108.0,-0.02362,-0.02165,-0.02165,-0.01378,-0.01378,-0.01181,-0.01181,-0.01378,-0.01181,-0.00984
2023-05-23 09:57:32,-0.02362,0.18614,0.42354,0.0,73.0,-0.02362,-0.02165,-0.02165,-0.01378,-0.01378,-0.01181,-0.01181,-0.01378,-0.01181,-0.00984
2023-05-23 09:57:34,-0.02362,0.15323,0.40695,55.0,10.0,-0.02362,-0.02165,-0.02165,-0.01378,-0.01378,-0.01181,-0.01181,-0.01378,-0.01181,-0.00984
2023-05-23 09:57:36,-0.02362,0.1119,0.39134,0.0,412.0,-0.02362,-0.02165,-0.02165,-0.01378,-0.01378,-0.01181,-0.01181,-0.01378,-0.01181,-0.00984
2023-05-23 09:57:37,-0.02264,0.12094,0.58915,0.0,-176.0,-0.02264,-0.02165,-0.02165,-0.01378,-0.01378,-0.01181,-0.01181,-0.01378,-0.01181,-0.00984
2023-05-23 09:57:39,-0.02264,0.10014,0.39981,-3.0,-332.0,-0.02264,-0.02165,-0.02165,-0.01378,-0.01378,-0.01181,-0.01181,-0.01378,-0.01181,-0.00984
2023-05-23 09:57:41,-0.02362,0.09553,0.6158,0.0,201.0,-0.02362,-0.02165,-0.02165,-0.01378,-0.01378,-0.01181,-0.01181,-0.01378,-0.01181,-0.00984
2023-05-23 09:57:43,-0.02362,0.05851,0.3652,0.0,1.0,-0.02362,-0.02165,-0.02165,-0.01378,-0.01378,-0.01181,-0.01181,-0.01378,-0.01181,-0.00984
2023-05-23 09:57:45,-0.02264,0.09507,0.56726,20.0,0.0,-0.02264,-0.02165,-0.02165,-0.01378,-0.01378,-0.01181,-0.01181,-0.01378,-0.01181,-0.00984
2023-05-23 09:57:47,-0.02264,0.12666,0.45947,10.0,-434.0,-0.02264,-0.02165,-0.02165,-0.01378,-0.01378,-0.01181,-0.01181,-0.01378,-0.01181,-0.00984
2023-05-23 09:57:50,-0.02461,0.76705,0.53575,0.0,0.0,-0.02461,-0.02165,-0.02165,-0.01378,-0.01378,-0.01181,-0.01181,-0.01378,-0.01181,-0.00984
2023-05-23 09:57:53,-0.02559,1.0,0.49256,-700.0,-964.0,-0.02559,-0.02165,-0.02165,-0.01378,-0.01378,-0.01181,-0.01181,-0.01378,-0.01181,-0.00984
2023-05-23 09:57:55,-0.02559,1.09293,0.47855,60.0,-200.0,-0.02559,-0.02165,-0.02165,-0.01378,-0.01378,-0.01181,-0.01181,-0.01378,-0.01181,-0.00984
2023-05-23 09:57:57,-0.02756,0.75006,0.43236,160.0,-720.0,-0.02756,-0.02165,-0.02165,-0.01378,-0.01378,-0.01181,-0.01181,-0.01378,-0.01181,-0.00984
2023-05-23 09:57:58,-0.02756,0.87259,0.45971,0.0,212.0,-0.02756,-0.02165,-0.02165,-0.01378,-0.01378,-0.01181,-0.01181,-0.01378,-0.01181,-0.00984
2023-05-23 09:58:00,-0.02854,0.67054,0.43556,-159.0,78.0,-0.02854,-0.02854,-0.02756,-0.02165,-0.02165,-0.01378,-0.01378,-0.01181,-0.01181,-0.01378
2023-05-23 09:58:02,-0.02953,0.67685,0.46357,0.0,-997.0,-0.02953,-0.02854,-0.02756,-0.02165,-0.02165,-0.01378,-0.01378,-0.01181,-0.01181,-0.01378
2023-05-23 09:58:04,-0.02953,0.86706,0.46493,-447.0,115.0,-0.02953,-0.02854,-0.02756,-0.02165,-0.02165,-0.01378,-0.01378,-0.01181,-0.01181,-0.01378
2023-05-23 09:58:06,-0.02953,0.22603,0.276,0.0,-2111.0,-0.02953,-0.02854,-0.02756,-0.02165,-0.02165,-0.01378,-0.01378,-0.01181,-0.01181,-0.01378
2023-05-23 09:58:08,-0.02854,0.50667,0.33816,2.0,31.0,-0.02854,-0.02854,-0.02756,-0.02165,-0.02165,-0.01378,-0.01378,-0.01181,-0.01181,-0.01378
2023-05-23 09:58:10,-0.02756,0.7498,0.35758,0.0,451.0,-0.02756,-0.02854,-0.02756,-0.02165,-0.02165,-0.01378,-0.01378,-0.01181,-0.01181,-0.01378
2023-05-23 09:58:11,-0.02953,0.31228,0.32494,100.0,1.0,-0.02953,-0.02854,-0.02756,-0.02165,-0.02165,-0.01378,-0.01378,-0.01181,-0.01181,-0.01378
2023-05-23 09:58:13,-0.03051,0.32189,0.30976,0.0,-566.0,-0.03051,-0.02854,-0.02756,-0.02165,-0.02165,-0.01378,-0.01378,-0.01181,-0.01181,-0.01378
2023-05-23 09:58:15,-0.02854,0.48963,0.39067,-203.0,-493.0,-0.02854,-0.02854,-0.02756,-0.02165,-0.02165,-0.01378,-0.01378,-0.01181,-0.01181,-0.01378
2023-05-23 09:58:17,-0.02953,0.2887,0.31461,-1.0,635.0,-0.02953,-0.02854,-0.02756,-0.02165,-0.02165,-0.01378,-0.01378,-0.01181,-0.01181,-0.01378
2023-05-23 09:58:19,-0.02756,0.40788,0.3388,-170.0,165.0,-0.02756,-0.02854,-0.02756,-0.02165,-0.02165,-0.01378,-0.01378,-0.01181,-0.01181,-0.01378
2023-05-23 09:58:21,-0.02559,0.53276,0.26572,-165.0,-7631.0,-0.02559,-0.02854,-0.02756,-0.02165,-0.02165,-0.01378,-0.01378,-0.01181,-0.01181,-0.01378
2023-05-23 09:58:23,-0.02559,0.46976,0.27337,533.0,100.0,-0.02559,-0.02854,-0.02756,-0.02165,-0.02165,-0.01378,-0.01378,-0.01181,-0.01181,-0.01378
2023-05-23 09:58:25,-0.02559,0.94705,0.26789,0.0,21.0,-0.02559,-0.02854,-0.02756,-0.02165,-0.02165,-0.01378,-0.01378,-0.01181,-0.01181,-0.01378
2023-05-23 09:58:26,-0.02657,0.50926,0.27071,-27.0,200.0,-0.02657,-0.02854,-0.02756,-0.02165,-0.02165,-0.01378,-0.01378,-0.01181,-0.01181,-0.01378
2023-05-23 09:58:28,-0.02657,0.54859,0.28971,-40.0,31.0,-0.02657,-0.02854,-0.02756,-0.02165,-0.02165,-0.01378,-0.01378,-0.01181,-0.01181,-0.01378
2023-05-23 09:58:30,-0.02756,0.59344,0.30217,50.0,-50.0,-0.02756,-0.02854,-0.02756,-0.02165,-0.02165,-0.01378,-0.01378,-0.01181,-0.01181,-0.01378
2023-05-23 09:58:32,-0.02657,0.60232,0.3216,-5.0,11.0,-0.02657,-0.02854,-0.02756,-0.02165,-0.02165,-0.01378,-0.01378,-0.01181,-0.01181,-0.01378
2023-05-23 09:58:34,-0.02657,0.57265,0.31252,117.0,0.0,-0.02657,-0.02854,-0.02756,-0.02165,-0.02165,-0.01378,-0.01378,-0.01181,-0.01181,-0.01378
2023-05-23 09:58:36,-0.02657,0.56596,0.31039,20.0,5.0,-0.02657,-0.02854,-0.02756,-0.02165,-0.02165,-0.01378,-0.01378,-0.01181,-0.01181,-0.01378
2023-05-23 09:58:38,-0.02657,0.70386,0.33783,3085.0,1.0,-0.02657,-0.02854,-0.02756,-0.02165,-0.02165,-0.01378,-0.01378,-0.01181,-0.01181,-0.01378
2023-05-23 09:58:40,-0.02657,0.73606,0.35071,-100.0,192.0,-0.02657,-0.02854,-0.02756,-0.02165,-0.02165,-0.01378,-0.01378,-0.01181,-0.01181,-0.01378
2023-05-23 09:58:41,-0.02756,0.41445,0.27325,0.0,-230.0,-0.02756,-0.02854,-0.02756,-0.02165,-0.02165,-0.01378,-0.01378,-0.01181,-0.01181,-0.01378
2023-05-23 09:58:43,-0.02756,0.4273,0.27313,0.0,0.0,-0.02756,-0.02854,-0.02756,-0.02165,-0.02165,-0.01378,-0.01378,-0.01181,-0.01181,-0.01378
2023-05-23 09:58:45,-0.02854,0.38981,0.31367,0.0,-29.0,-0.02854,-0.02854,-0.02756,-0.02165,-0.02165,-0.01378,-0.01378,-0.01181,-0.01181,-0.01378
2023-05-23 09:58:47,-0.02854,0.42211,0.32451,-11.0,-11.0,-0.02854,-0.02854,-0.02756,-0.02165,-0.02165,-0.01378,-0.01378,-0.01181,-0.01181,-0.01378
2023-05-23 09:58:49,-0.02756,0.43035,0.33588,5.0,0.0,-0.02756,-0.02854,-0.02756,-0.02165,-0.02165,-0.01378,-0.01378,-0.01181,-0.01181,-0.01378
2023-05-23 09:58:51,-0.02854,0.33911,0.33453,2030.0,-419.0,-0.02854,-0.02854,-0.02756,-0.02165,-0.02165,-0.01378,-0.01378,-0.01181,-0.01181,-0.01378
2023-05-23 09:58:52,-0.02953,0.45684,0.3511,487.0,0.0,-0.02953,-0.02854,-0.02756,-0.02165,-0.02165,-0.01378,-0.01378,-0.01181,-0.01181,-0.01378
2023-05-23 09:58:54,-0.02953,0.38895,0.33403,0.0,0.0,-0.02953,-0.02854,-0.02756,-0.02165,-0.02165,-0.01378,-0.01378,-0.01181,-0.01181,-0.01378
2023-05-23 09:58:56,-0.02953,0.42014,0.34111,-2.0,210.0,-0.02953,-0.02854,-0.02756,-0.02165,-0.02165,-0.01378,-0.01378,-0.01181,-0.01181,-0.01378
2023-05-23 09:58:58,-0.02953,0.50118,0.3563,0.0,9.0,-0.02953,-0.02854,-0.02756,-0.02165,-0.02165,-0.01378,-0.01378,-0.01181,-0.01181,-0.01378
2023-05-23 09:59:00,-0.02854,0.51426,0.3498,-50.0,0.0,-0.02854,-0.03051,-0.02953,-0.02854,-0.02756,-0.02165,-0.02165,-0.01378,-0.01378,-0.01181
2023-05-23 09:59:02,-0.02953,0.32901,0.31467,-10.0,0.0,-0.02953,-0.03051,-0.02953,-0.02854,-0.02756,-0.02165,-0.02165,-0.01378,-0.01378,-0.01181
2023-05-23 09:59:04,-0.02953,0.35125,0.32191,-30.0,0.0,-0.02953,-0.03051,-0.02953,-0.02854,-0.02756,-0.02165,-0.02165,-0.01378,-0.01378,-0.01181
2023-05-23 09:59:06,-0.03051,0.37174,0.3259,0.0,10.0,-0.03051,-0.03051,-0.02953,-0.02854,-0.02756,-0.02165,-0.02165,-0.01378,-0.01378,-0.01181
2023-05-23 09:59:07,-0.03051,0.39002,0.32941,-1.0,-120.0,-0.03051,-0.03051,-0.02953,-0.02854,-0.02756,-0.02165,-0.02165,-0.01378,-0.01378,-0.01181
2023-05-23 09:59:09,-0.03051,0.30581,0.1737,0.0,1000.0,-0.03051,-0.03051,-0.02953,-0.02854,-0.02756,-0.02165,-0.02165,-0.01378,-0.01378,-0.01181
2023-05-23 09:59:11,-0.02657,0.46705,0.16822,0.0,-62.0,-0.02657,-0.03051,-0.02953,-0.02854,-0.02756,-0.02165,-0.02165,-0.01378,-0.01378,-0.01181
2023-05-23 09:59:13,-0.02657,0.52113,0.16837,0.0,-220.0,-0.02657,-0.03051,-0.02953,-0.02854,-0.02756,-0.02165,-0.02165,-0.01378,-0.01378,-0.01181
2023-05-23 09:59:15,-0.02756,0.40559,0.20288,300.0,19.0,-0.02756,-0.03051,-0.02953,-0.02854,-0.02756,-0.02165,-0.02165,-0.01378,-0.01378,-0.01181
2023-05-23 09:59:17,-0.02854,0.3993,0.19888,0.0,204.0,-0.02854,-0.03051,-0.02953,-0.02854,-0.02756,-0.02165,-0.02165,-0.01378,-0.01378,-0.01181
2023-05-23 09:59:18,-0.02854,0.58215,0.21901,0.0,3.0,-0.02854,-0.03051,-0.02953,-0.02854,-0.02756,-0.02165,-0.02165,-0.01378,-0.01378,-0.01181
2023-05-23 09:59:20,-0.02756,0.74109,0.22903,0.0,0.0,-0.02756,-0.03051,-0.02953,-0.02854,-0.02756,-0.02165,-0.02165,-0.01378,-0.01378,-0.01181
2023-05-23 09:59:22,-0.02756,3.36489,0.28514,0.0,0.0,-0.02756,-0.03051,-0.02953,-0.02854,-0.02756,-0.02165,-0.02165,-0.01378,-0.01378,-0.01181
2023-05-23 09:59:24,-0.02756,3.15376,0.281,0.0,-10.0,-0.02756,-0.03051,-0.02953,-0.02854,-0.02756,-0.02165,-0.02165,-0.01378,-0.01378,-0.01181
2023-05-23 09:59:26,-0.02953,1.06232,0.26558,0.0,60.0,-0.02953,-0.03051,-0.02953,-0.02854,-0.02756,-0.02165,-0.02165,-0.01378,-0.01378,-0.01181
2023-05-23 09:59:28,-0.02953,0.38265,0.22468,0.0,-10.0,-0.02953,-0.03051,-0.02953,-0.02854,-0.02756,-0.02165,-0.02165,-0.01378,-0.01378,-0.01181
2023-05-23 09:59:29,-0.02953,0.38037,0.22389,0.0,-17.0,-0.02953,-0.03051,-0.02953,-0.02854,-0.02756,-0.02165,-0.02165,-0.01378,-0.01378,-0.01181
2023-05-23 09:59:31,-0.03051,0.03469,0.17004,-2.0,0.0,-0.03051,-0.03051,-0.02953,-0.02854,-0.02756,-0.02165,-0.02165,-0.01378,-0.01378,-0.01181
2023-05-23 09:59:33,-0.03051,0.26034,0.20784,0.0,0.0,-0.03051,-0.03051,-0.02953,-0.02854,-0.02756,-0.02165,-0.02165,-0.01378,-0.01378,-0.01181
2023-05-23 09:59:35,-0.03051,0.24483,0.20965,0.0,831.0,-0.03051,-0.03051,-0.02953,-0.02854,-0.02756,-0.02165,-0.02165,-0.01378,-0.01378,-0.01181
2023-05-23 09:59:37,-0.0315,0.05548,0.18284,-4554.0,6078.0,-0.0315,-0.03051,-0.02953,-0.02854,-0.02756,-0.02165,-0.02165,-0.01378,-0.01378,-0.01181
2023-05-23 09:59:39,-0.03051,0.27946,0.21788,122.0,200.0,-0.03051,-0.03051,-0.02953,-0.02854,-0.02756,-0.02165,-0.02165,-0.01378,-0.01378,-0.01181
2023-05-23 09:59:40,-0.03051,0.30608,0.21418,230.0,-390.0,-0.03051,-0.03051,-0.02953,-0.02854,-0.02756,-0.02165,-0.02165,-0.01378,-0.01378,-0.01181
2023-05-23 09:59:42,-0.03051,0.28742,0.21455,0.0,-463.0,-0.03051,-0.03051,-0.02953,-0.02854,-0.02756,-0.02165,-0.02165,-0.01378,-0.01378,-0.01181
2023-05-23 09:59:44,-0.03051,0.28776,0.21155,0.0,-60.0,-0.03051,-0.03051,-0.02953,-0.02854,-0.02756,-0.02165,-0.02165,-0.01378,-0.01378,-0.01181
2023-05-23 09:59:46,-0.03051,0.29337,0.22347,-202.0,-293.0,-0.03051,-0.03051,-0.02953,-0.02854,-0.02756,-0.02165,-0.02165,-0.01378,-0.01378,-0.01181
2023-05-23 09:59:48,-0.03051,0.31596,0.22285,0.0,-197.0,-0.03051,-0.03051,-0.02953,-0.02854,-0.02756,-0.02165,-0.02165,-0.01378,-0.01378,-0.01181
2023-05-23 09:59:50,-0.03051,0.30233,0.2188,0.0,-92.0,-0.03051,-0.03051,-0.02953,-0.02854,-0.02756,-0.02165,-0.02165,-0.01378,-0.01378,-0.01181
2023-05-23 09:59:52,-0.03051,0.34667,0.23654,0.0,10.0,-0.03051,-0.03051,-0.02953,-0.02854,-0.02756,-0.02165,-0.02165,-0.01378,-0.01378,-0.01181
2023-05-23 09:59:54,-0.03051,0.27259,0.25443,-1.0,0.0,-0.03051,-0.03051,-0.02953,-0.02854,-0.02756,-0.02165,-0.02165,-0.01378,-0.01378,-0.01181
2023-05-23 09:59:55,-0.0315,0.27106,0.24978,0.0,-1780.0,-0.0315,-0.03051,-0.02953,-0.02854,-0.02756,-0.02165,-0.02165,-0.01378,-0.01378,-0.01181
2023-05-23 09:59:57,-0.0315,0.28885,0.26605,2210.0,-2151.0,-0.0315,-0.03051,-0.02953,-0.02854,-0.02756,-0.02165,-0.02165,-0.01378,-0.01378,-0.01181
2023-05-23 09:59:59,-0.03051,0.28936,0.24921,0.0,19.0,-0.03051,-0.03051,-0.02953,-0.02854,-0.02756,-0.02165,-0.02165,-0.01378,-0.01378,-0.01181
2023-05-23 10:00:01,-0.0315,0.31234,0.25802,-786.0,-233.0,-0.0315,-0.0315,-0.03051,-0.03051,-0.02953,-0.02854,-0.02756,-0.02165,-0.02165,-0.01378
2023-05-23 10:00:15,-0.0315,0.28332,0.193,0.0,7.0,-0.0315,-0.0315,-0.03051,-0.03051,-0.02953,-0.02854,-0.02756,-0.02165,-0.02165,-0.01378
2023-05-23 10:00:17,-0.03051,0.32603,0.17341,0.0,2.0,-0.03051,-0.0315,-0.03051,-0.03051,-0.02953,-0.02854,-0.02756,-0.02165,-0.02165,-0.01378
2023-05-23 10:00:19,-0.0315,0.20193,0.16843,0.0,-63.0,-0.0315,-0.0315,-0.03051,-0.03051,-0.02953,-0.02854,-0.02756,-0.02165,-0.02165,-0.01378
2023-05-23 10:00:21,-0.0315,0.44143,0.22354,20.0,20.0,-0.0315,-0.0315,-0.03051,-0.03051,-0.02953,-0.02854,-0.02756,-0.02165,-0.02165,-0.01378
2023-05-23 10:00:23,-0.0315,0.37153,0.19119,-1.0,1017.0,-0.0315,-0.0315,-0.03051,-0.03051,-0.02953,-0.02854,-0.02756,-0.02165,-0.02165,-0.01378
2023-05-23 10:00:25,-0.03051,0.38395,0.19707,-5.0,28.0,-0.03051,-0.0315,-0.03051,-0.03051,-0.02953,-0.02854,-0.02756,-0.02165,-0.02165,-0.01378
2023-05-23 10:00:26,-0.03051,0.40359,0.20068,100.0,19.0,-0.03051,-0.0315,-0.03051,-0.03051,-0.02953,-0.02854,-0.02756,-0.02165,-0.02165,-0.01378
2023-05-23 10:00:28,-0.03051,0.40464,0.2066,-318.0,-20.0,-0.03051,-0.0315,-0.03051,-0.03051,-0.02953,-0.02854,-0.02756,-0.02165,-0.02165,-0.01378
2023-05-23 10:00:30,-0.03051,0.42912,0.21587,-1.0,0.0,-0.03051,-0.0315,-0.03051,-0.03051,-0.02953,-0.02854,-0.02756,-0.02165,-0.02165,-0.01378
2023-05-23 10:00:32,-0.03051,0.39571,0.20859,-35.0,0.0,-0.03051,-0.0315,-0.03051,-0.03051,-0.02953,-0.02854,-0.02756,-0.02165,-0.02165,-0.01378
2023-05-23 10:00:34,-0.03051,0.37775,0.20456,0.0,0.0,-0.03051,-0.0315,-0.03051,-0.03051,-0.02953,-0.02854,-0.02756,-0.02165,-0.02165,-0.01378
2023-05-23 10:00:36,-0.03051,0.31877,0.18546,0.0,1214.0,-0.03051,-0.0315,-0.03051,-0.03051,-0.02953,-0.02854,-0.02756,-0.02165,-0.02165,-0.01378
2023-05-23 10:00:38,-0.02953,0.76433,0.2503,0.0,0.0,-0.02953,-0.0315,-0.03051,-0.03051,-0.02953,-0.02854,-0.02756,-0.02165,-0.02165,-0.01378
2023-05-23 10:00:39,-0.02953,0.67937,0.22993,-2891.0,101.0,-0.02953,-0.0315,-0.03051,-0.03051,-0.02953,-0.02854,-0.02756,-0.02165,-0.02165,-0.01378
2023-05-23 10:00:41,-0.02953,0.65424,0.24005,0.0,131.0,-0.02953,-0.0315,-0.03051,-0.03051,-0.02953,-0.02854,-0.02756,-0.02165,-0.02165,-0.01378
2023-05-23 10:00:43,-0.03051,0.6227,0.23393,0.0,0.0,-0.03051,-0.0315,-0.03051,-0.03051,-0.02953,-0.02854,-0.02756,-0.02165,-0.02165,-0.01378
2023-05-23 10:00:45,-0.03051,0.61944,0.23837,0.0,5.0,-0.03051,-0.0315,-0.03051,-0.03051,-0.02953,-0.02854,-0.02756,-0.02165,-0.02165,-0.01378
2023-05-23 10:00:47,-0.03051,0.4601,0.22557,0.0,6500.0,-0.03051,-0.0315,-0.03051,-0.03051,-0.02953,-0.02854,-0.02756,-0.02165,-0.02165,-0.01378
2023-05-23 10:00:49,-0.03051,0.44081,0.23255,-330.0,-275.0,-0.03051,-0.0315,-0.03051,-0.03051,-0.02953,-0.02854,-0.02756,-0.02165,-0.02165,-0.01378
2023-05-23 10:00:51,-0.03051,0.36461,0.23141,0.0,0.0,-0.03051,-0.0315,-0.03051,-0.03051,-0.02953,-0.02854,-0.02756,-0.02165,-0.02165,-0.01378
2023-05-23 10:00:52,-0.0315,0.38245,0.2479,0.0,-83.0,-0.0315,-0.0315,-0.03051,-0.03051,-0.02953,-0.02854,-0.02756,-0.02165,-0.02165,-0.01378
2023-05-23 10:00:54,-0.0315,0.36259,0.24366,0.0,-647.0,-0.0315,-0.0315,-0.03051,-0.03051,-0.02953,-0.02854,-0.02756,-0.02165,-0.02165,-0.01378
2023-05-23 10:00:56,-0.0315,0.31272,0.23149,-4020.0,-1146.0,-0.0315,-0.0315,-0.03051,-0.03051,-0.02953,-0.02854,-0.02756,-0.02165,-0.02165,-0.01378
2023-05-23 10:00:58,-0.02953,0.38985,0.2355,-1.0,0.0,-0.02953,-0.0315,-0.03051,-0.03051,-0.02953,-0.02854,-0.02756,-0.02165,-0.02165,-0.01378
2023-05-23 10:01:00,-0.03051,0.26499,0.21374,-1.0,0.0,-0.03051,-0.02953,-0.02953,-0.0315,-0.03051,-0.03051,-0.02953,-0.02854,-0.02756,-0.02165
2023-05-23 10:01:02,-0.02953,0.45157,0.24393,0.0,1.0,-0.02953,-0.02953,-0.02953,-0.0315,-0.03051,-0.03051,-0.02953,-0.02854,-0.02756,-0.02165
2023-05-23 10:01:04,-0.0315,0.30626,0.22603,0.0,-1.0,-0.0315,-0.02953,-0.02953,-0.0315,-0.03051,-0.03051,-0.02953,-0.02854,-0.02756,-0.02165
2023-05-23 10:01:05,-0.03051,0.25775,0.21085,0.0,-455.0,-0.03051,-0.02953,-0.02953,-0.0315,-0.03051,-0.03051,-0.02953,-0.02854,-0.02756,-0.02165
2023-05-23 10:01:07,-0.0315,0.24644,0.21174,0.0,0.0,-0.0315,-0.02953,-0.02953,-0.0315,-0.03051,-0.03051,-0.02953,-0.02854,-0.02756,-0.02165
2023-05-23 10:01:09,-0.03051,0.25841,0.21568,-653.0,20459.0,-0.03051,-0.02953,-0.02953,-0.0315,-0.03051,-0.03051,-0.02953,-0.02854,-0.02756,-0.02165
2023-05-23 10:01:11,-0.03051,0.27384,0.22038,0.0,1.0,-0.03051,-0.02953,-0.02953,-0.0315,-0.03051,-0.03051,-0.02953,-0.02854,-0.02756,-0.02165
2023-05-23 10:01:13,-0.03051,0.2753,0.22063,0.0,1103.0,-0.03051,-0.02953,-0.02953,-0.0315,-0.03051,-0.03051,-0.02953,-0.02854,-0.02756,-0.02165
2023-05-23 10:01:15,-0.03051,0.3018,0.22717,0.0,48.0,-0.03051,-0.02953,-0.02953,-0.0315,-0.03051,-0.03051,-0.02953,-0.02854,-0.02756,-0.02165
2023-05-23 10:01:17,-0.03051,0.31316,0.2296,0.0,204.0,-0.03051,-0.02953,-0.02953,-0.0315,-0.03051,-0.03051,-0.02953,-0.02854,-0.02756,-0.02165
2023-05-23 10:01:18,-0.03051,0.32447,0.23074,100.0,0.0,-0.03051,-0.02953,-0.02953,-0.0315,-0.03051,-0.03051,-0.02953,-0.02854,-0.02756,-0.02165
2023-05-23 10:01:20,-0.0315,0.37875,0.24432,0.0,-30.0,-0.0315,-0.02953,-0.02953,-0.0315,-0.03051,-0.03051,-0.02953,-0.02854,-0.02756,-0.02165
2023-05-23 10:01:22,-0.0315,0.16141,0.21934,0.0,10.0,-0.0315,-0.02953,-0.02953,-0.0315,-0.03051,-0.03051,-0.02953,-0.02854,-0.02756,-0.02165
2023-05-23 10:01:24,-0.0315,0.1754,0.22745,0.0,0.0,-0.0315,-0.02953,-0.02953,-0.0315,-0.03051,-0.03051,-0.02953,-0.02854,-0.02756,-0.02165
2023-05-23 10:01:26,-0.0315,0.17313,0.22662,0.0,2.0,-0.0315,-0.02953,-0.02953,-0.0315,-0.03051,-0.03051,-0.02953,-0.02854,-0.02756,-0.02165
2023-05-23 10:01:28,-0.0315,0.18071,0.23276,-50.0,5.0,-0.0315,-0.02953,-0.02953,-0.0315,-0.03051,-0.03051,-0.02953,-0.02854,-0.02756,-0.02165
2023-05-23 10:01:30,-0.0315,0.15375,0.22127,0.0,20.0,-0.0315,-0.02953,-0.02953,-0.0315,-0.03051,-0.03051,-0.02953,-0.02854,-0.02756,-0.02165
2023-05-23 10:01:32,-0.03248,0.15259,0.22067,0.0,5.0,-0.03248,-0.02953,-0.02953,-0.0315,-0.03051,-0.03051,-0.02953,-0.02854,-0.02756,-0.02165
2023-05-23 10:01:34,-0.03248,0.15579,0.2222,0.0,-1264.0,-0.03248,-0.02953,-0.02953,-0.0315,-0.03051,-0.03051,-0.02953,-0.02854,-0.02756,-0.02165
2023-05-23 10:01:35,-0.03248,0.15432,0.24626,77.0,0.0,-0.03248,-0.02953,-0.02953,-0.0315,-0.03051,-0.03051,-0.02953,-0.02854,-0.02756,-0.02165
2023-05-23 10:01:37,-0.03248,0.16432,0.24458,-455.0,0.0,-0.03248,-0.02953,-0.02953,-0.0315,-0.03051,-0.03051,-0.02953,-0.02854,-0.02756,-0.02165
2023-05-23 10:01:39,-0.03346,0.18985,0.25443,1451.0,2444.0,-0.03346,-0.02953,-0.02953,-0.0315,-0.03051,-0.03051,-0.02953,-0.02854,-0.02756,-0.02165
2023-05-23 10:01:41,-0.03445,0.12565,0.24271,0.0,100.0,-0.03445,-0.02953,-0.02953,-0.0315,-0.03051,-0.03051,-0.02953,-0.02854,-0.02756,-0.02165
2023-05-23 10:01:43,-0.03445,0.14359,0.24062,0.0,-466.0,-0.03445,-0.02953,-0.02953,-0.0315,-0.03051,-0.03051,-0.02953,-0.02854,-0.02756,-0.02165
2023-05-23 10:01:45,-0.03543,0.1824,0.26372,0.0,-1500.0,-0.03543,-0.02953,-0.02953,-0.0315,-0.03051,-0.03051,-0.02953,-0.02854,-0.02756,-0.02165
2023-05-23 10:01:47,-0.03445,0.17338,0.25505,200.0,1.0,-0.03445,-0.02953,-0.02953,-0.0315,-0.03051,-0.03051,-0.02953,-0.02854,-0.02756,-0.02165
2023-05-23 10:01:48,-0.03543,0.19821,0.28729,-1451.0,0.0,-0.03543,-0.02953,-0.02953,-0.0315,-0.03051,-0.03051,-0.02953,-0.02854,-0.02756,-0.02165
2023-05-23 10:01:50,-0.03543,0.24502,0.32623,224.0,30.0,-0.03543,-0.02953,-0.02953,-0.0315,-0.03051,-0.03051,-0.02953,-0.02854,-0.02756,-0.02165
2023-05-23 10:01:52,-0.03543,0.13032,0.26002,203.0,-306.0,-0.03543,-0.02953,-0.02953,-0.0315,-0.03051,-0.03051,-0.02953,-0.02854,-0.02756,-0.02165
2023-05-23 10:01:54,-0.03445,0.30476,0.31699,0.0,408.0,-0.03445,-0.02953,-0.02953,-0.0315,-0.03051,-0.03051,-0.02953,-0.02854,-0.02756,-0.02165
2023-05-23 10:01:56,-0.03445,0.157,0.26602,0.0,5.0,-0.03445,-0.02953,-0.02953,-0.0315,-0.03051,-0.03051,-0.02953,-0.02854,-0.02756,-0.02165
2023-05-23 10:01:58,-0.03445,0.29619,0.31397,0.0,90.0,-0.03445,-0.02953,-0.02953,-0.0315,-0.03051,-0.03051,-0.02953,-0.02854,-0.02756,-0.02165
2023-05-23 10:01:59,-0.03346,0.21627,0.27992,-321.0,12994.0,-0.03346,-0.02953,-0.02953,-0.0315,-0.03051,-0.03051,-0.02953,-0.02854,-0.02756,-0.02165
2023-05-23 10:02:01,-0.03346,0.22677,0.28537,0.0,15.0,-0.03346,-0.03445,-0.03346,-0.02953,-0.02953,-0.0315,-0.03051,-0.03051,-0.02953,-0.02854
2023-05-23 10:02:03,-0.03346,0.21277,0.28803,-15.0,110.0,-0.03346,-0.03445,-0.03346,-0.02953,-0.02953,-0.0315,-0.03051,-0.03051,-0.02953,-0.02854
2023-05-23 10:02:05,-0.03346,0.22625,0.29566,0.0,-7488.0,-0.03346,-0.03445,-0.03346,-0.02953,-0.02953,-0.0315,-0.03051,-0.03051,-0.02953,-0.02854
2023-05-23 10:02:07,-0.03346,0.50749,0.32596,30.0,20.0,-0.03346,-0.03445,-0.03346,-0.02953,-0.02953,-0.0315,-0.03051,-0.03051,-0.02953,-0.02854
2023-05-23 10:02:09,-0.03248,0.49009,0.32722,0.0,-20.0,-0.03248,-0.03445,-0.03346,-0.02953,-0.02953,-0.0315,-0.03051,-0.03051,-0.02953,-0.02854
2023-05-23 10:02:11,-0.03248,0.57036,0.37562,2891.0,-916.0,-0.03248,-0.03445,-0.03346,-0.02953,-0.02953,-0.0315,-0.03051,-0.03051,-0.02953,-0.02854
2023-05-23 10:02:12,-0.03346,0.67469,0.40657,-30.0,0.0,-0.03346,-0.03445,-0.03346,-0.02953,-0.02953,-0.0315,-0.03051,-0.03051,-0.02953,-0.02854
2023-05-23 10:02:14,-0.03248,0.71964,0.42839,0.0,2394.0,-0.03248,-0.03445,-0.03346,-0.02953,-0.02953,-0.0315,-0.03051,-0.03051,-0.02953,-0.02854
2023-05-23 10:02:16,-0.03248,0.68071,0.41778,-990.0,0.0,-0.03248,-0.03445,-0.03346,-0.02953,-0.02953,-0.0315,-0.03051,-0.03051,-0.02953,-0.02854
2023-05-23 10:02:18,-0.03346,0.73653,0.4267,0.0,-100.0,-0.03346,-0.03445,-0.03346,-0.02953,-0.02953,-0.0315,-0.03051,-0.03051,-0.02953,-0.02854
2023-05-23 10:02:20,-0.03445,0.78117,0.41918,4048.0,-13470.0,-0.03445,-0.03445,-0.03346,-0.02953,-0.02953,-0.0315,-0.03051,-0.03051,-0.02953,-0.02854
2023-05-23 10:02:22,-0.03346,0.69626,0.4183,0.0,1.0,-0.03346,-0.03445,-0.03346,-0.02953,-0.02953,-0.0315,-0.03051,-0.03051,-0.02953,-0.02854
2023-05-23 10:02:23,-0.03248,0.72391,0.42017,0.0,358.0,-0.03248,-0.03445,-0.03346,-0.02953,-0.02953,-0.0315,-0.03051,-0.03051,-0.02953,-0.02854
2023-05-23 10:02:25,-0.03248,0.59461,0.38797,0.0,10.0,-0.03248,-0.03445,-0.03346,-0.02953,-0.02953,-0.0315,-0.03051,-0.03051,-0.02953,-0.02854
2023-05-23 10:02:27,-0.03346,0.33781,0.34336,-1.0,200.0,-0.03346,-0.03445,-0.03346,-0.02953,-0.02953,-0.0315,-0.03051,-0.03051,-0.02953,-0.02854
2023-05-23 10:02:29,-0.03346,0.35529,0.35066,0.0,0.0,-0.03346,-0.03445,-0.03346,-0.02953,-0.02953,-0.0315,-0.03051,-0.03051,-0.02953,-0.02854
2023-05-23 10:02:31,-0.03346,0.33952,0.34299,0.0,49.0,-0.03346,-0.03445,-0.03346,-0.02953,-0.02953,-0.0315,-0.03051,-0.03051,-0.02953,-0.02854
2023-05-23 10:02:33,-0.03248,0.56829,0.38773,-1.0,650.0,-0.03248,-0.03445,-0.03346,-0.02953,-0.02953,-0.0315,-0.03051,-0.03051,-0.02953,-0.02854
2023-05-23 10:02:34,-0.03346,0.55865,0.38436,0.0,74.0,-0.03346,-0.03445,-0.03346,-0.02953,-0.02953,-0.0315,-0.03051,-0.03051,-0.02953,-0.02854
2023-05-23 10:02:36,-0.03248,0.57336,0.38087,0.0,1.0,-0.03248,-0.03445,-0.03346,-0.02953,-0.02953,-0.0315,-0.03051,-0.03051,-0.02953,-0.02854
2023-05-23 10:02:38,-0.03248,0.37022,0.3333,0.0,200.0,-0.03248,-0.03445,-0.03346,-0.02953,-0.02953,-0.0315,-0.03051,-0.03051,-0.02953,-0.02854
2023-05-23 10:02:40,-0.0315,0.46562,0.34643,9.0,112.0,-0.0315,-0.03445,-0.03346,-0.02953,-0.02953,-0.0315,-0.03051,-0.03051,-0.02953,-0.02854
2023-05-23 10:02:42,-0.0315,0.45766,0.34452,0.0,0.0,-0.0315,-0.03445,-0.03346,-0.02953,-0.02953,-0.0315,-0.03051,-0.03051,-0.02953,-0.02854
2023-05-23 10:02:44,-0.0315,0.43957,0.34253,-200.0,210.0,-0.0315,-0.03445,-0.03346,-0.02953,-0.02953,-0.0315,-0.03051,-0.03051,-0.02953,-0.02854
2023-05-23 10:02:46,-0.0315,0.54283,0.36383,-498.0,0.0,-0.0315,-0.03445,-0.03346,-0.02953,-0.02953,-0.0315,-0.03051,-0.03051,-0.02953,-0.02854
2023-05-23 10:02:48,-0.0315,0.541,0.36255,0.0,2.0,-0.0315,-0.03445,-0.03346,-0.02953,-0.02953,-0.0315,-0.03051,-0.03051,-0.02953,-0.02854
2023-05-23 10:02:49,-0.0315,0.50884,0.35302,0.0,200.0,-0.0315,-0.03445,-0.03346,-0.02953,-0.02953,-0.0315,-0.03051,-0.03051,-0.02953,-0.02854
2023-05-23 10:02:51,-0.0315,0.53425,0.358,-298.0,-4.0,-0.0315,-0.03445,-0.03346,-0.02953,-0.02953,-0.0315,-0.03051,-0.03051,-0.02953,-0.02854
2023-05-23 10:02:53,-0.0315,0.42894,0.33009,-191.0,-408.0,-0.0315,-0.03445,-0.03346,-0.02953,-0.02953,-0.0315,-0.03051,-0.03051,-0.02953,-0.02854
2023-05-23 10:02:55,-0.0315,0.49196,0.33873,-1.0,50.0,-0.0315,-0.03445,-0.03346,-0.02953,-0.02953,-0.0315,-0.03051,-0.03051,-0.02953,-0.02854
2023-05-23 10:02:57,-0.0315,0.50205,0.34582,-4.0,42.0,-0.0315,-0.03445,-0.03346,-0.02953,-0.02953,-0.0315,-0.03051,-0.03051,-0.02953,-0.02854
2023-05-23 10:02:59,-0.0315,0.5365,0.35385,0.0,10.0,-0.0315,-0.03445,-0.03346,-0.02953,-0.02953,-0.0315,-0.03051,-0.03051,-0.02953,-0.02854
2023-05-23 10:03:00,-0.03248,0.41263,0.36859,0.0,0.0,-0.03248,-0.0315,-0.03248,-0.03445,-0.03346,-0.02953,-0.02953,-0.0315,-0.03051,-0.03051
2023-05-23 10:03:02,-0.03248,0.41715,0.37011,-373.0,0.0,-0.03248,-0.0315,-0.03248,-0.03445,-0.03346,-0.02953,-0.02953,-0.0315,-0.03051,-0.03051
2023-05-23 10:03:04,-0.03248,0.40395,0.36512,0.0,101.0,-0.03248,-0.0315,-0.03248,-0.03445,-0.03346,-0.02953,-0.02953,-0.0315,-0.03051,-0.03051
2023-05-23 10:03:06,-0.03248,0.40926,0.36675,-223.0,51.0,-0.03248,-0.0315,-0.03248,-0.03445,-0.03346,-0.02953,-0.02953,-0.0315,-0.03051,-0.03051
2023-05-23 10:03:08,-0.03346,0.41947,0.36848,1000.0,0.0,-0.03346,-0.0315,-0.03248,-0.03445,-0.03346,-0.02953,-0.02953,-0.0315,-0.03051,-0.03051
2023-05-23 10:03:10,-0.03248,0.44171,0.37569,15.0,0.0,-0.03248,-0.0315,-0.03248,-0.03445,-0.03346,-0.02953,-0.02953,-0.0315,-0.03051,-0.03051
2023-05-23 10:03:12,-0.03248,0.4401,0.37612,-3.0,0.0,-0.03248,-0.0315,-0.03248,-0.03445,-0.03346,-0.02953,-0.02953,-0.0315,-0.03051,-0.03051
2023-05-23 10:03:13,-0.03346,0.3358,0.38715,0.0,0.0,-0.03346,-0.0315,-0.03248,-0.03445,-0.03346,-0.02953,-0.02953,-0.0315,-0.03051,-0.03051
2023-05-23 10:03:15,-0.03346,0.35255,0.39325,0.0,0.0,-0.03346,-0.0315,-0.03248,-0.03445,-0.03346,-0.02953,-0.02953,-0.0315,-0.03051,-0.03051
2023-05-23 10:03:17,-0.03346,0.34168,0.38865,42.0,0.0,-0.03346,-0.0315,-0.03248,-0.03445,-0.03346,-0.02953,-0.02953,-0.0315,-0.03051,-0.03051
2023-05-23 10:03:19,-0.03445,0.39189,0.43934,0.0,10.0,-0.03445,-0.0315,-0.03248,-0.03445,-0.03346,-0.02953,-0.02953,-0.0315,-0.03051,-0.03051
2023-05-23 10:03:21,-0.03543,0.40257,0.45241,0.0,19.0,-0.03543,-0.0315,-0.03248,-0.03445,-0.03346,-0.02953,-0.02953,-0.0315,-0.03051,-0.03051
2023-05-23 10:03:24,-0.03543,0.43481,0.46306,0.0,-51.0,-0.03543,-0.0315,-0.03248,-0.03445,-0.03346,-0.02953,-0.02953,-0.0315,-0.03051,-0.03051
2023-05-23 10:03:26,-0.03543,0.45486,0.4675,0.0,-1.0,-0.03543,-0.0315,-0.03248,-0.03445,-0.03346,-0.02953,-0.02953,-0.0315,-0.03051,-0.03051
2023-05-23 10:03:28,-0.03839,0.43633,0.58786,-107.0,-100.0,-0.03839,-0.0315,-0.03248,-0.03445,-0.03346,-0.02953,-0.02953,-0.0315,-0.03051,-0.03051
2023-05-23 10:03:30,-0.03937,0.4437,0.60887,0.0,-426.0,-0.03937,-0.0315,-0.03248,-0.03445,-0.03346,-0.02953,-0.02953,-0.0315,-0.03051,-0.03051
2023-05-23 10:03:32,-0.03937,0.43139,0.58784,0.0,39.0,-0.03937,-0.0315,-0.03248,-0.03445,-0.03346,-0.02953,-0.02953,-0.0315,-0.03051,-0.03051
2023-05-23 10:03:34,-0.04035,0.46847,0.57887,-84.0,0.0,-0.04035,-0.0315,-0.03248,-0.03445,-0.03346,-0.02953,-0.02953,-0.0315,-0.03051,-0.03051
2023-05-23 10:03:36,-0.03937,0.67251,0.70581,0.0,-29.0,-0.03937,-0.0315,-0.03248,-0.03445,-0.03346,-0.02953,-0.02953,-0.0315,-0.03051,-0.03051
2023-05-23 10:03:37,-0.04134,0.55911,0.54703,-10091.0,2888.0,-0.04134,-0.0315,-0.03248,-0.03445,-0.03346,-0.02953,-0.02953,-0.0315,-0.03051,-0.03051
2023-05-23 10:03:39,-0.04035,0.65251,0.70925,0.0,520.0,-0.04035,-0.0315,-0.03248,-0.03445,-0.03346,-0.02953,-0.02953,-0.0315,-0.03051,-0.03051
2023-05-23 10:03:41,-0.04035,0.76807,0.66692,100.0,8.0,-0.04035,-0.0315,-0.03248,-0.03445,-0.03346,-0.02953,-0.02953,-0.0315,-0.03051,-0.03051
2023-05-23 10:03:43,-0.04232,0.25195,0.59158,0.0,-102.0,-0.04232,-0.0315,-0.03248,-0.03445,-0.03346,-0.02953,-0.02953,-0.0315,-0.03051,-0.03051
2023-05-23 10:03:45,-0.04035,0.88708,0.71891,-939.0,10.0,-0.04035,-0.0315,-0.03248,-0.03445,-0.03346,-0.02953,-0.02953,-0.0315,-0.03051,-0.03051
2023-05-23 10:03:47,-0.04134,0.72224,0.66749,0.0,405.0,-0.04134,-0.0315,-0.03248,-0.03445,-0.03346,-0.02953,-0.02953,-0.0315,-0.03051,-0.03051
2023-05-23 10:03:49,-0.04134,0.24215,0.58729,-1.0,10.0,-0.04134,-0.0315,-0.03248,-0.03445,-0.03346,-0.02953,-0.02953,-0.0315,-0.03051,-0.03051
2023-05-23 10:03:51,-0.04232,0.31496,0.64903,0.0,2.0,-0.04232,-0.0315,-0.03248,-0.03445,-0.03346,-0.02953,-0.02953,-0.0315,-0.03051,-0.03051
2023-05-23 10:03:52,-0.04232,0.3707,0.67002,800.0,124.0,-0.04232,-0.0315,-0.03248,-0.03445,-0.03346,-0.02953,-0.02953,-0.0315,-0.03051,-0.03051
2023-05-23 10:03:54,-0.04331,0.47874,0.75006,150.0,-97.0,-0.04331,-0.0315,-0.03248,-0.03445,-0.03346,-0.02953,-0.02953,-0.0315,-0.03051,-0.03051
2023-05-23 10:03:56,-0.04331,0.67598,0.84626,217.0,251.0,-0.04331,-0.0315,-0.03248,-0.03445,-0.03346,-0.02953,-0.02953,-0.0315,-0.03051,-0.03051
2023-05-23 10:03:58,-0.04429,0.85576,0.78131,0.0,501.0,-0.04429,-0.0315,-0.03248,-0.03445,-0.03346,-0.02953,-0.02953,-0.0315,-0.03051,-0.03051
2023-05-23 10:04:00,-0.04528,0.69417,0.5785,0.0,10.0,-0.04528,-0.04429,-0.04429,-0.0315,-0.03248,-0.03445,-0.03346,-0.02953,-0.02953,-0.0315
2023-05-23 10:04:02,-0.04429,0.73348,0.39689,473.0,-189.0,-0.04429,-0.04429,-0.04429,-0.0315,-0.03248,-0.03445,-0.03346,-0.02953,-0.02953,-0.0315
2023-05-23 10:04:03,-0.04429,0.67361,0.48914,0.0,-43.0,-0.04429,-0.04429,-0.04429,-0.0315,-0.03248,-0.03445,-0.03346,-0.02953,-0.02953,-0.0315
2023-05-23 10:04:05,-0.04528,2.16317,0.48392,-1000.0,155.0,-0.04528,-0.04429,-0.04429,-0.0315,-0.03248,-0.03445,-0.03346,-0.02953,-0.02953,-0.0315
2023-05-23 10:04:07,-0.04528,1.06513,0.41388,-3189.0,4832.0,-0.04528,-0.04429,-0.04429,-0.0315,-0.03248,-0.03445,-0.03346,-0.02953,-0.02953,-0.0315
2023-05-23 10:04:09,-0.04429,1.62172,0.55151,-1.0,404.0,-0.04429,-0.04429,-0.04429,-0.0315,-0.03248,-0.03445,-0.03346,-0.02953,-0.02953,-0.0315
2023-05-23 10:04:11,-0.04331,0.62683,0.44374,0.0,10.0,-0.04331,-0.04429,-0.04429,-0.0315,-0.03248,-0.03445,-0.03346,-0.02953,-0.02953,-0.0315
2023-05-23 10:04:13,-0.04429,0.51833,0.40054,0.0,314.0,-0.04429,-0.04429,-0.04429,-0.0315,-0.03248,-0.03445,-0.03346,-0.02953,-0.02953,-0.0315
2023-05-23 10:04:15,-0.04331,0.6084,0.40791,0.0,626.0,-0.04331,-0.04429,-0.04429,-0.0315,-0.03248,-0.03445,-0.03346,-0.02953,-0.02953,-0.0315
2023-05-23 10:04:16,-0.04429,0.3935,0.34094,0.0,19.0,-0.04429,-0.04429,-0.04429,-0.0315,-0.03248,-0.03445,-0.03346,-0.02953,-0.02953,-0.0315
2023-05-23 10:04:18,-0.04429,0.80807,0.36181,2272.0,-6187.0,-0.04429,-0.04429,-0.04429,-0.0315,-0.03248,-0.03445,-0.03346,-0.02953,-0.02953,-0.0315
2023-05-23 10:04:20,-0.04232,0.70143,0.34669,-317.0,6.0,-0.04232,-0.04429,-0.04429,-0.0315,-0.03248,-0.03445,-0.03346,-0.02953,-0.02953,-0.0315
2023-05-23 10:04:22,-0.04232,0.5842,0.32444,4137.0,-1.0,-0.04232,-0.04429,-0.04429,-0.0315,-0.03248,-0.03445,-0.03346,-0.02953,-0.02953,-0.0315
2023-05-23 10:04:24,-0.04232,1.17438,0.4005,0.0,100.0,-0.04232,-0.04429,-0.04429,-0.0315,-0.03248,-0.03445,-0.03346,-0.02953,-0.02953,-0.0315
2023-05-23 10:04:26,-0.04331,0.3692,0.37655,0.0,20.0,-0.04331,-0.04429,-0.04429,-0.0315,-0.03248,-0.03445,-0.03346,-0.02953,-0.02953,-0.0315
2023-05-23 10:04:27,-0.04528,0.43447,0.42724,50.0,0.0,-0.04528,-0.04429,-0.04429,-0.0315,-0.03248,-0.03445,-0.03346,-0.02953,-0.02953,-0.0315
2023-05-23 10:04:29,-0.04331,0.70034,0.50823,-875.0,271.0,-0.04331,-0.04429,-0.04429,-0.0315,-0.03248,-0.03445,-0.03346,-0.02953,-0.02953,-0.0315
2023-05-23 10:04:31,-0.04429,0.70225,0.51545,0.0,-306.0,-0.04429,-0.04429,-0.04429,-0.0315,-0.03248,-0.03445,-0.03346,-0.02953,-0.02953,-0.0315
2023-05-23 10:04:33,-0.04134,0.79404,0.45951,3519.0,3.0,-0.04134,-0.04429,-0.04429,-0.0315,-0.03248,-0.03445,-0.03346,-0.02953,-0.02953,-0.0315
2023-05-23 10:04:35,-0.04331,0.73474,0.43809,-40.0,-40.0,-0.04331,-0.04429,-0.04429,-0.0315,-0.03248,-0.03445,-0.03346,-0.02953,-0.02953,-0.0315
2023-05-23 10:04:37,-0.04134,0.68217,0.51968,10.0,0.0,-0.04134,-0.04429,-0.04429,-0.0315,-0.03248,-0.03445,-0.03346,-0.02953,-0.02953,-0.0315
2023-05-23 10:04:39,-0.04232,0.75759,0.45156,-55.0,0.0,-0.04232,-0.04429,-0.04429,-0.0315,-0.03248,-0.03445,-0.03346,-0.02953,-0.02953,-0.0315
2023-05-23 10:04:40,-0.04232,0.8486,0.45714,99.0,321.0,-0.04232,-0.04429,-0.04429,-0.0315,-0.03248,-0.03445,-0.03346,-0.02953,-0.02953,-0.0315
2023-05-23 10:04:42,-0.04331,0.82729,0.47319,0.0,30.0,-0.04331,-0.04429,-0.04429,-0.0315,-0.03248,-0.03445,-0.03346,-0.02953,-0.02953,-0.0315
2023-05-23 10:04:44,-0.04429,0.57954,0.50371,-1.0,0.0,-0.04429,-0.04429,-0.04429,-0.0315,-0.03248,-0.03445,-0.03346,-0.02953,-0.02953,-0.0315
2023-05-23 10:04:46,-0.04429,0.69024,0.53951,-527.0,203.0,-0.04429,-0.04429,-0.04429,-0.0315,-0.03248,-0.03445,-0.03346,-0.02953,-0.02953,-0.0315
2023-05-23 10:04:48,-0.04331,0.74883,0.56217,6.0,-997.0,-0.04331,-0.04429,-0.04429,-0.0315,-0.03248,-0.03445,-0.03346,-0.02953,-0.02953,-0.0315
2023-05-23 10:04:50,-0.04331,0.53549,0.46828,-1.0,0.0,-0.04331,-0.04429,-0.04429,-0.0315,-0.03248,-0.03445,-0.03346,-0.02953,-0.02953,-0.0315
2023-05-23 10:04:52,-0.04429,0.48029,0.44502,-1.0,-282.0,-0.04429,-0.04429,-0.04429,-0.0315,-0.03248,-0.03445,-0.03346,-0.02953,-0.02953,-0.0315
2023-05-23 10:04:53,-0.04331,0.67977,0.47672,2982.0,-7829.0,-0.04331,-0.04429,-0.04429,-0.0315,-0.03248,-0.03445,-0.03346,-0.02953,-0.02953,-0.0315
2023-05-23 10:04:55,-0.04331,0.59222,0.43756,0.0,580.0,-0.04331,-0.04429,-0.04429,-0.0315,-0.03248,-0.03445,-0.03346,-0.02953,-0.02953,-0.0315
2023-05-23 10:04:57,-0.04232,0.45132,0.38706,-613.0,1.0,-0.04232,-0.04429,-0.04429,-0.0315,-0.03248,-0.03445,-0.03346,-0.02953,-0.02953,-0.0315
2023-05-23 10:04:59,-0.04232,0.42409,0.39277,200.0,15.0,-0.04232,-0.04429,-0.04429,-0.0315,-0.03248,-0.03445,-0.03346,-0.02953,-0.02953,-0.0315
2023-05-23 10:05:01,-0.04232,0.32456,0.33816,-100.0,1109.0,-0.04232,-0.04232,-0.04232,-0.04429,-0.04429,-0.0315,-0.03248,-0.03445,-0.03346,-0.02953
2023-05-23 10:05:03,-0.04134,0.44086,0.48565,20.0,13.0,-0.04134,-0.04232,-0.04232,-0.04429,-0.04429,-0.0315,-0.03248,-0.03445,-0.03346,-0.02953
2023-05-23 10:05:05,-0.04232,0.35554,0.35499,-14086.0,12861.0,-0.04232,-0.04232,-0.04232,-0.04429,-0.04429,-0.0315,-0.03248,-0.03445,-0.03346,-0.02953
2023-05-23 10:05:06,-0.04134,0.4212,0.47946,-1250.0,226.0,-0.04134,-0.04232,-0.04232,-0.04429,-0.04429,-0.0315,-0.03248,-0.03445,-0.03346,-0.02953
2023-05-23 10:05:08,-0.04134,0.43311,0.48004,44.0,-195.0,-0.04134,-0.04232,-0.04232,-0.04429,-0.04429,-0.0315,-0.03248,-0.03445,-0.03346,-0.02953
2023-05-23 10:05:10,-0.04232,0.4466,0.48828,220.0,-9.0,-0.04232,-0.04232,-0.04232,-0.04429,-0.04429,-0.0315,-0.03248,-0.03445,-0.03346,-0.02953
2023-05-23 10:05:12,-0.04035,0.3471,0.4107,0.0,205.0,-0.04035,-0.04232,-0.04232,-0.04429,-0.04429,-0.0315,-0.03248,-0.03445,-0.03346,-0.02953
2023-05-23 10:05:14,-0.04331,0.40703,0.40471,-12891.0,0.0,-0.04331,-0.04232,-0.04232,-0.04429,-0.04429,-0.0315,-0.03248,-0.03445,-0.03346,-0.02953
2023-05-23 10:05:16,-0.04232,0.43059,0.40009,-10.0,0.0,-0.04232,-0.04232,-0.04232,-0.04429,-0.04429,-0.0315,-0.03248,-0.03445,-0.03346,-0.02953
2023-05-23 10:05:18,-0.04232,0.36105,0.39898,-19.0,0.0,-0.04232,-0.04232,-0.04232,-0.04429,-0.04429,-0.0315,-0.03248,-0.03445,-0.03346,-0.02953
2023-05-23 10:05:20,-0.04232,0.34524,0.39207,-2.0,0.0,-0.04232,-0.04232,-0.04232,-0.04429,-0.04429,-0.0315,-0.03248,-0.03445,-0.03346,-0.02953
2023-05-23 10:05:21,-0.04331,0.28353,0.33668,0.0,42.0,-0.04331,-0.04232,-0.04232,-0.04429,-0.04429,-0.0315,-0.03248,-0.03445,-0.03346,-0.02953
2023-05-23 10:05:23,-0.04134,0.40591,0.45907,19.0,102.0,-0.04134,-0.04232,-0.04232,-0.04429,-0.04429,-0.0315,-0.03248,-0.03445,-0.03346,-0.02953
2023-05-23 10:05:25,-0.04232,0.39256,0.45348,0.0,0.0,-0.04232,-0.04232,-0.04232,-0.04429,-0.04429,-0.0315,-0.03248,-0.03445,-0.03346,-0.02953
2023-05-23 10:05:27,-0.04232,0.36964,0.43957,0.0,50.0,-0.04232,-0.04232,-0.04232,-0.04429,-0.04429,-0.0315,-0.03248,-0.03445,-0.03346,-0.02953
2023-05-23 10:05:29,-0.04134,0.34631,0.43294,-61.0,-614.0,-0.04134,-0.04232,-0.04232,-0.04429,-0.04429,-0.0315,-0.03248,-0.03445,-0.03346,-0.02953
2023-05-23 10:05:31,-0.04134,0.37807,0.43054,0.0,-133.0,-0.04134,-0.04232,-0.04232,-0.04429,-0.04429,-0.0315,-0.03248,-0.03445,-0.03346,-0.02953
2023-05-23 10:05:32,-0.04134,0.44183,0.44944,-302.0,-225.0,-0.04134,-0.04232,-0.04232,-0.04429,-0.04429,-0.0315,-0.03248,-0.03445,-0.03346,-0.02953
2023-05-23 10:05:34,-0.04134,0.83351,0.52361,0.0,-6129.0,-0.04134,-0.04232,-0.04232,-0.04429,-0.04429,-0.0315,-0.03248,-0.03445,-0.03346,-0.02953
2023-05-23 10:05:36,-0.04134,0.44079,0.47501,212.0,98.0,-0.04134,-0.04232,-0.04232,-0.04429,-0.04429,-0.0315,-0.03248,-0.03445,-0.03346,-0.02953
2023-05-23 10:05:38,-0.04232,0.45496,0.50622,-50.0,857.0,-0.04232,-0.04232,-0.04232,-0.04429,-0.04429,-0.0315,-0.03248,-0.03445,-0.03346,-0.02953
2023-05-23 10:05:40,-0.04134,0.37741,0.46261,-50.0,0.0,-0.04134,-0.04232,-0.04232,-0.04429,-0.04429,-0.0315,-0.03248,-0.03445,-0.03346,-0.02953
2023-05-23 10:05:42,-0.04134,0.34272,0.44042,-1000.0,-37.0,-0.04134,-0.04232,-0.04232,-0.04429,-0.04429,-0.0315,-0.03248,-0.03445,-0.03346,-0.02953
2023-05-23 10:05:44,-0.04134,0.29447,0.44836,-50.0,0.0,-0.04134,-0.04232,-0.04232,-0.04429,-0.04429,-0.0315,-0.03248,-0.03445,-0.03346,-0.02953
2023-05-23 10:05:46,-0.04134,0.3082,0.45421,0.0,22.0,-0.04134,-0.04232,-0.04232,-0.04429,-0.04429,-0.0315,-0.03248,-0.03445,-0.03346,-0.02953
2023-05-23 10:05:48,-0.04134,0.30576,0.4519,-50.0,-99.0,-0.04134,-0.04232,-0.04232,-0.04429,-0.04429,-0.0315,-0.03248,-0.03445,-0.03346,-0.02953
2023-05-23 10:05:49,-0.04331,0.41854,0.47792,-10397.0,-200.0,-0.04331,-0.04232,-0.04232,-0.04429,-0.04429,-0.0315,-0.03248,-0.03445,-0.03346,-0.02953
2023-05-23 10:05:51,-0.04429,0.49729,0.55412,0.0,-400.0,-0.04429,-0.04232,-0.04232,-0.04429,-0.04429,-0.0315,-0.03248,-0.03445,-0.03346,-0.02953
2023-05-23 10:05:53,-0.04429,0.45086,0.52286,0.0,-1.0,-0.04429,-0.04232,-0.04232,-0.04429,-0.04429,-0.0315,-0.03248,-0.03445,-0.03346,-0.02953
2023-05-23 10:05:55,-0.04429,0.50822,0.54738,0.0,1.0,-0.04429,-0.04232,-0.04232,-0.04429,-0.04429,-0.0315,-0.03248,-0.03445,-0.03346,-0.02953
2023-05-23 10:05:57,-0.04626,0.31211,0.32343,0.0,-64.0,-0.04626,-0.04232,-0.04232,-0.04429,-0.04429,-0.0315,-0.03248,-0.03445,-0.03346,-0.02953
2023-05-23 10:05:59,-0.04724,0.37842,0.35031,830.0,30.0,-0.04724,-0.04232,-0.04232,-0.04429,-0.04429,-0.0315,-0.03248,-0.03445,-0.03346,-0.02953
2023-05-23 10:06:00,-0.04626,0.26484,0.31995,-10.0,0.0,-0.04626,-0.04724,-0.04724,-0.04232,-0.04232,-0.04429,-0.04429,-0.0315,-0.03248,-0.03445
2023-05-23 10:06:02,-0.04724,0.39311,0.3812,-10.0,4206.0,-0.04724,-0.04724,-0.04724,-0.04232,-0.04232,-0.04429,-0.04429,-0.0315,-0.03248,-0.03445
2023-05-23 10:06:04,-0.04626,0.4317,0.39671,0.0,-2848.0,-0.04626,-0.04724,-0.04724,-0.04232,-0.04232,-0.04429,-0.04429,-0.0315,-0.03248,-0.03445
2023-05-23 10:06:06,-0.04724,0.57328,0.35544,-3809.0,-52.0,-0.04724,-0.04724,-0.04724,-0.04232,-0.04232,-0.04429,-0.04429,-0.0315,-0.03248,-0.03445
2023-05-23 10:06:08,-0.04626,1.5767,0.44811,100.0,-125.0,-0.04626,-0.04724,-0.04724,-0.04232,-0.04232,-0.04429,-0.04429,-0.0315,-0.03248,-0.03445
2023-05-23 10:06:10,-0.04528,0.98281,0.40914,-1973.0,480.0,-0.04528,-0.04724,-0.04724,-0.04232,-0.04232,-0.04429,-0.04429,-0.0315,-0.03248,-0.03445
2023-05-23 10:06:12,-0.04528,0.48076,0.34946,0.0,263.0,-0.04528,-0.04724,-0.04724,-0.04232,-0.04232,-0.04429,-0.04429,-0.0315,-0.03248,-0.03445
2023-05-23 10:06:13,-0.04626,0.30171,0.30888,-7512.0,1329.0,-0.04626,-0.04724,-0.04724,-0.04232,-0.04232,-0.04429,-0.04429,-0.0315,-0.03248,-0.03445
2023-05-23 10:06:15,-0.04626,0.30732,0.30448,1713.0,2982.0,-0.04626,-0.04724,-0.04724,-0.04232,-0.04232,-0.04429,-0.04429,-0.0315,-0.03248,-0.03445
2023-05-23 10:06:17,-0.04528,0.53261,0.54759,0.0,1.0,-0.04528,-0.04724,-0.04724,-0.04232,-0.04232,-0.04429,-0.04429,-0.0315,-0.03248,-0.03445
2023-05-23 10:06:19,-0.04528,0.53495,0.53369,0.0,1.0,-0.04528,-0.04724,-0.04724,-0.04232,-0.04232,-0.04429,-0.04429,-0.0315,-0.03248,-0.03445
2023-05-23 10:06:21,-0.04528,0.51134,0.53973,0.0,180.0,-0.04528,-0.04724,-0.04724,-0.04232,-0.04232,-0.04429,-0.04429,-0.0315,-0.03248,-0.03445
2023-05-23 10:06:23,-0.04528,0.31488,0.46847,0.0,792.0,-0.04528,-0.04724,-0.04724,-0.04232,-0.04232,-0.04429,-0.04429,-0.0315,-0.03248,-0.03445
2023-05-23 10:06:25,-0.04528,0.32134,0.48527,0.0,-5.0,-0.04528,-0.04724,-0.04724,-0.04232,-0.04232,-0.04429,-0.04429,-0.0315,-0.03248,-0.03445
2023-05-23 10:06:27,-0.04528,0.33511,0.48402,0.0,65.0,-0.04528,-0.04724,-0.04724,-0.04232,-0.04232,-0.04429,-0.04429,-0.0315,-0.03248,-0.03445
2023-05-23 10:06:28,-0.04429,0.32659,0.48073,0.0,206.0,-0.04429,-0.04724,-0.04724,-0.04232,-0.04232,-0.04429,-0.04429,-0.0315,-0.03248,-0.03445
2023-05-23 10:06:31,-0.04528,0.32843,0.49305,0.0,10.0,-0.04528,-0.04724,-0.04724,-0.04232,-0.04232,-0.04429,-0.04429,-0.0315,-0.03248,-0.03445
2023-05-23 10:06:34,-0.04429,0.63997,0.53509,0.0,-22.0,-0.04429,-0.04724,-0.04724,-0.04232,-0.04232,-0.04429,-0.04429,-0.0315,-0.03248,-0.03445
2023-05-23 10:06:36,-0.04429,0.33141,0.48657,0.0,4.0,-0.04429,-0.04724,-0.04724,-0.04232,-0.04232,-0.04429,-0.04429,-0.0315,-0.03248,-0.03445
2023-05-23 10:06:38,-0.04429,0.33665,0.48816,0.0,-2.0,-0.04429,-0.04724,-0.04724,-0.04232,-0.04232,-0.04429,-0.04429,-0.0315,-0.03248,-0.03445
2023-05-23 10:06:40,-0.04429,0.33433,0.50065,18.0,1003.0,-0.04429,-0.04724,-0.04724,-0.04232,-0.04232,-0.04429,-0.04429,-0.0315,-0.03248,-0.03445
2023-05-23 10:06:41,-0.04331,0.29182,0.4689,0.0,827.0,-0.04331,-0.04724,-0.04724,-0.04232,-0.04232,-0.04429,-0.04429,-0.0315,-0.03248,-0.03445
2023-05-23 10:06:43,-0.04331,0.53888,0.48541,0.0,-9840.0,-0.04331,-0.04724,-0.04724,-0.04232,-0.04232,-0.04429,-0.04429,-0.0315,-0.03248,-0.03445
2023-05-23 10:06:45,-0.04331,0.4363,0.48169,0.0,0.0,-0.04331,-0.04724,-0.04724,-0.04232,-0.04232,-0.04429,-0.04429,-0.0315,-0.03248,-0.03445
2023-05-23 10:06:47,-0.04331,0.48892,0.528,0.0,6.0,-0.04331,-0.04724,-0.04724,-0.04232,-0.04232,-0.04429,-0.04429,-0.0315,-0.03248,-0.03445
2023-05-23 10:06:49,-0.04331,0.47112,0.54756,-503.0,-28.0,-0.04331,-0.04724,-0.04724,-0.04232,-0.04232,-0.04429,-0.04429,-0.0315,-0.03248,-0.03445
2023-05-23 10:06:51,-0.04232,0.61882,0.60095,0.0,1.0,-0.04232,-0.04724,-0.04724,-0.04232,-0.04232,-0.04429,-0.04429,-0.0315,-0.03248,-0.03445
2023-05-23 10:06:52,-0.04232,0.61121,0.59689,0.0,2.0,-0.04232,-0.04724,-0.04724,-0.04232,-0.04232,-0.04429,-0.04429,-0.0315,-0.03248,-0.03445
2023-05-23 10:06:54,-0.04331,0.62496,0.60421,0.0,0.0,-0.04331,-0.04724,-0.04724,-0.04232,-0.04232,-0.04429,-0.04429,-0.0315,-0.03248,-0.03445
2023-05-23 10:06:56,-0.04232,0.69843,0.63153,100.0,-676.0,-0.04232,-0.04724,-0.04724,-0.04232,-0.04232,-0.04429,-0.04429,-0.0315,-0.03248,-0.03445
2023-05-23 10:06:58,-0.04331,0.62899,0.60873,0.0,0.0,-0.04331,-0.04724,-0.04724,-0.04232,-0.04232,-0.04429,-0.04429,-0.0315,-0.03248,-0.03445
2023-05-23 10:07:00,-0.04331,0.6323,0.61422,0.0,-138.0,-0.04331,-0.04232,-0.04331,-0.04724,-0.04724,-0.04232,-0.04232,-0.04429,-0.04429,-0.0315
2023-05-23 10:07:02,-0.04331,0.5922,0.59788,0.0,-1.0,-0.04331,-0.04232,-0.04331,-0.04724,-0.04724,-0.04232,-0.04232,-0.04429,-0.04429,-0.0315
2023-05-23 10:07:04,-0.04232,0.59622,0.59934,-2.0,1.0,-0.04232,-0.04232,-0.04331,-0.04724,-0.04724,-0.04232,-0.04232,-0.04429,-0.04429,-0.0315
2023-05-23 10:07:06,-0.04331,0.33312,0.5295,0.0,0.0,-0.04331,-0.04232,-0.04331,-0.04724,-0.04724,-0.04232,-0.04232,-0.04429,-0.04429,-0.0315
2023-05-23 10:07:07,-0.04331,0.38126,0.54992,209.0,0.0,-0.04331,-0.04232,-0.04331,-0.04724,-0.04724,-0.04232,-0.04232,-0.04429,-0.04429,-0.0315
2023-05-23 10:07:09,-0.04331,0.6684,0.64898,39.0,0.0,-0.04331,-0.04232,-0.04331,-0.04724,-0.04724,-0.04232,-0.04232,-0.04429,-0.04429,-0.0315
2023-05-23 10:07:11,-0.04232,0.71191,0.66616,-1.0,-25.0,-0.04232,-0.04232,-0.04331,-0.04724,-0.04724,-0.04232,-0.04232,-0.04429,-0.04429,-0.0315
2023-05-23 10:07:13,-0.04331,0.61636,0.63039,0.0,-50.0,-0.04331,-0.04232,-0.04331,-0.04724,-0.04724,-0.04232,-0.04232,-0.04429,-0.04429,-0.0315
2023-05-23 10:07:15,-0.04232,0.42373,0.55441,0.0,390.0,-0.04232,-0.04232,-0.04331,-0.04724,-0.04724,-0.04232,-0.04232,-0.04429,-0.04429,-0.0315
2023-05-23 10:07:17,-0.04331,0.68592,0.69764,0.0,0.0,-0.04331,-0.04232,-0.04331,-0.04724,-0.04724,-0.04232,-0.04232,-0.04429,-0.04429,-0.0315
2023-05-23 10:07:18,-0.04232,0.34681,0.51837,2.0,-13.0,-0.04232,-0.04232,-0.04331,-0.04724,-0.04724,-0.04232,-0.04232,-0.04429,-0.04429,-0.0315
2023-05-23 10:07:20,-0.04134,0.69663,0.66067,-205.0,0.0,-0.04134,-0.04232,-0.04331,-0.04724,-0.04724,-0.04232,-0.04232,-0.04429,-0.04429,-0.0315
2023-05-23 10:07:22,-0.04134,0.68153,0.65471,0.0,2.0,-0.04134,-0.04232,-0.04331,-0.04724,-0.04724,-0.04232,-0.04232,-0.04429,-0.04429,-0.0315
2023-05-23 10:07:24,-0.04331,0.61001,0.60942,1.0,0.0,-0.04331,-0.04232,-0.04331,-0.04724,-0.04724,-0.04232,-0.04232,-0.04429,-0.04429,-0.0315
2023-05-23 10:07:26,-0.04232,0.67583,0.63807,0.0,0.0,-0.04232,-0.04232,-0.04331,-0.04724,-0.04724,-0.04232,-0.04232,-0.04429,-0.04429,-0.0315
2023-05-23 10:07:28,-0.04331,0.70151,0.64658,0.0,-500.0,-0.04331,-0.04232,-0.04331,-0.04724,-0.04724,-0.04232,-0.04232,-0.04429,-0.04429,-0.0315
2023-05-23 10:07:30,-0.04331,0.82276,0.68025,0.0,-47.0,-0.04331,-0.04232,-0.04331,-0.04724,-0.04724,-0.04232,-0.04232,-0.04429,-0.04429,-0.0315
2023-05-23 10:07:31,-0.04331,0.89762,0.73805,4030.0,-10778.0,-0.04331,-0.04232,-0.04331,-0.04724,-0.04724,-0.04232,-0.04232,-0.04429,-0.04429,-0.0315
2023-05-23 10:07:33,-0.04331,0.86996,0.72782,0.0,50.0,-0.04331,-0.04232,-0.04331,-0.04724,-0.04724,-0.04232,-0.04232,-0.04429,-0.04429,-0.0315
2023-05-23 10:07:35,-0.04232,0.84938,0.72346,1000.0,1.0,-0.04232,-0.04232,-0.04331,-0.04724,-0.04724,-0.04232,-0.04232,-0.04429,-0.04429,-0.0315
2023-05-23 10:07:37,-0.04232,0.81998,0.67337,0.0,0.0,-0.04232,-0.04232,-0.04331,-0.04724,-0.04724,-0.04232,-0.04232,-0.04429,-0.04429,-0.0315
2023-05-23 10:07:39,-0.04331,0.74518,0.65003,0.0,-393.0,-0.04331,-0.04232,-0.04331,-0.04724,-0.04724,-0.04232,-0.04232,-0.04429,-0.04429,-0.0315
2023-05-23 10:07:41,-0.04331,0.69324,0.63261,0.0,1028.0,-0.04331,-0.04232,-0.04331,-0.04724,-0.04724,-0.04232,-0.04232,-0.04429,-0.04429,-0.0315
2023-05-23 10:07:43,-0.04232,0.70871,0.63984,-1.0,3.0,-0.04232,-0.04232,-0.04331,-0.04724,-0.04724,-0.04232,-0.04232,-0.04429,-0.04429,-0.0315
2023-05-23 10:07:44,-0.04331,0.83343,0.66929,0.0,-115.0,-0.04331,-0.04232,-0.04331,-0.04724,-0.04724,-0.04232,-0.04232,-0.04429,-0.04429,-0.0315
2023-05-23 10:07:46,-0.04232,0.83582,0.67028,0.0,3.0,-0.04232,-0.04232,-0.04331,-0.04724,-0.04724,-0.04232,-0.04232,-0.04429,-0.04429,-0.0315
2023-05-23 10:07:48,-0.04232,0.79462,0.65832,0.0,-40.0,-0.04232,-0.04232,-0.04331,-0.04724,-0.04724,-0.04232,-0.04232,-0.04429,-0.04429,-0.0315
2023-05-23 10:07:50,-0.04232,0.7351,0.64005,493.0,-82.0,-0.04232,-0.04232,-0.04331,-0.04724,-0.04724,-0.04232,-0.04232,-0.04429,-0.04429,-0.0315
2023-05-23 10:07:52,-0.04331,0.38778,0.56357,0.0,50.0,-0.04331,-0.04232,-0.04331,-0.04724,-0.04724,-0.04232,-0.04232,-0.04429,-0.04429,-0.0315
2023-05-23 10:07:54,-0.04232,0.75054,0.6297,24.0,0.0,-0.04232,-0.04232,-0.04331,-0.04724,-0.04724,-0.04232,-0.04232,-0.04429,-0.04429,-0.0315
2023-05-23 10:07:56,-0.04331,0.76096,0.64888,0.0,-10.0,-0.04331,-0.04232,-0.04331,-0.04724,-0.04724,-0.04232,-0.04232,-0.04429,-0.04429,-0.0315
2023-05-23 10:07:57,-0.04331,0.73546,0.64477,0.0,0.0,-0.04331,-0.04232,-0.04331,-0.04724,-0.04724,-0.04232,-0.04232,-0.04429,-0.04429,-0.0315
2023-05-23 10:07:59,-0.04331,0.36057,0.56199,100.0,0.0,-0.04331,-0.04331,-0.04331,-0.04724,-0.04724,-0.04232,-0.04232,-0.04429,-0.04429,-0.0315
2023-05-23 10:08:01,-0.04331,0.39081,0.57418,2600.0,0.0,-0.04331,-0.04331,-0.04331,-0.04232,-0.04331,-0.04724,-0.04724,-0.04232,-0.04232,-0.04429
2023-05-23 10:08:03,-0.04331,0.39563,0.55836,0.0,20.0,-0.04331,-0.04331,-0.04331,-0.04232,-0.04331,-0.04724,-0.04724,-0.04232,-0.04232,-0.04429
2023-05-23 10:08:05,-0.04331,0.68846,0.51211,2748.0,-10611.0,-0.04331,-0.04331,-0.04331,-0.04232,-0.04331,-0.04724,-0.04724,-0.04232,-0.04232,-0.04429
2023-05-23 10:08:07,-0.04331,0.67213,0.51277,0.0,100.0,-0.04331,-0.04331,-0.04331,-0.04232,-0.04331,-0.04724,-0.04724,-0.04232,-0.04232,-0.04429
2023-05-23 10:08:09,-0.04232,0.64581,0.50409,0.0,0.0,-0.04232,-0.04331,-0.04331,-0.04232,-0.04331,-0.04724,-0.04724,-0.04232,-0.04232,-0.04429
2023-05-23 10:08:10,-0.04232,0.61944,0.48841,0.0,205.0,-0.04232,-0.04331,-0.04331,-0.04232,-0.04331,-0.04724,-0.04724,-0.04232,-0.04232,-0.04429
2023-05-23 10:08:12,-0.04331,0.61412,0.48862,0.0,0.0,-0.04331,-0.04331,-0.04331,-0.04232,-0.04331,-0.04724,-0.04724,-0.04232,-0.04232,-0.04429
2023-05-23 10:08:14,-0.04331,0.58135,0.47462,0.0,-372.0,-0.04331,-0.04331,-0.04331,-0.04232,-0.04331,-0.04724,-0.04724,-0.04232,-0.04232,-0.04429
2023-05-23 10:08:16,-0.04331,0.57547,0.46518,0.0,82.0,-0.04331,-0.04331,-0.04331,-0.04232,-0.04331,-0.04724,-0.04724,-0.04232,-0.04232,-0.04429
2023-05-23 10:08:18,-0.04331,0.65638,0.47797,80.0,5000.0,-0.04331,-0.04331,-0.04331,-0.04232,-0.04331,-0.04724,-0.04724,-0.04232,-0.04232,-0.04429
2023-05-23 10:08:20,-0.04035,0.6413,0.45983,0.0,0.0,-0.04035,-0.04331,-0.04331,-0.04232,-0.04331,-0.04724,-0.04724,-0.04232,-0.04232,-0.04429
2023-05-23 10:08:22,-0.04035,1.48193,0.66413,810.0,30.0,-0.04035,-0.04331,-0.04331,-0.04232,-0.04331,-0.04724,-0.04724,-0.04232,-0.04232,-0.04429
2023-05-23 10:08:23,-0.04035,1.35157,0.6627,0.0,-503.0,-0.04035,-0.04331,-0.04331,-0.04232,-0.04331,-0.04724,-0.04724,-0.04232,-0.04232,-0.04429
2023-05-23 10:08:25,-0.04035,1.45643,0.66397,0.0,-30.0,-0.04035,-0.04331,-0.04331,-0.04232,-0.04331,-0.04724,-0.04724,-0.04232,-0.04232,-0.04429
2023-05-23 10:08:27,-0.04035,1.2026,0.63105,-10.0,-10.0,-0.04035,-0.04331,-0.04331,-0.04232,-0.04331,-0.04724,-0.04724,-0.04232,-0.04232,-0.04429
2023-05-23 10:08:29,-0.04035,0.68829,0.50548,0.0,5.0,-0.04035,-0.04331,-0.04331,-0.04232,-0.04331,-0.04724,-0.04724,-0.04232,-0.04232,-0.04429
2023-05-23 10:08:31,-0.04035,0.72008,0.52791,0.0,41.0,-0.04035,-0.04331,-0.04331,-0.04232,-0.04331,-0.04724,-0.04724,-0.04232,-0.04232,-0.04429
2023-05-23 10:08:33,-0.04134,0.71449,0.53202,22.0,0.0,-0.04134,-0.04331,-0.04331,-0.04232,-0.04331,-0.04724,-0.04724,-0.04232,-0.04232,-0.04429
2023-05-23 10:08:34,-0.04134,0.66989,0.52133,0.0,854.0,-0.04134,-0.04331,-0.04331,-0.04232,-0.04331,-0.04724,-0.04724,-0.04232,-0.04232,-0.04429
2023-05-23 10:08:36,-0.04035,0.65051,0.53693,-471.0,0.0,-0.04035,-0.04331,-0.04331,-0.04232,-0.04331,-0.04724,-0.04724,-0.04232,-0.04232,-0.04429
2023-05-23 10:08:38,-0.04035,0.6528,0.53101,-17.0,0.0,-0.04035,-0.04331,-0.04331,-0.04232,-0.04331,-0.04724,-0.04724,-0.04232,-0.04232,-0.04429
2023-05-23 10:08:40,-0.04035,0.67665,0.53682,2.0,119.0,-0.04035,-0.04331,-0.04331,-0.04232,-0.04331,-0.04724,-0.04724,-0.04232,-0.04232,-0.04429
2023-05-23 10:08:42,-0.04035,0.66259,0.5114,0.0,0.0,-0.04035,-0.04331,-0.04331,-0.04232,-0.04331,-0.04724,-0.04724,-0.04232,-0.04232,-0.04429
2023-05-23 10:08:44,-0.04134,0.6926,0.51899,90.0,-31.0,-0.04134,-0.04331,-0.04331,-0.04232,-0.04331,-0.04724,-0.04724,-0.04232,-0.04232,-0.04429
2023-05-23 10:08:45,-0.04035,0.68068,0.51899,0.0,0.0,-0.04035,-0.04331,-0.04331,-0.04232,-0.04331,-0.04724,-0.04724,-0.04232,-0.04232,-0.04429
2023-05-23 10:08:47,-0.04035,0.95465,0.56986,6026.0,880.0,-0.04035,-0.04331,-0.04331,-0.04232,-0.04331,-0.04724,-0.04724,-0.04232,-0.04232,-0.04429
2023-05-23 10:08:49,-0.04134,1.51379,0.65129,0.0,-155.0,-0.04134,-0.04331,-0.04331,-0.04232,-0.04331,-0.04724,-0.04724,-0.04232,-0.04232,-0.04429
2023-05-23 10:08:51,-0.04134,0.89143,0.59954,-110.0,0.0,-0.04134,-0.04331,-0.04331,-0.04232,-0.04331,-0.04724,-0.04724,-0.04232,-0.04232,-0.04429
2023-05-23 10:08:53,-0.04134,0.93417,0.60201,-1.0,0.0,-0.04134,-0.04331,-0.04331,-0.04232,-0.04331,-0.04724,-0.04724,-0.04232,-0.04232,-0.04429
2023-05-23 10:08:55,-0.04232,0.6421,0.49236,-11141.0,7730.0,-0.04232,-0.04331,-0.04331,-0.04232,-0.04331,-0.04724,-0.04724,-0.04232,-0.04232,-0.04429
2023-05-23 10:08:57,-0.04232,0.6406,0.49225,-10.0,0.0,-0.04232,-0.04331,-0.04331,-0.04232,-0.04331,-0.04724,-0.04724,-0.04232,-0.04232,-0.04429
2023-05-23 10:08:58,-0.04232,0.61729,0.4861,70.0,0.0,-0.04232,-0.04331,-0.04331,-0.04232,-0.04331,-0.04724,-0.04724,-0.04232,-0.04232,-0.04429
2023-05-23 10:09:00,-0.04232,0.84978,0.59476,0.0,50.0,-0.04232,-0.04232,-0.04232,-0.04331,-0.04331,-0.04232,-0.04331,-0.04724,-0.04724,-0.04232
2023-05-23 10:09:02,-0.04232,0.70712,0.55807,0.0,9814.0,-0.04232,-0.04232,-0.04232,-0.04331,-0.04331,-0.04232,-0.04331,-0.04724,-0.04724,-0.04232
2023-05-23 10:09:04,-0.04232,0.47464,0.42305,2.0,0.0,-0.04232,-0.04232,-0.04232,-0.04331,-0.04331,-0.04232,-0.04331,-0.04724,-0.04724,-0.04232
2023-05-23 10:09:06,-0.04232,0.43474,0.40602,-153.0,5000.0,-0.04232,-0.04232,-0.04232,-0.04331,-0.04331,-0.04232,-0.04331,-0.04724,-0.04724,-0.04232
2023-05-23 10:09:08,-0.04331,0.41903,0.3987,0.0,-4.0,-0.04331,-0.04232,-0.04232,-0.04331,-0.04331,-0.04232,-0.04331,-0.04724,-0.04724,-0.04232
2023-05-23 10:09:10,-0.04232,0.39846,0.45082,0.0,0.0,-0.04232,-0.04232,-0.04232,-0.04331,-0.04331,-0.04232,-0.04331,-0.04724,-0.04724,-0.04232
2023-05-23 10:09:11,-0.04232,0.44409,0.4748,1116.0,0.0,-0.04232,-0.04232,-0.04232,-0.04331,-0.04331,-0.04232,-0.04331,-0.04724,-0.04724,-0.04232
2023-05-23 10:09:13,-0.04232,0.45938,0.47514,-617.0,0.0,-0.04232,-0.04232,-0.04232,-0.04331,-0.04331,-0.04232,-0.04331,-0.04724,-0.04724,-0.04232
2023-05-23 10:09:15,-0.04232,0.44999,0.4708,869.0,40.0,-0.04232,-0.04232,-0.04232,-0.04331,-0.04331,-0.04232,-0.04331,-0.04724,-0.04724,-0.04232
2023-05-23 10:09:17,-0.04232,0.45334,0.47114,0.0,110.0,-0.04232,-0.04232,-0.04232,-0.04331,-0.04331,-0.04232,-0.04331,-0.04724,-0.04724,-0.04232
2023-05-23 10:09:19,-0.04232,0.43867,0.46398,0.0,50.0,-0.04232,-0.04232,-0.04232,-0.04331,-0.04331,-0.04232,-0.04331,-0.04724,-0.04724,-0.04232
2023-05-23 10:09:21,-0.04134,0.57583,0.56695,-77.0,0.0,-0.04134,-0.04232,-0.04232,-0.04331,-0.04331,-0.04232,-0.04331,-0.04724,-0.04724,-0.04232
2023-05-23 10:09:23,-0.04134,0.57478,0.56847,0.0,0.0,-0.04134,-0.04232,-0.04232,-0.04331,-0.04331,-0.04232,-0.04331,-0.04724,-0.04724,-0.04232
2023-05-23 10:09:24,-0.04134,0.59714,0.57669,0.0,-2.0,-0.04134,-0.04232,-0.04232,-0.04331,-0.04331,-0.04232,-0.04331,-0.04724,-0.04724,-0.04232
2023-05-23 10:09:26,-0.04134,0.58424,0.57547,0.0,50.0,-0.04134,-0.04232,-0.04232,-0.04331,-0.04331,-0.04232,-0.04331,-0.04724,-0.04724,-0.04232
2023-05-23 10:09:28,-0.04134,0.56376,0.56983,2.0,0.0,-0.04134,-0.04232,-0.04232,-0.04331,-0.04331,-0.04232,-0.04331,-0.04724,-0.04724,-0.04232
2023-05-23 10:09:30,-0.04134,0.50484,0.54611,0.0,0.0,-0.04134,-0.04232,-0.04232,-0.04331,-0.04331,-0.04232,-0.04331,-0.04724,-0.04724,-0.04232
2023-05-23 10:09:32,-0.04134,0.48733,0.53595,-462.0,490.0,-0.04134,-0.04232,-0.04232,-0.04331,-0.04331,-0.04232,-0.04331,-0.04724,-0.04724,-0.04232
2023-05-23 10:09:34,-0.04134,0.38342,0.51908,-5.0,0.0,-0.04134,-0.04232,-0.04232,-0.04331,-0.04331,-0.04232,-0.04331,-0.04724,-0.04724,-0.04232
2023-05-23 10:09:36,-0.04134,0.4743,0.54408,0.0,65.0,-0.04134,-0.04232,-0.04232,-0.04331,-0.04331,-0.04232,-0.04331,-0.04724,-0.04724,-0.04232
2023-05-23 10:09:38,-0.04035,0.45834,0.55155,0.0,1207.0,-0.04035,-0.04232,-0.04232,-0.04331,-0.04331,-0.04232,-0.04331,-0.04724,-0.04724,-0.04232
2023-05-23 10:09:40,-0.04035,0.53743,0.59058,2.0,-1.0,-0.04035,-0.04232,-0.04232,-0.04331,-0.04331,-0.04232,-0.04331,-0.04724,-0.04724,-0.04232
2023-05-23 10:09:44,-0.04035,0.53393,0.58739,0.0,2.0,-0.04035,-0.04232,-0.04232,-0.04331,-0.04331,-0.04232,-0.04331,-0.04724,-0.04724,-0.04232
2023-05-23 10:09:46,-0.04134,0.56751,0.58596,0.0,-100.0,-0.04134,-0.04232,-0.04232,-0.04331,-0.04331,-0.04232,-0.04331,-0.04724,-0.04724,-0.04232
2023-05-23 10:09:47,-0.04134,0.56319,0.58067,-4.0,0.0,-0.04134,-0.04232,-0.04232,-0.04331,-0.04331,-0.04232,-0.04331,-0.04724,-0.04724,-0.04232
2023-05-23 10:09:49,-0.04134,0.5828,0.59141,0.0,0.0,-0.04134,-0.04232,-0.04232,-0.04331,-0.04331,-0.04232,-0.04331,-0.04724,-0.04724,-0.04232
2023-05-23 10:09:51,-0.04134,0.53765,0.57864,0.0,0.0,-0.04134,-0.04232,-0.04232,-0.04331,-0.04331,-0.04232,-0.04331,-0.04724,-0.04724,-0.04232
2023-05-23 10:09:53,-0.04331,0.81679,0.69842,0.0,0.0,-0.04331,-0.04232,-0.04232,-0.04331,-0.04331,-0.04232,-0.04331,-0.04724,-0.04724,-0.04232
2023-05-23 10:09:55,-0.04134,1.0309,0.75217,0.0,0.0,-0.04134,-0.04232,-0.04232,-0.04331,-0.04331,-0.04232,-0.04331,-0.04724,-0.04724,-0.04232
2023-05-23 10:09:57,-0.04232,0.78662,0.61494,-1.0,270.0,-0.04232,-0.04232,-0.04232,-0.04331,-0.04331,-0.04232,-0.04331,-0.04724,-0.04724,-0.04232
2023-05-23 10:09:59,-0.04331,0.95976,0.66014,0.0,-500.0,-0.04331,-0.04232,-0.04232,-0.04331,-0.04331,-0.04232,-0.04331,-0.04724,-0.04724,-0.04232
2023-05-23 10:10:01,-0.04331,0.69504,0.57161,-50.0,0.0,-0.04331,-0.04331,-0.04232,-0.04232,-0.04232,-0.04331,-0.04331,-0.04232,-0.04331,-0.04724
2023-05-23 10:10:02,-0.04331,0.77115,0.49283,-1000.0,175.0,-0.04331,-0.04331,-0.04232,-0.04232,-0.04232,-0.04331,-0.04331,-0.04232,-0.04331,-0.04724
2023-05-23 10:10:04,-0.04429,1.72386,0.80448,-1.0,143.0,-0.04429,-0.04331,-0.04232,-0.04232,-0.04232,-0.04331,-0.04331,-0.04232,-0.04331,-0.04724
2023-05-23 10:10:06,-0.04528,1.04611,0.69213,1814.0,14839.0,-0.04528,-0.04331,-0.04232,-0.04232,-0.04232,-0.04331,-0.04331,-0.04232,-0.04331,-0.04724
2023-05-23 10:10:08,-0.04626,0.24172,0.40998,-9602.0,0.0,-0.04626,-0.04331,-0.04232,-0.04232,-0.04232,-0.04331,-0.04331,-0.04232,-0.04331,-0.04724
2023-05-23 10:10:10,-0.04724,0.37002,0.40976,0.0,-300.0,-0.04724,-0.04331,-0.04232,-0.04232,-0.04232,-0.04331,-0.04331,-0.04232,-0.04331,-0.04724
2023-05-23 10:10:12,-0.04724,0.41279,0.42308,1100.0,10.0,-0.04724,-0.04331,-0.04232,-0.04232,-0.04232,-0.04331,-0.04331,-0.04232,-0.04331,-0.04724
2023-05-23 10:10:14,-0.04823,0.30082,0.41281,0.0,-330.0,-0.04823,-0.04331,-0.04232,-0.04232,-0.04232,-0.04331,-0.04331,-0.04232,-0.04331,-0.04724
2023-05-23 10:10:16,-0.04823,0.32255,0.42481,0.0,-408.0,-0.04823,-0.04331,-0.04232,-0.04232,-0.04232,-0.04331,-0.04331,-0.04232,-0.04331,-0.04724
2023-05-23 10:10:17,-0.04823,0.24439,0.36427,-114.0,-448.0,-0.04823,-0.04331,-0.04232,-0.04232,-0.04232,-0.04331,-0.04331,-0.04232,-0.04331,-0.04724
2023-05-23 10:10:19,-0.04921,0.25725,0.37113,-12.0,-12.0,-0.04921,-0.04331,-0.04232,-0.04232,-0.04232,-0.04331,-0.04331,-0.04232,-0.04331,-0.04724
2023-05-23 10:10:21,-0.04823,0.33826,0.41483,0.0,-270.0,-0.04823,-0.04331,-0.04232,-0.04232,-0.04232,-0.04331,-0.04331,-0.04232,-0.04331,-0.04724
2023-05-23 10:10:23,-0.04823,0.28824,0.39541,258.0,0.0,-0.04823,-0.04331,-0.04232,-0.04232,-0.04232,-0.04331,-0.04331,-0.04232,-0.04331,-0.04724
2023-05-23 10:10:25,-0.04921,0.47701,0.4632,4.0,0.0,-0.04921,-0.04331,-0.04232,-0.04232,-0.04232,-0.04331,-0.04331,-0.04232,-0.04331,-0.04724
2023-05-23 10:10:27,-0.04921,0.3465,0.41868,0.0,-77.0,-0.04921,-0.04331,-0.04232,-0.04232,-0.04232,-0.04331,-0.04331,-0.04232,-0.04331,-0.04724
2023-05-23 10:10:29,-0.04921,0.24958,0.38312,0.0,0.0,-0.04921,-0.04331,-0.04232,-0.04232,-0.04232,-0.04331,-0.04331,-0.04232,-0.04331,-0.04724
2023-05-23 10:10:30,-0.04921,0.27746,0.34776,-12.0,20.0,-0.04921,-0.04331,-0.04232,-0.04232,-0.04232,-0.04331,-0.04331,-0.04232,-0.04331,-0.04724
2023-05-23 10:10:32,-0.04921,0.2209,0.38042,0.0,2.0,-0.04921,-0.04331,-0.04232,-0.04232,-0.04232,-0.04331,-0.04331,-0.04232,-0.04331,-0.04724
2023-05-23 10:10:34,-0.04921,0.62706,0.4375,1950.0,0.0,-0.04921,-0.04331,-0.04232,-0.04232,-0.04232,-0.04331,-0.04331,-0.04232,-0.04331,-0.04724
2023-05-23 10:10:36,-0.05118,0.27998,0.36337,0.0,500.0,-0.05118,-0.04331,-0.04232,-0.04232,-0.04232,-0.04331,-0.04331,-0.04232,-0.04331,-0.04724
2023-05-23 10:10:38,-0.0502,0.25281,0.36135,156.0,0.0,-0.0502,-0.04331,-0.04232,-0.04232,-0.04232,-0.04331,-0.04331,-0.04232,-0.04331,-0.04724
2023-05-23 10:10:40,-0.05118,0.21893,0.33942,-223.0,-50.0,-0.05118,-0.04331,-0.04232,-0.04232,-0.04232,-0.04331,-0.04331,-0.04232,-0.04331,-0.04724
2023-05-23 10:10:42,-0.05118,0.26229,0.40355,-92.0,2560.0,-0.05118,-0.04331,-0.04232,-0.04232,-0.04232,-0.04331,-0.04331,-0.04232,-0.04331,-0.04724
2023-05-23 10:10:43,-0.05118,0.33298,0.37335,-1814.0,0.0,-0.05118,-0.04331,-0.04232,-0.04232,-0.04232,-0.04331,-0.04331,-0.04232,-0.04331,-0.04724
2023-05-23 10:10:45,-0.0502,0.1813,0.31289,406.0,0.0,-0.0502,-0.04331,-0.04232,-0.04232,-0.04232,-0.04331,-0.04331,-0.04232,-0.04331,-0.04724
2023-05-23 10:10:47,-0.0502,0.3916,0.3784,0.0,3.0,-0.0502,-0.04331,-0.04232,-0.04232,-0.04232,-0.04331,-0.04331,-0.04232,-0.04331,-0.04724
2023-05-23 10:10:49,-0.0502,0.39864,0.38085,0.0,-31.0,-0.0502,-0.04331,-0.04232,-0.04232,-0.04232,-0.04331,-0.04331,-0.04232,-0.04331,-0.04724
2023-05-23 10:10:51,-0.0502,0.22485,0.31996,0.0,2.0,-0.0502,-0.04331,-0.04232,-0.04232,-0.04232,-0.04331,-0.04331,-0.04232,-0.04331,-0.04724
2023-05-23 10:10:53,-0.04823,0.31042,0.38921,0.0,10.0,-0.04823,-0.04331,-0.04232,-0.04232,-0.04232,-0.04331,-0.04331,-0.04232,-0.04331,-0.04724
2023-05-23 10:10:55,-0.04921,0.22242,0.3304,-100.0,2.0,-0.04921,-0.04331,-0.04232,-0.04232,-0.04232,-0.04331,-0.04331,-0.04232,-0.04331,-0.04724
2023-05-23 10:10:56,-0.04921,0.21282,0.32955,0.0,1.0,-0.04921,-0.04331,-0.04232,-0.04232,-0.04232,-0.04331,-0.04331,-0.04232,-0.04331,-0.04724
2023-05-23 10:10:58,-0.0502,0.21412,0.33025,0.0,154.0,-0.0502,-0.04331,-0.04232,-0.04232,-0.04232,-0.04331,-0.04331,-0.04232,-0.04331,-0.04724
2023-05-23 10:11:00,-0.0502,0.22577,0.32083,0.0,500.0,-0.0502,-0.04921,-0.04921,-0.04331,-0.04232,-0.04232,-0.04232,-0.04331,-0.04331,-0.04232
2023-05-23 10:11:02,-0.04921,0.22982,0.32081,-7592.0,15437.0,-0.04921,-0.04921,-0.04921,-0.04331,-0.04232,-0.04232,-0.04232,-0.04331,-0.04331,-0.04232
2023-05-23 10:11:04,-0.04921,0.37338,0.41173,0.0,5.0,-0.04921,-0.04921,-0.04921,-0.04331,-0.04232,-0.04232,-0.04232,-0.04331,-0.04331,-0.04232
2023-05-23 10:11:06,-0.04921,0.36867,0.40844,0.0,100.0,-0.04921,-0.04921,-0.04921,-0.04331,-0.04232,-0.04232,-0.04232,-0.04331,-0.04331,-0.04232
2023-05-23 10:11:08,-0.0502,0.28272,0.38752,-1135.0,0.0,-0.0502,-0.04921,-0.04921,-0.04331,-0.04232,-0.04232,-0.04232,-0.04331,-0.04331,-0.04232
2023-05-23 10:11:09,-0.0502,0.24703,0.34718,0.0,3.0,-0.0502,-0.04921,-0.04921,-0.04331,-0.04232,-0.04232,-0.04232,-0.04331,-0.04331,-0.04232
2023-05-23 10:11:11,-0.0502,0.21449,0.3328,-300.0,0.0,-0.0502,-0.04921,-0.04921,-0.04331,-0.04232,-0.04232,-0.04232,-0.04331,-0.04331,-0.04232
2023-05-23 10:11:13,-0.05118,0.41375,0.4179,0.0,-14.0,-0.05118,-0.04921,-0.04921,-0.04331,-0.04232,-0.04232,-0.04232,-0.04331,-0.04331,-0.04232
2023-05-23 10:11:15,-0.05217,0.04233,0.25534,-7.0,207.0,-0.05217,-0.04921,-0.04921,-0.04331,-0.04232,-0.04232,-0.04232,-0.04331,-0.04331,-0.04232
2023-05-23 10:11:17,-0.05118,0.3174,0.34405,0.0,101.0,-0.05118,-0.04921,-0.04921,-0.04331,-0.04232,-0.04232,-0.04232,-0.04331,-0.04331,-0.04232
2023-05-23 10:11:19,-0.05118,0.27216,0.3237,0.0,1163.0,-0.05118,-0.04921,-0.04921,-0.04331,-0.04232,-0.04232,-0.04232,-0.04331,-0.04331,-0.04232
2023-05-23 10:11:21,-0.0502,0.28313,0.32399,0.0,2100.0,-0.0502,-0.04921,-0.04921,-0.04331,-0.04232,-0.04232,-0.04232,-0.04331,-0.04331,-0.04232
2023-05-23 10:11:22,-0.05118,0.36146,0.3494,0.0,262.0,-0.05118,-0.04921,-0.04921,-0.04331,-0.04232,-0.04232,-0.04232,-0.04331,-0.04331,-0.04232
2023-05-23 10:11:24,-0.05118,0.19593,0.27575,0.0,25.0,-0.05118,-0.04921,-0.04921,-0.04331,-0.04232,-0.04232,-0.04232,-0.04331,-0.04331,-0.04232
2023-05-23 10:11:26,-0.05217,0.26269,0.34196,0.0,-2402.0,-0.05217,-0.04921,-0.04921,-0.04331,-0.04232,-0.04232,-0.04232,-0.04331,-0.04331,-0.04232
2023-05-23 10:11:28,-0.05217,0.27294,0.33912,-100.0,-224.0,-0.05217,-0.04921,-0.04921,-0.04331,-0.04232,-0.04232,-0.04232,-0.04331,-0.04331,-0.04232
2023-05-23 10:11:30,-0.05217,0.30666,0.35696,0.0,-630.0,-0.05217,-0.04921,-0.04921,-0.04331,-0.04232,-0.04232,-0.04232,-0.04331,-0.04331,-0.04232
2023-05-23 10:11:32,-0.05217,0.31007,0.38816,-50.0,10.0,-0.05217,-0.04921,-0.04921,-0.04331,-0.04232,-0.04232,-0.04232,-0.04331,-0.04331,-0.04232
2023-05-23 10:11:34,-0.05315,0.32172,0.3946,-1.0,0.0,-0.05315,-0.04921,-0.04921,-0.04331,-0.04232,-0.04232,-0.04232,-0.04331,-0.04331,-0.04232
2023-05-23 10:11:36,-0.05315,0.30948,0.38296,-300.0,-649.0,-0.05315,-0.04921,-0.04921,-0.04331,-0.04232,-0.04232,-0.04232,-0.04331,-0.04331,-0.04232
2023-05-23 10:11:37,-0.05315,0.22247,0.33191,-21.0,0.0,-0.05315,-0.04921,-0.04921,-0.04331,-0.04232,-0.04232,-0.04232,-0.04331,-0.04331,-0.04232
2023-05-23 10:11:39,-0.05315,0.27574,0.36504,0.0,1.0,-0.05315,-0.04921,-0.04921,-0.04331,-0.04232,-0.04232,-0.04232,-0.04331,-0.04331,-0.04232
2023-05-23 10:11:41,-0.05315,0.32985,0.38666,0.0,-448.0,-0.05315,-0.04921,-0.04921,-0.04331,-0.04232,-0.04232,-0.04232,-0.04331,-0.04331,-0.04232
2023-05-23 10:11:43,-0.05315,0.2868,0.35602,-40.0,300.0,-0.05315,-0.04921,-0.04921,-0.04331,-0.04232,-0.04232,-0.04232,-0.04331,-0.04331,-0.04232
2023-05-23 10:11:45,-0.05315,0.26767,0.34284,0.0,510.0,-0.05315,-0.04921,-0.04921,-0.04331,-0.04232,-0.04232,-0.04232,-0.04331,-0.04331,-0.04232
2023-05-23 10:11:47,-0.05315,0.25044,0.29975,0.0,-1999.0,-0.05315,-0.04921,-0.04921,-0.04331,-0.04232,-0.04232,-0.04232,-0.04331,-0.04331,-0.04232
2023-05-23 10:11:49,-0.05315,0.2743,0.3129,0.0,1000.0,-0.05315,-0.04921,-0.04921,-0.04331,-0.04232,-0.04232,-0.04232,-0.04331,-0.04331,-0.04232
2023-05-23 10:11:50,-0.05217,0.25644,0.30269,-1037.0,-2011.0,-0.05217,-0.04921,-0.04921,-0.04331,-0.04232,-0.04232,-0.04232,-0.04331,-0.04331,-0.04232
2023-05-23 10:11:52,-0.05315,0.26365,0.30702,-150.0,-130.0,-0.05315,-0.04921,-0.04921,-0.04331,-0.04232,-0.04232,-0.04232,-0.04331,-0.04331,-0.04232
2023-05-23 10:11:54,-0.05217,0.26456,0.30879,0.0,0.0,-0.05217,-0.04921,-0.04921,-0.04331,-0.04232,-0.04232,-0.04232,-0.04331,-0.04331,-0.04232
2023-05-23 10:11:56,-0.05315,0.27316,0.31353,0.0,0.0,-0.05315,-0.04921,-0.04921,-0.04331,-0.04232,-0.04232,-0.04232,-0.04331,-0.04331,-0.04232
2023-05-23 10:11:58,-0.05315,0.27702,0.31509,0.0,3.0,-0.05315,-0.04921,-0.04921,-0.04331,-0.04232,-0.04232,-0.04232,-0.04331,-0.04331,-0.04232
2023-05-23 10:12:00,-0.05315,0.23314,0.32342,30.0,100.0,-0.05315,-0.05315,-0.05413,-0.04921,-0.04921,-0.04331,-0.04232,-0.04232,-0.04232,-0.04331
2023-05-23 10:12:02,-0.05315,0.22841,0.31204,-202.0,0.0,-0.05315,-0.05315,-0.05413,-0.04921,-0.04921,-0.04331,-0.04232,-0.04232,-0.04232,-0.04331
2023-05-23 10:12:03,-0.05315,0.36184,0.40701,-195.0,20.0,-0.05315,-0.05315,-0.05413,-0.04921,-0.04921,-0.04331,-0.04232,-0.04232,-0.04232,-0.04331
2023-05-23 10:12:05,-0.05315,0.3985,0.41282,1231.0,-7687.0,-0.05315,-0.05315,-0.05413,-0.04921,-0.04921,-0.04331,-0.04232,-0.04232,-0.04232,-0.04331
2023-05-23 10:12:07,-0.05315,0.36767,0.39064,0.0,599.0,-0.05315,-0.05315,-0.05413,-0.04921,-0.04921,-0.04331,-0.04232,-0.04232,-0.04232,-0.04331
2023-05-23 10:12:09,-0.05315,0.36028,0.39478,0.0,320.0,-0.05315,-0.05315,-0.05413,-0.04921,-0.04921,-0.04331,-0.04232,-0.04232,-0.04232,-0.04331
2023-05-23 10:12:11,-0.05315,0.3412,0.36249,0.0,-214.0,-0.05315,-0.05315,-0.05413,-0.04921,-0.04921,-0.04331,-0.04232,-0.04232,-0.04232,-0.04331
2023-05-23 10:12:13,-0.05217,0.33929,0.36099,-100.0,10.0,-0.05217,-0.05315,-0.05413,-0.04921,-0.04921,-0.04331,-0.04232,-0.04232,-0.04232,-0.04331
2023-05-23 10:12:15,-0.05315,0.34166,0.36248,0.0,437.0,-0.05315,-0.05315,-0.05413,-0.04921,-0.04921,-0.04331,-0.04232,-0.04232,-0.04232,-0.04331
2023-05-23 10:12:16,-0.05217,0.32016,0.33208,-1.0,-238.0,-0.05217,-0.05315,-0.05413,-0.04921,-0.04921,-0.04331,-0.04232,-0.04232,-0.04232,-0.04331
2023-05-23 10:12:18,-0.05315,0.31851,0.33138,0.0,10.0,-0.05315,-0.05315,-0.05413,-0.04921,-0.04921,-0.04331,-0.04232,-0.04232,-0.04232,-0.04331
2023-05-23 10:12:20,-0.05217,0.31872,0.33173,0.0,0.0,-0.05217,-0.05315,-0.05413,-0.04921,-0.04921,-0.04331,-0.04232,-0.04232,-0.04232,-0.04331
2023-05-23 10:12:22,-0.05217,0.13827,0.23165,0.0,0.0,-0.05217,-0.05315,-0.05413,-0.04921,-0.04921,-0.04331,-0.04232,-0.04232,-0.04232,-0.04331
2023-05-23 10:12:24,-0.05217,0.1742,0.21998,0.0,328.0,-0.05217,-0.05315,-0.05413,-0.04921,-0.04921,-0.04331,-0.04232,-0.04232,-0.04232,-0.04331
2023-05-23 10:12:26,-0.05118,0.16614,0.21431,0.0,103.0,-0.05118,-0.05315,-0.05413,-0.04921,-0.04921,-0.04331,-0.04232,-0.04232,-0.04232,-0.04331
2023-05-23 10:12:28,-0.05118,0.12922,0.19325,0.0,0.0,-0.05118,-0.05315,-0.05413,-0.04921,-0.04921,-0.04331,-0.04232,-0.04232,-0.04232,-0.04331
2023-05-23 10:12:30,-0.05118,0.13194,0.19637,442.0,1.0,-0.05118,-0.05315,-0.05413,-0.04921,-0.04921,-0.04331,-0.04232,-0.04232,-0.04232,-0.04331
2023-05-23 10:12:31,-0.05118,0.14272,0.20143,-2.0,73.0,-0.05118,-0.05315,-0.05413,-0.04921,-0.04921,-0.04331,-0.04232,-0.04232,-0.04232,-0.04331
2023-05-23 10:12:33,-0.05118,0.15874,0.1974,0.0,0.0,-0.05118,-0.05315,-0.05413,-0.04921,-0.04921,-0.04331,-0.04232,-0.04232,-0.04232,-0.04331
2023-05-23 10:12:35,-0.05118,0.14926,0.19283,0.0,5.0,-0.05118,-0.05315,-0.05413,-0.04921,-0.04921,-0.04331,-0.04232,-0.04232,-0.04232,-0.04331
2023-05-23 10:12:37,-0.05118,0.14467,0.18958,0.0,3.0,-0.05118,-0.05315,-0.05413,-0.04921,-0.04921,-0.04331,-0.04232,-0.04232,-0.04232,-0.04331
2023-05-23 10:12:39,-0.05217,0.306,0.24147,2498.0,10.0,-0.05217,-0.05315,-0.05413,-0.04921,-0.04921,-0.04331,-0.04232,-0.04232,-0.04232,-0.04331
2023-05-23 10:12:41,-0.05118,0.2994,0.24053,0.0,10.0,-0.05118,-0.05315,-0.05413,-0.04921,-0.04921,-0.04331,-0.04232,-0.04232,-0.04232,-0.04331
2023-05-23 10:12:42,-0.0502,0.3144,0.23789,61.0,100.0,-0.0502,-0.05315,-0.05413,-0.04921,-0.04921,-0.04331,-0.04232,-0.04232,-0.04232,-0.04331
2023-05-23 10:12:44,-0.0502,0.32638,0.2409,0.0,-193.0,-0.0502,-0.05315,-0.05413,-0.04921,-0.04921,-0.04331,-0.04232,-0.04232,-0.04232,-0.04331
2023-05-23 10:12:46,-0.0502,0.32732,0.2428,0.0,0.0,-0.0502,-0.05315,-0.05413,-0.04921,-0.04921,-0.04331,-0.04232,-0.04232,-0.04232,-0.04331
2023-05-23 10:12:48,-0.0502,0.32325,0.24129,10.0,0.0,-0.0502,-0.05315,-0.05413,-0.04921,-0.04921,-0.04331,-0.04232,-0.04232,-0.04232,-0.04331
2023-05-23 10:12:50,-0.05118,0.32944,0.24249,0.0,33.0,-0.05118,-0.05315,-0.05413,-0.04921,-0.04921,-0.04331,-0.04232,-0.04232,-0.04232,-0.04331
2023-05-23 10:12:54,-0.05118,0.18814,0.20798,0.0,0.0,-0.05118,-0.05315,-0.05413,-0.04921,-0.04921,-0.04331,-0.04232,-0.04232,-0.04232,-0.04331
2023-05-23 10:12:55,-0.05118,0.2658,0.24839,-10.0,-50.0,-0.05118,-0.05315,-0.05413,-0.04921,-0.04921,-0.04331,-0.04232,-0.04232,-0.04232,-0.04331
2023-05-23 10:12:57,-0.05217,0.29455,0.26232,0.0,0.0,-0.05217,-0.05315,-0.05413,-0.04921,-0.04921,-0.04331,-0.04232,-0.04232,-0.04232,-0.04331
2023-05-23 10:12:59,-0.05217,0.27487,0.28831,0.0,0.0,-0.05217,-0.05315,-0.05413,-0.04921,-0.04921,-0.04331,-0.04232,-0.04232,-0.04232,-0.04331
2023-05-23 10:13:01,-0.05315,0.37027,0.32944,0.0,0.0,-0.05315,-0.05315,-0.05315,-0.05315,-0.05413,-0.04921,-0.04921,-0.04331,-0.04232,-0.04232
2023-05-23 10:13:03,-0.05217,0.41456,0.35155,0.0,1000.0,-0.05217,-0.05315,-0.05315,-0.05315,-0.05413,-0.04921,-0.04921,-0.04331,-0.04232,-0.04232
2023-05-23 10:13:05,-0.05315,0.44913,0.375,1200.0,0.0,-0.05315,-0.05315,-0.05315,-0.05315,-0.05413,-0.04921,-0.04921,-0.04331,-0.04232,-0.04232
2023-05-23 10:13:07,-0.05315,0.43388,0.38075,0.0,0.0,-0.05315,-0.05315,-0.05315,-0.05315,-0.05413,-0.04921,-0.04921,-0.04331,-0.04232,-0.04232
2023-05-23 10:13:09,-0.05315,0.4407,0.38385,0.0,-205.0,-0.05315,-0.05315,-0.05315,-0.05315,-0.05413,-0.04921,-0.04921,-0.04331,-0.04232,-0.04232
2023-05-23 10:13:10,-0.05413,0.46135,0.39289,0.0,-408.0,-0.05413,-0.05315,-0.05315,-0.05315,-0.05413,-0.04921,-0.04921,-0.04331,-0.04232,-0.04232
2023-05-23 10:13:12,-0.05315,0.40243,0.34154,-1.0,0.0,-0.05315,-0.05315,-0.05315,-0.05315,-0.05413,-0.04921,-0.04921,-0.04331,-0.04232,-0.04232
2023-05-23 10:13:14,-0.05413,0.42078,0.36373,0.0,-1.0,-0.05413,-0.05315,-0.05315,-0.05315,-0.05413,-0.04921,-0.04921,-0.04331,-0.04232,-0.04232
2023-05-23 10:13:16,-0.05413,0.38252,0.34201,0.0,0.0,-0.05413,-0.05315,-0.05315,-0.05315,-0.05413,-0.04921,-0.04921,-0.04331,-0.04232,-0.04232
2023-05-23 10:13:18,-0.05413,0.53757,0.47567,13378.0,2581.0,-0.05413,-0.05315,-0.05315,-0.05315,-0.05413,-0.04921,-0.04921,-0.04331,-0.04232,-0.04232
2023-05-23 10:13:20,-0.05512,0.57783,0.49704,0.0,-337.0,-0.05512,-0.05315,-0.05315,-0.05315,-0.05413,-0.04921,-0.04921,-0.04331,-0.04232,-0.04232
2023-05-23 10:13:22,-0.05413,0.59487,0.49786,0.0,3.0,-0.05413,-0.05315,-0.05315,-0.05315,-0.05413,-0.04921,-0.04921,-0.04331,-0.04232,-0.04232
2023-05-23 10:13:24,-0.05512,0.68871,0.53599,-259.0,-246.0,-0.05512,-0.05315,-0.05315,-0.05315,-0.05413,-0.04921,-0.04921,-0.04331,-0.04232,-0.04232
2023-05-23 10:13:25,-0.05512,1.08026,0.75556,0.0,1.0,-0.05512,-0.05315,-0.05315,-0.05315,-0.05413,-0.04921,-0.04921,-0.04331,-0.04232,-0.04232
2023-05-23 10:13:27,-0.0561,0.95065,0.6409,1400.0,-250.0,-0.0561,-0.05315,-0.05315,-0.05315,-0.05413,-0.04921,-0.04921,-0.04331,-0.04232,-0.04232
2023-05-23 10:13:29,-0.0561,0.80952,0.59196,-110.0,-110.0,-0.0561,-0.05315,-0.05315,-0.05315,-0.05413,-0.04921,-0.04921,-0.04331,-0.04232,-0.04232
2023-05-23 10:13:31,-0.05512,1.06586,0.74241,0.0,0.0,-0.05512,-0.05315,-0.05315,-0.05315,-0.05413,-0.04921,-0.04921,-0.04331,-0.04232,-0.04232
2023-05-23 10:13:33,-0.05413,1.06032,0.73447,-1.0,-50.0,-0.05413,-0.05315,-0.05315,-0.05315,-0.05413,-0.04921,-0.04921,-0.04331,-0.04232,-0.04232
2023-05-23 10:13:35,-0.05413,0.70117,0.56007,0.0,208.0,-0.05413,-0.05315,-0.05315,-0.05315,-0.05413,-0.04921,-0.04921,-0.04331,-0.04232,-0.04232
2023-05-23 10:13:36,-0.05512,0.7909,0.59001,0.0,30.0,-0.05512,-0.05315,-0.05315,-0.05315,-0.05413,-0.04921,-0.04921,-0.04331,-0.04232,-0.04232
2023-05-23 10:13:38,-0.05413,1.00685,0.67682,0.0,16.0,-0.05413,-0.05315,-0.05315,-0.05315,-0.05413,-0.04921,-0.04921,-0.04331,-0.04232,-0.04232
2023-05-23 10:13:40,-0.05512,0.76142,0.52588,-50.0,1.0,-0.05512,-0.05315,-0.05315,-0.05315,-0.05413,-0.04921,-0.04921,-0.04331,-0.04232,-0.04232
2023-05-23 10:13:42,-0.05709,0.88866,0.61697,0.0,-1112.0,-0.05709,-0.05315,-0.05315,-0.05315,-0.05413,-0.04921,-0.04921,-0.04331,-0.04232,-0.04232
2023-05-23 10:13:44,-0.0561,0.90401,0.61963,0.0,0.0,-0.0561,-0.05315,-0.05315,-0.05315,-0.05413,-0.04921,-0.04921,-0.04331,-0.04232,-0.04232
2023-05-23 10:13:46,-0.05413,2.27869,0.94581,-50.0,0.0,-0.05413,-0.05315,-0.05315,-0.05315,-0.05413,-0.04921,-0.04921,-0.04331,-0.04232,-0.04232
2023-05-23 10:13:48,-0.05413,1.3267,0.69875,0.0,2.0,-0.05413,-0.05315,-0.05315,-0.05315,-0.05413,-0.04921,-0.04921,-0.04331,-0.04232,-0.04232
2023-05-23 10:13:50,-0.0561,1.78653,0.86981,1000.0,0.0,-0.0561,-0.05315,-0.05315,-0.05315,-0.05413,-0.04921,-0.04921,-0.04331,-0.04232,-0.04232
2023-05-23 10:13:51,-0.05709,2.46598,1.03428,0.0,-40.0,-0.05709,-0.05315,-0.05315,-0.05315,-0.05413,-0.04921,-0.04921,-0.04331,-0.04232,-0.04232
2023-05-23 10:13:53,-0.05709,3.4989,1.14407,0.0,616.0,-0.05709,-0.05315,-0.05315,-0.05315,-0.05413,-0.04921,-0.04921,-0.04331,-0.04232,-0.04232
2023-05-23 10:13:55,-0.0561,3.43793,1.09855,0.0,25.0,-0.0561,-0.05315,-0.05315,-0.05315,-0.05413,-0.04921,-0.04921,-0.04331,-0.04232,-0.04232
2023-05-23 10:13:57,-0.05709,3.377,1.11114,-67.0,49.0,-0.05709,-0.05315,-0.05315,-0.05315,-0.05413,-0.04921,-0.04921,-0.04331,-0.04232,-0.04232
2023-05-23 10:13:59,-0.05709,3.20535,1.07918,-1.0,-20.0,-0.05709,-0.05315,-0.05315,-0.05315,-0.05413,-0.04921,-0.04921,-0.04331,-0.04232,-0.04232
2023-05-23 10:14:01,-0.05709,3.07987,1.06692,0.0,-17.0,-0.05709,-0.0561,-0.05709,-0.05315,-0.05315,-0.05315,-0.05413,-0.04921,-0.04921,-0.04331
2023-05-23 10:14:03,-0.05807,1.52186,0.86425,0.0,-1.0,-0.05807,-0.0561,-0.05709,-0.05315,-0.05315,-0.05315,-0.05413,-0.04921,-0.04921,-0.04331
2023-05-23 10:14:05,-0.05807,1.46108,0.83829,-32.0,31.0,-0.05807,-0.0561,-0.05709,-0.05315,-0.05315,-0.05315,-0.05413,-0.04921,-0.04921,-0.04331
2023-05-23 10:14:06,-0.05807,1.5187,0.85005,2000.0,0.0,-0.05807,-0.0561,-0.05709,-0.05315,-0.05315,-0.05315,-0.05413,-0.04921,-0.04921,-0.04331
2023-05-23 10:14:08,-0.05807,0.23799,0.85094,-156.0,0.0,-0.05807,-0.0561,-0.05709,-0.05315,-0.05315,-0.05315,-0.05413,-0.04921,-0.04921,-0.04331
2023-05-23 10:14:10,-0.05807,2.15537,0.95174,0.0,0.0,-0.05807,-0.0561,-0.05709,-0.05315,-0.05315,-0.05315,-0.05413,-0.04921,-0.04921,-0.04331
2023-05-23 10:14:12,-0.05906,0.25746,0.89976,0.0,40.0,-0.05906,-0.0561,-0.05709,-0.05315,-0.05315,-0.05315,-0.05413,-0.04921,-0.04921,-0.04331
2023-05-23 10:14:14,-0.06004,0.17731,0.73878,426.0,0.0,-0.06004,-0.0561,-0.05709,-0.05315,-0.05315,-0.05315,-0.05413,-0.04921,-0.04921,-0.04331
2023-05-23 10:14:16,-0.06004,0.17879,0.52646,200.0,520.0,-0.06004,-0.0561,-0.05709,-0.05315,-0.05315,-0.05315,-0.05413,-0.04921,-0.04921,-0.04331
2023-05-23 10:14:17,-0.05807,0.2557,0.56049,-266.0,4383.0,-0.05807,-0.0561,-0.05709,-0.05315,-0.05315,-0.05315,-0.05413,-0.04921,-0.04921,-0.04331
2023-05-23 10:14:19,-0.05807,0.98019,0.51142,0.0,1625.0,-0.05807,-0.0561,-0.05709,-0.05315,-0.05315,-0.05315,-0.05413,-0.04921,-0.04921,-0.04331
2023-05-23 10:14:21,-0.05512,1.07884,0.50036,-1.0,1494.0,-0.05512,-0.0561,-0.05709,-0.05315,-0.05315,-0.05315,-0.05413,-0.04921,-0.04921,-0.04331
2023-05-23 10:14:23,-0.05512,0.9971,0.48265,0.0,30.0,-0.05512,-0.0561,-0.05709,-0.05315,-0.05315,-0.05315,-0.05413,-0.04921,-0.04921,-0.04331
2023-05-23 10:14:25,-0.05512,1.04461,0.49469,0.0,1.0,-0.05512,-0.0561,-0.05709,-0.05315,-0.05315,-0.05315,-0.05413,-0.04921,-0.04921,-0.04331
2023-05-23 10:14:27,-0.05709,2.8123,0.7231,83.0,110.0,-0.05709,-0.0561,-0.05709,-0.05315,-0.05315,-0.05315,-0.05413,-0.04921,-0.04921,-0.04331
2023-05-23 10:14:29,-0.05709,1.44334,0.63051,-100.0,-524.0,-0.05709,-0.0561,-0.05709,-0.05315,-0.05315,-0.05315,-0.05413,-0.04921,-0.04921,-0.04331
2023-05-23 10:14:31,-0.0561,1.26719,0.60308,0.0,1050.0,-0.0561,-0.0561,-0.05709,-0.05315,-0.05315,-0.05315,-0.05413,-0.04921,-0.04921,-0.04331
2023-05-23 10:14:32,-0.0561,1.39043,0.69002,0.0,5.0,-0.0561,-0.0561,-0.05709,-0.05315,-0.05315,-0.05315,-0.05413,-0.04921,-0.04921,-0.04331
2023-05-23 10:14:34,-0.05709,1.4622,0.70656,0.0,-346.0,-0.05709,-0.0561,-0.05709,-0.05315,-0.05315,-0.05315,-0.05413,-0.04921,-0.04921,-0.04331
2023-05-23 10:14:36,-0.0561,1.47052,0.7062,-428.0,102.0,-0.0561,-0.0561,-0.05709,-0.05315,-0.05315,-0.05315,-0.05413,-0.04921,-0.04921,-0.04331
2023-05-23 10:14:38,-0.05709,1.46286,0.68269,-6.0,-1.0,-0.05709,-0.0561,-0.05709,-0.05315,-0.05315,-0.05315,-0.05413,-0.04921,-0.04921,-0.04331
2023-05-23 10:14:40,-0.0561,1.47384,0.68171,494.0,0.0,-0.0561,-0.0561,-0.05709,-0.05315,-0.05315,-0.05315,-0.05413,-0.04921,-0.04921,-0.04331
2023-05-23 10:14:42,-0.05709,1.34578,0.65865,0.0,499.0,-0.05709,-0.0561,-0.05709,-0.05315,-0.05315,-0.05315,-0.05413,-0.04921,-0.04921,-0.04331
2023-05-23 10:14:43,-0.05709,1.44562,0.67316,0.0,-1.0,-0.05709,-0.0561,-0.05709,-0.05315,-0.05315,-0.05315,-0.05413,-0.04921,-0.04921,-0.04331
2023-05-23 10:14:45,-0.05709,1.42936,0.64981,3.0,2800.0,-0.05709,-0.0561,-0.05709,-0.05315,-0.05315,-0.05315,-0.05413,-0.04921,-0.04921,-0.04331
2023-05-23 10:14:47,-0.05709,1.41187,0.64955,0.0,0.0,-0.05709,-0.0561,-0.05709,-0.05315,-0.05315,-0.05315,-0.05413,-0.04921,-0.04921,-0.04331
2023-05-23 10:14:49,-0.05709,1.33901,0.62454,0.0,500.0,-0.05709,-0.0561,-0.05709,-0.05315,-0.05315,-0.05315,-0.05413,-0.04921,-0.04921,-0.04331
2023-05-23 10:14:51,-0.05709,1.25022,0.59018,100.0,0.0,-0.05709,-0.0561,-0.05709,-0.05315,-0.05315,-0.05315,-0.05413,-0.04921,-0.04921,-0.04331
2023-05-23 10:14:53,-0.0561,1.22923,0.59298,-3.0,0.0,-0.0561,-0.0561,-0.05709,-0.05315,-0.05315,-0.05315,-0.05413,-0.04921,-0.04921,-0.04331
2023-05-23 10:14:55,-0.0561,1.24689,0.60046,-4664.0,10252.0,-0.0561,-0.0561,-0.05709,-0.05315,-0.05315,-0.05315,-0.05413,-0.04921,-0.04921,-0.04331
2023-05-23 10:14:56,-0.05709,1.26284,0.60578,0.0,49.0,-0.05709,-0.0561,-0.05709,-0.05315,-0.05315,-0.05315,-0.05413,-0.04921,-0.04921,-0.04331
2023-05-23 10:14:58,-0.05709,1.257,0.60402,0.0,-1.0,-0.05709,-0.0561,-0.05709,-0.05315,-0.05315,-0.05315,-0.05413,-0.04921,-0.04921,-0.04331
2023-05-23 10:15:00,-0.0561,1.69835,0.6702,0.0,-1.0,-0.0561,-0.0561,-0.05709,-0.0561,-0.05709,-0.05315,-0.05315,-0.05315,-0.05413,-0.04921
2023-05-23 10:15:15,-0.0561,1.37298,0.60619,0.0,-665.0,-0.0561,-0.0561,-0.05709,-0.0561,-0.05709,-0.05315,-0.05315,-0.05315,-0.05413,-0.04921
2023-05-23 10:15:16,-0.05512,1.17397,0.55973,-1.0,19.0,-0.05512,-0.0561,-0.05709,-0.0561,-0.05709,-0.05315,-0.05315,-0.05315,-0.05413,-0.04921
2023-05-23 10:15:18,-0.05315,0.79857,0.5458,0.0,43.0,-0.05315,-0.0561,-0.05709,-0.0561,-0.05709,-0.05315,-0.05315,-0.05315,-0.05413,-0.04921
2023-05-23 10:15:20,-0.05315,0.74632,0.54721,0.0,221.0,-0.05315,-0.0561,-0.05709,-0.0561,-0.05709,-0.05315,-0.05315,-0.05315,-0.05413,-0.04921
2023-05-23 10:15:22,-0.05217,1.1139,0.50475,0.0,11.0,-0.05217,-0.0561,-0.05709,-0.0561,-0.05709,-0.05315,-0.05315,-0.05315,-0.05413,-0.04921
2023-05-23 10:15:24,-0.05118,2.18356,0.78709,11.0,-741.0,-0.05118,-0.0561,-0.05709,-0.0561,-0.05709,-0.05315,-0.05315,-0.05315,-0.05413,-0.04921
2023-05-23 10:15:26,-0.05118,1.2288,0.74168,0.0,278.0,-0.05118,-0.0561,-0.05709,-0.0561,-0.05709,-0.05315,-0.05315,-0.05315,-0.05413,-0.04921
2023-05-23 10:15:28,-0.05118,1.36407,0.81804,-19.0,-55.0,-0.05118,-0.0561,-0.05709,-0.0561,-0.05709,-0.05315,-0.05315,-0.05315,-0.05413,-0.04921
2023-05-23 10:15:30,-0.05118,1.72371,1.11409,9267.0,-22033.0,-0.05118,-0.0561,-0.05709,-0.0561,-0.05709,-0.05315,-0.05315,-0.05315,-0.05413,-0.04921
2023-05-23 10:15:31,-0.0502,1.6297,1.13695,2537.0,3158.0,-0.0502,-0.0561,-0.05709,-0.0561,-0.05709,-0.05315,-0.05315,-0.05315,-0.05413,-0.04921
2023-05-23 10:15:33,-0.05217,1.32934,0.8787,0.0,-400.0,-0.05217,-0.0561,-0.05709,-0.0561,-0.05709,-0.05315,-0.05315,-0.05315,-0.05413,-0.04921
2023-05-23 10:15:35,-0.05315,1.00894,0.87806,0.0,-1052.0,-0.05315,-0.0561,-0.05709,-0.0561,-0.05709,-0.05315,-0.05315,-0.05315,-0.05413,-0.04921
2023-05-23 10:15:37,-0.05217,0.76131,0.62788,-12.0,0.0,-0.05217,-0.0561,-0.05709,-0.0561,-0.05709,-0.05315,-0.05315,-0.05315,-0.05413,-0.04921
2023-05-23 10:15:39,-0.05118,1.0594,0.92546,0.0,0.0,-0.05118,-0.0561,-0.05709,-0.0561,-0.05709,-0.05315,-0.05315,-0.05315,-0.05413,-0.04921
2023-05-23 10:15:41,-0.05315,0.94326,0.6933,-199.0,-1.0,-0.05315,-0.0561,-0.05709,-0.0561,-0.05709,-0.05315,-0.05315,-0.05315,-0.05413,-0.04921
2023-05-23 10:15:43,-0.0502,0.95441,0.8554,0.0,20.0,-0.0502,-0.0561,-0.05709,-0.0561,-0.05709,-0.05315,-0.05315,-0.05315,-0.05413,-0.04921
2023-05-23 10:15:44,-0.05118,0.94048,0.857,-1.0,0.0,-0.05118,-0.0561,-0.05709,-0.0561,-0.05709,-0.05315,-0.05315,-0.05315,-0.05413,-0.04921
2023-05-23 10:15:46,-0.05118,0.95702,0.90227,-109.0,-13842.0,-0.05118,-0.0561,-0.05709,-0.0561,-0.05709,-0.05315,-0.05315,-0.05315,-0.05413,-0.04921
2023-05-23 10:15:48,-0.05217,0.53897,0.61179,10.0,0.0,-0.05217,-0.0561,-0.05709,-0.0561,-0.05709,-0.05315,-0.05315,-0.05315,-0.05413,-0.04921
2023-05-23 10:15:50,-0.05217,0.94044,0.92081,0.0,-13705.0,-0.05217,-0.0561,-0.05709,-0.0561,-0.05709,-0.05315,-0.05315,-0.05315,-0.05413,-0.04921
2023-05-23 10:15:52,-0.05118,1.44056,0.95104,0.0,0.0,-0.05118,-0.0561,-0.05709,-0.0561,-0.05709,-0.05315,-0.05315,-0.05315,-0.05413,-0.04921
2023-05-23 10:15:54,-0.0502,2.95953,1.41581,0.0,0.0,-0.0502,-0.0561,-0.05709,-0.0561,-0.05709,-0.05315,-0.05315,-0.05315,-0.05413,-0.04921
2023-05-23 10:15:56,-0.0502,0.5765,0.81477,0.0,10.0,-0.0502,-0.0561,-0.05709,-0.0561,-0.05709,-0.05315,-0.05315,-0.05315,-0.05413,-0.04921
2023-05-23 10:15:57,-0.05217,0.80731,0.87323,0.0,-60.0,-0.05217,-0.0561,-0.05709,-0.0561,-0.05709,-0.05315,-0.05315,-0.05315,-0.05413,-0.04921
2023-05-23 10:15:59,-0.05217,0.81409,0.8686,30.0,0.0,-0.05217,-0.0561,-0.05709,-0.0561,-0.05709,-0.05315,-0.05315,-0.05315,-0.05413,-0.04921
2023-05-23 10:16:01,-0.05118,0.78724,0.87903,-5.0,0.0,-0.05118,-0.05118,-0.05217,-0.0561,-0.05709,-0.0561,-0.05709,-0.05315,-0.05315,-0.05315
2023-05-23 10:16:03,-0.05118,1.05955,0.98242,-2170.0,0.0,-0.05118,-0.05118,-0.05217,-0.0561,-0.05709,-0.0561,-0.05709,-0.05315,-0.05315,-0.05315
2023-05-23 10:16:05,-0.05118,0.93762,0.95242,0.0,10.0,-0.05118,-0.05118,-0.05217,-0.0561,-0.05709,-0.0561,-0.05709,-0.05315,-0.05315,-0.05315
2023-05-23 10:16:07,-0.05118,0.88481,0.93462,-200.0,-10.0,-0.05118,-0.05118,-0.05217,-0.0561,-0.05709,-0.0561,-0.05709,-0.05315,-0.05315,-0.05315
2023-05-23 10:16:09,-0.05118,0.80566,0.90996,0.0,50.0,-0.05118,-0.05118,-0.05217,-0.0561,-0.05709,-0.0561,-0.05709,-0.05315,-0.05315,-0.05315
2023-05-23 10:16:10,-0.05118,0.77941,0.90107,0.0,100.0,-0.05118,-0.05118,-0.05217,-0.0561,-0.05709,-0.0561,-0.05709,-0.05315,-0.05315,-0.05315
2023-05-23 10:16:12,-0.05118,0.58393,0.82458,0.0,13.0,-0.05118,-0.05118,-0.05217,-0.0561,-0.05709,-0.0561,-0.05709,-0.05315,-0.05315,-0.05315
2023-05-23 10:16:14,-0.05118,0.72176,0.89712,0.0,1.0,-0.05118,-0.05118,-0.05217,-0.0561,-0.05709,-0.0561,-0.05709,-0.05315,-0.05315,-0.05315
2023-05-23 10:16:16,-0.05118,1.28902,1.25236,0.0,0.0,-0.05118,-0.05118,-0.05217,-0.0561,-0.05709,-0.0561,-0.05709,-0.05315,-0.05315,-0.05315
2023-05-23 10:16:18,-0.0502,0.94137,1.11694,110.0,-20.0,-0.0502,-0.05118,-0.05217,-0.0561,-0.05709,-0.0561,-0.05709,-0.05315,-0.05315,-0.05315
2023-05-23 10:16:20,-0.0502,0.87367,1.10742,-102.0,-200.0,-0.0502,-0.05118,-0.05217,-0.0561,-0.05709,-0.0561,-0.05709,-0.05315,-0.05315,-0.05315
2023-05-23 10:16:22,-0.04921,1.10919,1.24433,-1.0,-230.0,-0.04921,-0.05118,-0.05217,-0.0561,-0.05709,-0.0561,-0.05709,-0.05315,-0.05315,-0.05315
2023-05-23 10:16:23,-0.04921,1.58182,1.23913,3157.0,0.0,-0.04921,-0.05118,-0.05217,-0.0561,-0.05709,-0.0561,-0.05709,-0.05315,-0.05315,-0.05315
2023-05-23 10:16:25,-0.0502,1.45802,1.24317,-1443.0,13041.0,-0.0502,-0.05118,-0.05217,-0.0561,-0.05709,-0.0561,-0.05709,-0.05315,-0.05315,-0.05315
2023-05-23 10:16:27,-0.05118,1.07668,1.09219,0.0,0.0,-0.05118,-0.05118,-0.05217,-0.0561,-0.05709,-0.0561,-0.05709,-0.05315,-0.05315,-0.05315
2023-05-23 10:16:29,-0.05118,1.40279,1.26706,0.0,3.0,-0.05118,-0.05118,-0.05217,-0.0561,-0.05709,-0.0561,-0.05709,-0.05315,-0.05315,-0.05315
2023-05-23 10:16:31,-0.05217,1.34978,1.24115,0.0,1.0,-0.05217,-0.05118,-0.05217,-0.0561,-0.05709,-0.0561,-0.05709,-0.05315,-0.05315,-0.05315
2023-05-23 10:16:33,-0.05118,0.97958,1.12544,0.0,1.0,-0.05118,-0.05118,-0.05217,-0.0561,-0.05709,-0.0561,-0.05709,-0.05315,-0.05315,-0.05315
2023-05-23 10:16:34,-0.05118,1.049,1.21256,0.0,-200.0,-0.05118,-0.05118,-0.05217,-0.0561,-0.05709,-0.0561,-0.05709,-0.05315,-0.05315,-0.05315
2023-05-23 10:16:36,-0.05118,0.89602,1.1782,0.0,1000.0,-0.05118,-0.05118,-0.05217,-0.0561,-0.05709,-0.0561,-0.05709,-0.05315,-0.05315,-0.05315
2023-05-23 10:16:38,-0.05118,0.88291,1.10738,10.0,0.0,-0.05118,-0.05118,-0.05217,-0.0561,-0.05709,-0.0561,-0.05709,-0.05315,-0.05315,-0.05315
2023-05-23 10:16:40,-0.05118,0.84025,1.08991,1.0,20.0,-0.05118,-0.05118,-0.05217,-0.0561,-0.05709,-0.0561,-0.05709,-0.05315,-0.05315,-0.05315
2023-05-23 10:16:42,-0.05118,0.8464,1.09014,0.0,391.0,-0.05118,-0.05118,-0.05217,-0.0561,-0.05709,-0.0561,-0.05709,-0.05315,-0.05315,-0.05315
2023-05-23 10:16:44,-0.05118,0.81499,1.07214,0.0,20.0,-0.05118,-0.05118,-0.05217,-0.0561,-0.05709,-0.0561,-0.05709,-0.05315,-0.05315,-0.05315
2023-05-23 10:16:46,-0.05118,1.44195,1.46086,51.0,151.0,-0.05118,-0.05118,-0.05217,-0.0561,-0.05709,-0.0561,-0.05709,-0.05315,-0.05315,-0.05315
2023-05-23 10:16:48,-0.0502,1.43869,1.45894,-9.0,-20.0,-0.0502,-0.05118,-0.05217,-0.0561,-0.05709,-0.0561,-0.05709,-0.05315,-0.05315,-0.05315
2023-05-23 10:16:49,-0.05118,1.42157,1.48753,0.0,17.0,-0.05118,-0.05118,-0.05217,-0.0561,-0.05709,-0.0561,-0.05709,-0.05315,-0.05315,-0.05315
2023-05-23 10:16:51,-0.05118,1.43596,1.49232,0.0,0.0,-0.05118,-0.05118,-0.05217,-0.0561,-0.05709,-0.0561,-0.05709,-0.05315,-0.05315,-0.05315
2023-05-23 10:16:53,-0.0502,1.7886,1.59788,83.0,0.0,-0.0502,-0.05118,-0.05217,-0.0561,-0.05709,-0.0561,-0.05709,-0.05315,-0.05315,-0.05315
2023-05-23 10:16:55,-0.05118,1.7101,1.57325,0.0,-252.0,-0.05118,-0.05118,-0.05217,-0.0561,-0.05709,-0.0561,-0.05709,-0.05315,-0.05315,-0.05315
2023-05-23 10:16:57,-0.0502,1.59839,1.49472,0.0,0.0,-0.0502,-0.05118,-0.05217,-0.0561,-0.05709,-0.0561,-0.05709,-0.05315,-0.05315,-0.05315
2023-05-23 10:16:59,-0.0502,1.61557,1.4951,0.0,0.0,-0.0502,-0.05118,-0.05217,-0.0561,-0.05709,-0.0561,-0.05709,-0.05315,-0.05315,-0.05315
2023-05-23 10:17:01,-0.0502,1.59515,1.47998,0.0,316.0,-0.0502,-0.0502,-0.0502,-0.05118,-0.05217,-0.0561,-0.05709,-0.0561,-0.05709,-0.05315
2023-05-23 10:17:02,-0.0502,1.4935,1.43121,2100.0,0.0,-0.0502,-0.0502,-0.0502,-0.05118,-0.05217,-0.0561,-0.05709,-0.0561,-0.05709,-0.05315
2023-05-23 10:17:04,-0.0502,1.3454,1.38027,0.0,300.0,-0.0502,-0.0502,-0.0502,-0.05118,-0.05217,-0.0561,-0.05709,-0.0561,-0.05709,-0.05315
2023-05-23 10:17:06,-0.0502,1.2593,1.34689,0.0,562.0,-0.0502,-0.0502,-0.0502,-0.05118,-0.05217,-0.0561,-0.05709,-0.0561,-0.05709,-0.05315
2023-05-23 10:17:08,-0.0502,1.26272,1.34765,-1.0,0.0,-0.0502,-0.0502,-0.0502,-0.05118,-0.05217,-0.0561,-0.05709,-0.0561,-0.05709,-0.05315
2023-05-23 10:17:10,-0.0502,1.15648,1.30493,-122.0,0.0,-0.0502,-0.0502,-0.0502,-0.05118,-0.05217,-0.0561,-0.05709,-0.0561,-0.05709,-0.05315
2023-05-23 10:17:12,-0.0502,1.16079,1.30094,1200.0,0.0,-0.0502,-0.0502,-0.0502,-0.05118,-0.05217,-0.0561,-0.05709,-0.0561,-0.05709,-0.05315
2023-05-23 10:17:13,-0.0502,1.29093,1.32096,0.0,-1.0,-0.0502,-0.0502,-0.0502,-0.05118,-0.05217,-0.0561,-0.05709,-0.0561,-0.05709,-0.05315
2023-05-23 10:17:15,-0.0502,1.20327,1.28514,-72.0,50.0,-0.0502,-0.0502,-0.0502,-0.05118,-0.05217,-0.0561,-0.05709,-0.0561,-0.05709,-0.05315
2023-05-23 10:17:17,-0.05118,1.26314,1.31852,0.0,-2194.0,-0.05118,-0.0502,-0.0502,-0.05118,-0.05217,-0.0561,-0.05709,-0.0561,-0.05709,-0.05315
2023-05-23 10:17:19,-0.0502,1.26557,1.31971,0.0,0.0,-0.0502,-0.0502,-0.0502,-0.05118,-0.05217,-0.0561,-0.05709,-0.0561,-0.05709,-0.05315
2023-05-23 10:17:21,-0.0502,1.1125,1.27044,0.0,270.0,-0.0502,-0.0502,-0.0502,-0.05118,-0.05217,-0.0561,-0.05709,-0.0561,-0.05709,-0.05315
2023-05-23 10:17:23,-0.0502,1.00814,1.20341,40.0,0.0,-0.0502,-0.0502,-0.0502,-0.05118,-0.05217,-0.0561,-0.05709,-0.0561,-0.05709,-0.05315
2023-05-23 10:17:25,-0.05118,0.99732,1.19756,-53.0,0.0,-0.05118,-0.0502,-0.0502,-0.05118,-0.05217,-0.0561,-0.05709,-0.0561,-0.05709,-0.05315
2023-05-23 10:17:26,-0.05118,0.9792,1.18746,-53.0,497.0,-0.05118,-0.0502,-0.0502,-0.05118,-0.05217,-0.0561,-0.05709,-0.0561,-0.05709,-0.05315
2023-05-23 10:17:28,-0.0502,1.64854,1.34591,848.0,0.0,-0.0502,-0.0502,-0.0502,-0.05118,-0.05217,-0.0561,-0.05709,-0.0561,-0.05709,-0.05315
2023-05-23 10:17:30,-0.0502,1.35675,1.23256,0.0,1958.0,-0.0502,-0.0502,-0.0502,-0.05118,-0.05217,-0.0561,-0.05709,-0.0561,-0.05709,-0.05315
2023-05-23 10:17:32,-0.04921,1.39923,1.25313,0.0,0.0,-0.04921,-0.0502,-0.0502,-0.05118,-0.05217,-0.0561,-0.05709,-0.0561,-0.05709,-0.05315
2023-05-23 10:17:34,-0.04921,1.40321,1.25478,0.0,-4.0,-0.04921,-0.0502,-0.0502,-0.05118,-0.05217,-0.0561,-0.05709,-0.0561,-0.05709,-0.05315
2023-05-23 10:17:36,-0.04921,1.6733,1.27922,1000.0,5.0,-0.04921,-0.0502,-0.0502,-0.05118,-0.05217,-0.0561,-0.05709,-0.0561,-0.05709,-0.05315
2023-05-23 10:17:38,-0.04921,1.6922,1.29008,0.0,0.0,-0.04921,-0.0502,-0.0502,-0.05118,-0.05217,-0.0561,-0.05709,-0.0561,-0.05709,-0.05315
2023-05-23 10:17:39,-0.04921,1.236,1.13719,0.0,100.0,-0.04921,-0.0502,-0.0502,-0.05118,-0.05217,-0.0561,-0.05709,-0.0561,-0.05709,-0.05315
2023-05-23 10:17:41,-0.04921,1.23314,1.1292,-300.0,0.0,-0.04921,-0.0502,-0.0502,-0.05118,-0.05217,-0.0561,-0.05709,-0.0561,-0.05709,-0.05315
2023-05-23 10:17:43,-0.04921,1.29888,1.15691,0.0,-483.0,-0.04921,-0.0502,-0.0502,-0.05118,-0.05217,-0.0561,-0.05709,-0.0561,-0.05709,-0.05315
2023-05-23 10:17:45,-0.04921,1.29474,1.17419,2373.0,0.0,-0.04921,-0.0502,-0.0502,-0.05118,-0.05217,-0.0561,-0.05709,-0.0561,-0.05709,-0.05315
2023-05-23 10:17:47,-0.04921,1.14431,1.10382,-1.0,279.0,-0.04921,-0.0502,-0.0502,-0.05118,-0.05217,-0.0561,-0.05709,-0.0561,-0.05709,-0.05315
2023-05-23 10:17:49,-0.04921,1.76412,1.30313,0.0,302.0,-0.04921,-0.0502,-0.0502,-0.05118,-0.05217,-0.0561,-0.05709,-0.0561,-0.05709,-0.05315
2023-05-23 10:17:51,-0.04921,1.8779,1.33767,0.0,23.0,-0.04921,-0.0502,-0.0502,-0.05118,-0.05217,-0.0561,-0.05709,-0.0561,-0.05709,-0.05315
2023-05-23 10:17:52,-0.04921,1.88756,1.34122,0.0,-500.0,-0.04921,-0.0502,-0.0502,-0.05118,-0.05217,-0.0561,-0.05709,-0.0561,-0.05709,-0.05315
2023-05-23 10:17:54,-0.04921,1.8878,1.33709,-54.0,-54.0,-0.04921,-0.0502,-0.0502,-0.05118,-0.05217,-0.0561,-0.05709,-0.0561,-0.05709,-0.05315
2023-05-23 10:17:56,-0.04823,1.81931,1.31815,116.0,0.0,-0.04823,-0.0502,-0.0502,-0.05118,-0.05217,-0.0561,-0.05709,-0.0561,-0.05709,-0.05315
2023-05-23 10:17:58,-0.04823,1.80827,1.315,0.0,103.0,-0.04823,-0.0502,-0.0502,-0.05118,-0.05217,-0.0561,-0.05709,-0.0561,-0.05709,-0.05315
2023-05-23 10:18:00,-0.04823,1.81394,1.32192,12.0,0.0,-0.04823,-0.04921,-0.04823,-0.0502,-0.0502,-0.05118,-0.05217,-0.0561,-0.05709,-0.0561
2023-05-23 10:18:02,-0.04823,1.67322,1.37941,0.0,0.0,-0.04823,-0.04921,-0.04823,-0.0502,-0.0502,-0.05118,-0.05217,-0.0561,-0.05709,-0.0561
2023-05-23 10:18:04,-0.04823,1.58083,1.34672,0.0,0.0,-0.04823,-0.04921,-0.04823,-0.0502,-0.0502,-0.05118,-0.05217,-0.0561,-0.05709,-0.0561
2023-05-23 10:18:05,-0.04823,1.58942,1.35773,0.0,76.0,-0.04823,-0.04921,-0.04823,-0.0502,-0.0502,-0.05118,-0.05217,-0.0561,-0.05709,-0.0561
2023-05-23 10:18:07,-0.04823,1.54771,1.34373,-3.0,-50.0,-0.04823,-0.04921,-0.04823,-0.0502,-0.0502,-0.05118,-0.05217,-0.0561,-0.05709,-0.0561
2023-05-23 10:18:09,-0.04823,1.32395,1.24575,502.0,2.0,-0.04823,-0.04921,-0.04823,-0.0502,-0.0502,-0.05118,-0.05217,-0.0561,-0.05709,-0.0561
2023-05-23 10:18:11,-0.04823,1.62226,1.31474,0.0,-5386.0,-0.04823,-0.04921,-0.04823,-0.0502,-0.0502,-0.05118,-0.05217,-0.0561,-0.05709,-0.0561
2023-05-23 10:18:13,-0.04921,1.34509,1.16491,0.0,0.0,-0.04921,-0.04921,-0.04823,-0.0502,-0.0502,-0.05118,-0.05217,-0.0561,-0.05709,-0.0561
2023-05-23 10:18:15,-0.04921,1.47037,1.21814,-1.0,0.0,-0.04921,-0.04921,-0.04823,-0.0502,-0.0502,-0.05118,-0.05217,-0.0561,-0.05709,-0.0561
2023-05-23 10:18:17,-0.04921,1.455,1.21224,0.0,0.0,-0.04921,-0.04921,-0.04823,-0.0502,-0.0502,-0.05118,-0.05217,-0.0561,-0.05709,-0.0561
2023-05-23 10:18:19,-0.04921,1.58028,1.2212,-13.0,100.0,-0.04921,-0.04921,-0.04823,-0.0502,-0.0502,-0.05118,-0.05217,-0.0561,-0.05709,-0.0561
2023-05-23 10:18:21,-0.04921,1.59557,1.22367,0.0,10.0,-0.04921,-0.04921,-0.04823,-0.0502,-0.0502,-0.05118,-0.05217,-0.0561,-0.05709,-0.0561
2023-05-23 10:18:24,-0.0502,1.62581,1.24225,19.0,0.0,-0.0502,-0.04921,-0.04823,-0.0502,-0.0502,-0.05118,-0.05217,-0.0561,-0.05709,-0.0561
2023-05-23 10:18:26,-0.0502,1.57836,1.16955,0.0,399.0,-0.0502,-0.04921,-0.04823,-0.0502,-0.0502,-0.05118,-0.05217,-0.0561,-0.05709,-0.0561
2023-05-23 10:18:28,-0.0502,1.81541,1.26232,-100.0,-1802.0,-0.0502,-0.04921,-0.04823,-0.0502,-0.0502,-0.05118,-0.05217,-0.0561,-0.05709,-0.0561
2023-05-23 10:18:30,-0.04921,2.10138,1.31764,0.0,-11185.0,-0.04921,-0.04921,-0.04823,-0.0502,-0.0502,-0.05118,-0.05217,-0.0561,-0.05709,-0.0561
2023-05-23 10:18:32,-0.0502,1.16329,1.10679,0.0,0.0,-0.0502,-0.04921,-0.04823,-0.0502,-0.0502,-0.05118,-0.05217,-0.0561,-0.05709,-0.0561
2023-05-23 10:18:34,-0.0502,1.18046,1.12059,0.0,-190.0,-0.0502,-0.04921,-0.04823,-0.0502,-0.0502,-0.05118,-0.05217,-0.0561,-0.05709,-0.0561
2023-05-23 10:18:35,-0.05118,1.17493,1.11828,0.0,0.0,-0.05118,-0.04921,-0.04823,-0.0502,-0.0502,-0.05118,-0.05217,-0.0561,-0.05709,-0.0561
2023-05-23 10:18:37,-0.05118,1.18178,1.12116,30.0,0.0,-0.05118,-0.04921,-0.04823,-0.0502,-0.0502,-0.05118,-0.05217,-0.0561,-0.05709,-0.0561
2023-05-23 10:18:39,-0.0502,1.21462,1.13548,57.0,0.0,-0.0502,-0.04921,-0.04823,-0.0502,-0.0502,-0.05118,-0.05217,-0.0561,-0.05709,-0.0561
2023-05-23 10:18:41,-0.0502,1.21227,1.13771,0.0,-150.0,-0.0502,-0.04921,-0.04823,-0.0502,-0.0502,-0.05118,-0.05217,-0.0561,-0.05709,-0.0561
2023-05-23 10:18:43,-0.04921,1.92643,1.27535,33.0,0.0,-0.04921,-0.04921,-0.04823,-0.0502,-0.0502,-0.05118,-0.05217,-0.0561,-0.05709,-0.0561
2023-05-23 10:18:45,-0.0502,1.89175,1.25576,-723.0,5.0,-0.0502,-0.04921,-0.04823,-0.0502,-0.0502,-0.05118,-0.05217,-0.0561,-0.05709,-0.0561
2023-05-23 10:18:46,-0.0502,1.85591,1.24531,0.0,108.0,-0.0502,-0.04921,-0.04823,-0.0502,-0.0502,-0.05118,-0.05217,-0.0561,-0.05709,-0.0561
2023-05-23 10:18:48,-0.0502,1.77039,1.21904,0.0,50.0,-0.0502,-0.04921,-0.04823,-0.0502,-0.0502,-0.05118,-0.05217,-0.0561,-0.05709,-0.0561
2023-05-23 10:18:50,-0.0502,1.74557,1.18921,0.0,50.0,-0.0502,-0.04921,-0.04823,-0.0502,-0.0502,-0.05118,-0.05217,-0.0561,-0.05709,-0.0561
2023-05-23 10:18:52,-0.0502,1.70469,1.18389,0.0,10.0,-0.0502,-0.04921,-0.04823,-0.0502,-0.0502,-0.05118,-0.05217,-0.0561,-0.05709,-0.0561
2023-05-23 10:18:54,-0.04921,1.69408,1.19081,65.0,0.0,-0.04921,-0.04921,-0.04823,-0.0502,-0.0502,-0.05118,-0.05217,-0.0561,-0.05709,-0.0561
2023-05-23 10:18:56,-0.04921,1.49414,1.13228,0.0,4790.0,-0.04921,-0.04921,-0.04823,-0.0502,-0.0502,-0.05118,-0.05217,-0.0561,-0.05709,-0.0561
2023-05-23 10:18:58,-0.04921,1.51425,1.13803,0.0,50.0,-0.04921,-0.04921,-0.04823,-0.0502,-0.0502,-0.05118,-0.05217,-0.0561,-0.05709,-0.0561
2023-05-23 10:19:00,-0.04823,1.52763,1.14912,0.0,62.0,-0.04823,-0.04823,-0.04823,-0.0502,-0.0502,-0.05118,-0.05217,-0.0561,-0.05709,-0.0561
2023-05-23 10:19:01,-0.04921,1.53105,1.14843,0.0,300.0,-0.04921,-0.04921,-0.0502,-0.04921,-0.04823,-0.0502,-0.0502,-0.05118,-0.05217,-0.0561
2023-05-23 10:19:03,-0.04921,1.52763,1.14718,0.0,85.0,-0.04921,-0.04921,-0.0502,-0.04921,-0.04823,-0.0502,-0.0502,-0.05118,-0.05217,-0.0561
2023-05-23 10:19:05,-0.04921,1.45161,1.12276,-1.0,0.0,-0.04921,-0.04921,-0.0502,-0.04921,-0.04823,-0.0502,-0.0502,-0.05118,-0.05217,-0.0561
2023-05-23 10:19:07,-0.04921,1.42151,1.11109,-30.0,0.0,-0.04921,-0.04921,-0.0502,-0.04921,-0.04823,-0.0502,-0.0502,-0.05118,-0.05217,-0.0561
2023-05-23 10:19:09,-0.04921,1.42361,1.12841,0.0,0.0,-0.04921,-0.04921,-0.0502,-0.04921,-0.04823,-0.0502,-0.0502,-0.05118,-0.05217,-0.0561
2023-05-23 10:19:11,-0.04921,1.43045,1.13244,0.0,0.0,-0.04921,-0.04921,-0.0502,-0.04921,-0.04823,-0.0502,-0.0502,-0.05118,-0.05217,-0.0561
2023-05-23 10:19:13,-0.0502,1.38411,1.12573,0.0,0.0,-0.0502,-0.04921,-0.0502,-0.04921,-0.04823,-0.0502,-0.0502,-0.05118,-0.05217,-0.0561
2023-05-23 10:19:14,-0.0502,1.38962,1.13872,-2.0,-2.0,-0.0502,-0.04921,-0.0502,-0.04921,-0.04823,-0.0502,-0.0502,-0.05118,-0.05217,-0.0561
2023-05-23 10:19:16,-0.0502,1.39816,1.13995,0.0,50.0,-0.0502,-0.04921,-0.0502,-0.04921,-0.04823,-0.0502,-0.0502,-0.05118,-0.05217,-0.0561
2023-05-23 10:19:18,-0.04921,1.42287,1.1499,-1.0,0.0,-0.04921,-0.04921,-0.0502,-0.04921,-0.04823,-0.0502,-0.0502,-0.05118,-0.05217,-0.0561
2023-05-23 10:19:20,-0.0502,1.49313,1.18357,10.0,0.0,-0.0502,-0.04921,-0.0502,-0.04921,-0.04823,-0.0502,-0.0502,-0.05118,-0.05217,-0.0561
2023-05-23 10:19:22,-0.0502,1.59954,1.18915,0.0,-6.0,-0.0502,-0.04921,-0.0502,-0.04921,-0.04823,-0.0502,-0.0502,-0.05118,-0.05217,-0.0561
2023-05-23 10:19:24,-0.04921,1.80314,1.25046,0.0,-1810.0,-0.04921,-0.04921,-0.0502,-0.04921,-0.04823,-0.0502,-0.0502,-0.05118,-0.05217,-0.0561
2023-05-23 10:19:25,-0.0502,1.81551,1.25423,0.0,-23.0,-0.0502,-0.04921,-0.0502,-0.04921,-0.04823,-0.0502,-0.0502,-0.05118,-0.05217,-0.0561
2023-05-23 10:19:27,-0.04921,1.83477,1.26204,-50.0,0.0,-0.04921,-0.04921,-0.0502,-0.04921,-0.04823,-0.0502,-0.0502,-0.05118,-0.05217,-0.0561
2023-05-23 10:19:29,-0.0502,1.75976,1.2385,0.0,1.0,-0.0502,-0.04921,-0.0502,-0.04921,-0.04823,-0.0502,-0.0502,-0.05118,-0.05217,-0.0561
2023-05-23 10:19:31,-0.04921,1.73722,1.22265,-1.0,205.0,-0.04921,-0.04921,-0.0502,-0.04921,-0.04823,-0.0502,-0.0502,-0.05118,-0.05217,-0.0561
2023-05-23 10:19:33,-0.04921,1.70513,1.21731,-1.0,0.0,-0.04921,-0.04921,-0.0502,-0.04921,-0.04823,-0.0502,-0.0502,-0.05118,-0.05217,-0.0561
2023-05-23 10:19:35,-0.04921,1.71474,1.22013,0.0,0.0,-0.04921,-0.04921,-0.0502,-0.04921,-0.04823,-0.0502,-0.0502,-0.05118,-0.05217,-0.0561
2023-05-23 10:19:37,-0.04921,1.71559,1.22355,-42.0,0.0,-0.04921,-0.04921,-0.0502,-0.04921,-0.04823,-0.0502,-0.0502,-0.05118,-0.05217,-0.0561
2023-05-23 10:19:39,-0.0502,1.70871,1.22437,0.0,207.0,-0.0502,-0.04921,-0.0502,-0.04921,-0.04823,-0.0502,-0.0502,-0.05118,-0.05217,-0.0561
2023-05-23 10:19:40,-0.04921,1.68534,1.21826,0.0,301.0,-0.04921,-0.04921,-0.0502,-0.04921,-0.04823,-0.0502,-0.0502,-0.05118,-0.05217,-0.0561
2023-05-23 10:19:42,-0.0502,1.7436,1.23821,0.0,-1166.0,-0.0502,-0.04921,-0.0502,-0.04921,-0.04823,-0.0502,-0.0502,-0.05118,-0.05217,-0.0561
2023-05-23 10:19:44,-0.0502,1.74054,1.23944,0.0,0.0,-0.0502,-0.04921,-0.0502,-0.04921,-0.04823,-0.0502,-0.0502,-0.05118,-0.05217,-0.0561
2023-05-23 10:19:46,-0.04921,1.57716,1.18581,49.0,0.0,-0.04921,-0.04921,-0.0502,-0.04921,-0.04823,-0.0502,-0.0502,-0.05118,-0.05217,-0.0561
2023-05-23 10:19:48,-0.04921,0.91622,0.89581,-1000.0,0.0,-0.04921,-0.04921,-0.0502,-0.04921,-0.04823,-0.0502,-0.0502,-0.05118,-0.05217,-0.0561
2023-05-23 10:19:50,-0.0502,0.90099,0.88717,548.0,0.0,-0.0502,-0.04921,-0.0502,-0.04921,-0.04823,-0.0502,-0.0502,-0.05118,-0.05217,-0.0561
2023-05-23 10:19:52,-0.04921,0.87282,0.86855,-318.0,0.0,-0.04921,-0.04921,-0.0502,-0.04921,-0.04823,-0.0502,-0.0502,-0.05118,-0.05217,-0.0561
2023-05-23 10:19:53,-0.04921,0.89119,0.87935,0.0,0.0,-0.04921,-0.04921,-0.0502,-0.04921,-0.04823,-0.0502,-0.0502,-0.05118,-0.05217,-0.0561
2023-05-23 10:19:55,-0.04921,0.87885,0.87212,0.0,0.0,-0.04921,-0.04921,-0.0502,-0.04921,-0.04823,-0.0502,-0.0502,-0.05118,-0.05217,-0.0561
2023-05-23 10:19:57,-0.04921,0.8657,0.86394,0.0,0.0,-0.04921,-0.04921,-0.0502,-0.04921,-0.04823,-0.0502,-0.0502,-0.05118,-0.05217,-0.0561
2023-05-23 10:19:59,-0.04921,0.86568,0.86393,-1.0,0.0,-0.04921,-0.04921,-0.0502,-0.04921,-0.04823,-0.0502,-0.0502,-0.05118,-0.05217,-0.0561
2023-05-23 10:20:01,-0.0502,0.86663,0.87257,0.0,9.0,-0.0502,-0.04921,-0.04921,-0.04921,-0.0502,-0.04921,-0.04823,-0.0502,-0.0502,-0.05118
2023-05-23 10:20:03,-0.04921,0.86563,0.87198,0.0,0.0,-0.04921,-0.04921,-0.04921,-0.04921,-0.0502,-0.04921,-0.04823,-0.0502,-0.0502,-0.05118
2023-05-23 10:20:05,-0.04921,0.81835,0.84435,-414.0,0.0,-0.04921,-0.04921,-0.04921,-0.04921,-0.0502,-0.04921,-0.04823,-0.0502,-0.0502,-0.05118
2023-05-23 10:20:06,-0.04921,0.81752,0.84387,0.0,0.0,-0.04921,-0.04921,-0.04921,-0.04921,-0.0502,-0.04921,-0.04823,-0.0502,-0.0502,-0.05118
2023-05-23 10:20:08,-0.04921,0.79574,0.8324,-1250.0,0.0,-0.04921,-0.04921,-0.04921,-0.04921,-0.0502,-0.04921,-0.04823,-0.0502,-0.0502,-0.05118
2023-05-23 10:20:10,-0.04921,0.78385,0.82536,200.0,0.0,-0.04921,-0.04921,-0.04921,-0.04921,-0.0502,-0.04921,-0.04823,-0.0502,-0.0502,-0.05118
2023-05-23 10:20:12,-0.04921,0.77948,0.86397,-1.0,0.0,-0.04921,-0.04921,-0.04921,-0.04921,-0.0502,-0.04921,-0.04823,-0.0502,-0.0502,-0.05118
2023-05-23 10:20:14,-0.04921,0.78362,0.86589,1220.0,0.0,-0.04921,-0.04921,-0.04921,-0.04921,-0.0502,-0.04921,-0.04823,-0.0502,-0.0502,-0.05118
2023-05-23 10:20:16,-0.04921,0.77042,0.85894,-50.0,0.0,-0.04921,-0.04921,-0.04921,-0.04921,-0.0502,-0.04921,-0.04823,-0.0502,-0.0502,-0.05118
2023-05-23 10:20:18,-0.04921,0.76423,0.85565,-15.0,192.0,-0.04921,-0.04921,-0.04921,-0.04921,-0.0502,-0.04921,-0.04823,-0.0502,-0.0502,-0.05118
2023-05-23 10:20:20,-0.04921,0.7731,0.86243,-24.0,0.0,-0.04921,-0.04921,-0.04921,-0.04921,-0.0502,-0.04921,-0.04823,-0.0502,-0.0502,-0.05118
2023-05-23 10:20:22,-0.04823,0.83312,0.97069,-171.0,0.0,-0.04823,-0.04921,-0.04921,-0.04921,-0.0502,-0.04921,-0.04823,-0.0502,-0.0502,-0.05118
2023-05-23 10:20:23,-0.04921,0.83078,0.96928,0.0,-200.0,-0.04921,-0.04921,-0.04921,-0.04921,-0.0502,-0.04921,-0.04823,-0.0502,-0.0502,-0.05118
2023-05-23 10:20:25,-0.04921,0.77767,0.93462,0.0,0.0,-0.04921,-0.04921,-0.04921,-0.04921,-0.0502,-0.04921,-0.04823,-0.0502,-0.0502,-0.05118
2023-05-23 10:20:27,-0.04921,0.77854,0.93363,0.0,0.0,-0.04921,-0.04921,-0.04921,-0.04921,-0.0502,-0.04921,-0.04823,-0.0502,-0.0502,-0.05118
2023-05-23 10:20:29,-0.04823,0.78318,0.93327,-4.0,0.0,-0.04823,-0.04921,-0.04921,-0.04921,-0.0502,-0.04921,-0.04823,-0.0502,-0.0502,-0.05118
2023-05-23 10:20:31,-0.04921,0.76398,0.92249,50.0,-51.0,-0.04921,-0.04921,-0.04921,-0.04921,-0.0502,-0.04921,-0.04823,-0.0502,-0.0502,-0.05118
2023-05-23 10:20:33,-0.04921,0.71845,0.83666,0.0,10.0,-0.04921,-0.04921,-0.04921,-0.04921,-0.0502,-0.04921,-0.04823,-0.0502,-0.0502,-0.05118
2023-05-23 10:20:35,-0.04921,0.94617,1.04591,0.0,-323.0,-0.04921,-0.04921,-0.04921,-0.04921,-0.0502,-0.04921,-0.04823,-0.0502,-0.0502,-0.05118
2023-05-23 10:20:37,-0.04921,0.88766,1.01015,11800.0,-6779.0,-0.04921,-0.04921,-0.04921,-0.04921,-0.0502,-0.04921,-0.04823,-0.0502,-0.0502,-0.05118
2023-05-23 10:20:38,-0.04921,0.88326,1.00628,0.0,-10.0,-0.04921,-0.04921,-0.04921,-0.04921,-0.0502,-0.04921,-0.04823,-0.0502,-0.0502,-0.05118
2023-05-23 10:20:40,-0.04921,0.89103,1.0083,0.0,0.0,-0.04921,-0.04921,-0.04921,-0.04921,-0.0502,-0.04921,-0.04823,-0.0502,-0.0502,-0.05118
2023-05-23 10:20:42,-0.04921,0.82968,0.96748,0.0,1002.0,-0.04921,-0.04921,-0.04921,-0.04921,-0.0502,-0.04921,-0.04823,-0.0502,-0.0502,-0.05118
2023-05-23 10:20:44,-0.04921,0.76853,0.945,10.0,0.0,-0.04921,-0.04921,-0.04921,-0.04921,-0.0502,-0.04921,-0.04823,-0.0502,-0.0502,-0.05118
2023-05-23 10:20:46,-0.04823,0.765,0.94615,0.0,0.0,-0.04823,-0.04921,-0.04921,-0.04921,-0.0502,-0.04921,-0.04823,-0.0502,-0.0502,-0.05118
2023-05-23 10:20:48,-0.04823,0.74707,0.9423,597.0,0.0,-0.04823,-0.04921,-0.04921,-0.04921,-0.0502,-0.04921,-0.04823,-0.0502,-0.0502,-0.05118
2023-05-23 10:20:50,-0.04921,0.80011,0.98094,0.0,-109.0,-0.04921,-0.04921,-0.04921,-0.04921,-0.0502,-0.04921,-0.04823,-0.0502,-0.0502,-0.05118
2023-05-23 10:20:52,-0.04823,0.58628,0.78681,-11904.0,10633.0,-0.04823,-0.04921,-0.04921,-0.04921,-0.0502,-0.04921,-0.04823,-0.0502,-0.0502,-0.05118
2023-05-23 10:20:53,-0.04823,0.7589,0.96271,0.0,-5.0,-0.04823,-0.04921,-0.04921,-0.04921,-0.0502,-0.04921,-0.04823,-0.0502,-0.0502,-0.05118
2023-05-23 10:20:55,-0.04823,0.74537,0.95336,0.0,1.0,-0.04823,-0.04921,-0.04921,-0.04921,-0.0502,-0.04921,-0.04823,-0.0502,-0.0502,-0.05118
2023-05-23 10:20:57,-0.04921,0.74324,0.95211,0.0,0.0,-0.04921,-0.04921,-0.04921,-0.04921,-0.0502,-0.04921,-0.04823,-0.0502,-0.0502,-0.05118
2023-05-23 10:20:59,-0.04921,0.74404,0.9513,0.0,22.0,-0.04921,-0.04921,-0.04921,-0.04921,-0.0502,-0.04921,-0.04823,-0.0502,-0.0502,-0.05118
2023-05-23 10:21:01,-0.04921,0.71971,0.93718,0.0,0.0,-0.04921,-0.04823,-0.04921,-0.04921,-0.04921,-0.04921,-0.0502,-0.04921,-0.04823,-0.0502
2023-05-23 10:21:03,-0.04823,0.8201,0.99858,0.0,-20.0,-0.04823,-0.04823,-0.04921,-0.04921,-0.04921,-0.04921,-0.0502,-0.04921,-0.04823,-0.0502
2023-05-23 10:21:05,-0.04921,0.7756,0.9712,0.0,1000.0,-0.04921,-0.04823,-0.04921,-0.04921,-0.04921,-0.04921,-0.0502,-0.04921,-0.04823,-0.0502
2023-05-23 10:21:06,-0.04823,0.82477,1.00243,-41.0,-50.0,-0.04823,-0.04823,-0.04921,-0.04921,-0.04921,-0.04921,-0.0502,-0.04921,-0.04823,-0.0502
2023-05-23 10:21:08,-0.04921,0.838,1.00831,0.0,0.0,-0.04921,-0.04823,-0.04921,-0.04921,-0.04921,-0.04921,-0.0502,-0.04921,-0.04823,-0.0502
2023-05-23 10:21:10,-0.04823,0.84487,1.00926,5.0,2.0,-0.04823,-0.04823,-0.04921,-0.04921,-0.04921,-0.04921,-0.0502,-0.04921,-0.04823,-0.0502
2023-05-23 10:21:12,-0.04921,0.83206,1.00054,0.0,0.0,-0.04921,-0.04823,-0.04921,-0.04921,-0.04921,-0.04921,-0.0502,-0.04921,-0.04823,-0.0502
2023-05-23 10:21:14,-0.04823,0.80869,0.98463,10.0,5.0,-0.04823,-0.04823,-0.04921,-0.04921,-0.04921,-0.04921,-0.0502,-0.04921,-0.04823,-0.0502
2023-05-23 10:21:16,-0.04823,0.82116,0.99406,0.0,0.0,-0.04823,-0.04823,-0.04921,-0.04921,-0.04921,-0.04921,-0.0502,-0.04921,-0.04823,-0.0502
2023-05-23 10:21:18,-0.04921,0.8193,0.99427,0.0,10.0,-0.04921,-0.04823,-0.04921,-0.04921,-0.04921,-0.04921,-0.0502,-0.04921,-0.04823,-0.0502
2023-05-23 10:21:20,-0.04823,0.82915,1.00086,0.0,0.0,-0.04823,-0.04823,-0.04921,-0.04921,-0.04921,-0.04921,-0.0502,-0.04921,-0.04823,-0.0502
2023-05-23 10:21:21,-0.04921,0.82666,0.9991,1.0,0.0,-0.04921,-0.04823,-0.04921,-0.04921,-0.04921,-0.04921,-0.0502,-0.04921,-0.04823,-0.0502
2023-05-23 10:21:23,-0.04921,0.82247,0.99442,0.0,-783.0,-0.04921,-0.04823,-0.04921,-0.04921,-0.04921,-0.04921,-0.0502,-0.04921,-0.04823,-0.0502
2023-05-23 10:21:25,-0.04921,0.84622,1.00216,1.0,0.0,-0.04921,-0.04823,-0.04921,-0.04921,-0.04921,-0.04921,-0.0502,-0.04921,-0.04823,-0.0502
2023-05-23 10:21:27,-0.04921,0.68998,0.86374,-10.0,0.0,-0.04921,-0.04823,-0.04921,-0.04921,-0.04921,-0.04921,-0.0502,-0.04921,-0.04823,-0.0502
2023-05-23 10:21:29,-0.05315,1.55333,1.2785,6.0,0.0,-0.05315,-0.04823,-0.04921,-0.04921,-0.04921,-0.04921,-0.0502,-0.04921,-0.04823,-0.0502
2023-05-23 10:21:31,-0.04921,1.78101,1.41133,0.0,0.0,-0.04921,-0.04823,-0.04921,-0.04921,-0.04921,-0.04921,-0.0502,-0.04921,-0.04823,-0.0502
2023-05-23 10:21:34,-0.05118,1.7857,1.38442,779.0,307.0,-0.05118,-0.04823,-0.04921,-0.04921,-0.04921,-0.04921,-0.0502,-0.04921,-0.04823,-0.0502
2023-05-23 10:21:36,-0.0502,2.03712,1.46793,12.0,0.0,-0.0502,-0.04823,-0.04921,-0.04921,-0.04921,-0.04921,-0.0502,-0.04921,-0.04823,-0.0502
2023-05-23 10:21:38,-0.05118,1.95463,1.44795,0.0,-653.0,-0.05118,-0.04823,-0.04921,-0.04921,-0.04921,-0.04921,-0.0502,-0.04921,-0.04823,-0.0502
2023-05-23 10:21:40,-0.0502,1.98592,1.45383,0.0,0.0,-0.0502,-0.04823,-0.04921,-0.04921,-0.04921,-0.04921,-0.0502,-0.04921,-0.04823,-0.0502
2023-05-23 10:21:42,-0.05315,1.17062,1.28903,0.0,-285.0,-0.05315,-0.04823,-0.04921,-0.04921,-0.04921,-0.04921,-0.0502,-0.04921,-0.04823,-0.0502
2023-05-23 10:21:44,-0.05118,1.12871,1.27233,-100.0,0.0,-0.05118,-0.04823,-0.04921,-0.04921,-0.04921,-0.04921,-0.0502,-0.04921,-0.04823,-0.0502
2023-05-23 10:21:45,-0.05118,1.22854,1.3146,0.0,0.0,-0.05118,-0.04823,-0.04921,-0.04921,-0.04921,-0.04921,-0.0502,-0.04921,-0.04823,-0.0502
2023-05-23 10:21:47,-0.05118,1.2265,1.30522,0.0,0.0,-0.05118,-0.04823,-0.04921,-0.04921,-0.04921,-0.04921,-0.0502,-0.04921,-0.04823,-0.0502
2023-05-23 10:21:49,-0.05118,1.34566,1.43299,-2.0,0.0,-0.05118,-0.04823,-0.04921,-0.04921,-0.04921,-0.04921,-0.0502,-0.04921,-0.04823,-0.0502
2023-05-23 10:21:51,-0.05217,0.68929,1.12472,-10.0,0.0,-0.05217,-0.04823,-0.04921,-0.04921,-0.04921,-0.04921,-0.0502,-0.04921,-0.04823,-0.0502
2023-05-23 10:21:53,-0.05217,1.40443,1.45465,0.0,11.0,-0.05217,-0.04823,-0.04921,-0.04921,-0.04921,-0.04921,-0.0502,-0.04921,-0.04823,-0.0502
2023-05-23 10:21:55,-0.05315,0.65849,1.11297,330.0,-40.0,-0.05315,-0.04823,-0.04921,-0.04921,-0.04921,-0.04921,-0.0502,-0.04921,-0.04823,-0.0502
2023-05-23 10:21:57,-0.05315,0.69711,1.09563,0.0,0.0,-0.05315,-0.04823,-0.04921,-0.04921,-0.04921,-0.04921,-0.0502,-0.04921,-0.04823,-0.0502
2023-05-23 10:21:59,-0.05217,0.7301,1.11421,0.0,0.0,-0.05217,-0.04823,-0.04921,-0.04921,-0.04921,-0.04921,-0.0502,-0.04921,-0.04823,-0.0502
2023-05-23 10:22:00,-0.05217,0.7312,1.11601,-10.0,25.0,-0.05217,-0.05217,-0.05315,-0.04823,-0.04921,-0.04921,-0.04921,-0.04921,-0.0502,-0.04921
2023-05-23 10:22:02,-0.05217,1.40712,1.43365,-60.0,-60.0,-0.05217,-0.05217,-0.05315,-0.04823,-0.04921,-0.04921,-0.04921,-0.04921,-0.0502,-0.04921
2023-05-23 10:22:04,-0.05217,1.41014,1.43472,0.0,10.0,-0.05217,-0.05217,-0.05315,-0.04823,-0.04921,-0.04921,-0.04921,-0.04921,-0.0502,-0.04921
2023-05-23 10:22:06,-0.05217,1.34946,1.43078,0.0,5.0,-0.05217,-0.05217,-0.05315,-0.04823,-0.04921,-0.04921,-0.04921,-0.04921,-0.0502,-0.04921
2023-05-23 10:22:08,-0.05315,0.70217,1.10799,0.0,-352.0,-0.05315,-0.05217,-0.05315,-0.04823,-0.04921,-0.04921,-0.04921,-0.04921,-0.0502,-0.04921
2023-05-23 10:22:10,-0.05315,1.33277,1.34541,0.0,-1850.0,-0.05315,-0.05217,-0.05315,-0.04823,-0.04921,-0.04921,-0.04921,-0.04921,-0.0502,-0.04921
2023-05-23 10:22:12,-0.05315,1.48252,1.39378,0.0,10.0,-0.05315,-0.05217,-0.05315,-0.04823,-0.04921,-0.04921,-0.04921,-0.04921,-0.0502,-0.04921
2023-05-23 10:22:13,-0.05315,0.71086,1.11491,0.0,1.0,-0.05315,-0.05217,-0.05315,-0.04823,-0.04921,-0.04921,-0.04921,-0.04921,-0.0502,-0.04921
2023-05-23 10:22:15,-0.05217,0.94231,1.19111,0.0,20.0,-0.05217,-0.05217,-0.05315,-0.04823,-0.04921,-0.04921,-0.04921,-0.04921,-0.0502,-0.04921
2023-05-23 10:22:17,-0.05315,1.01559,1.22559,0.0,6.0,-0.05315,-0.05217,-0.05315,-0.04823,-0.04921,-0.04921,-0.04921,-0.04921,-0.0502,-0.04921
2023-05-23 10:22:19,-0.05315,1.02528,1.2513,-2.0,-2.0,-0.05315,-0.05217,-0.05315,-0.04823,-0.04921,-0.04921,-0.04921,-0.04921,-0.0502,-0.04921
2023-05-23 10:22:21,-0.05315,1.10055,1.27991,0.0,-100.0,-0.05315,-0.05217,-0.05315,-0.04823,-0.04921,-0.04921,-0.04921,-0.04921,-0.0502,-0.04921
2023-05-23 10:22:23,-0.05315,1.11926,1.28656,-195.0,-195.0,-0.05315,-0.05217,-0.05315,-0.04823,-0.04921,-0.04921,-0.04921,-0.04921,-0.0502,-0.04921
2023-05-23 10:22:25,-0.05413,0.45249,0.92547,-6567.0,0.0,-0.05413,-0.05217,-0.05315,-0.04823,-0.04921,-0.04921,-0.04921,-0.04921,-0.0502,-0.04921
2023-05-23 10:22:27,-0.05413,0.66919,0.93018,-8335.0,-8335.0,-0.05413,-0.05217,-0.05315,-0.04823,-0.04921,-0.04921,-0.04921,-0.04921,-0.0502,-0.04921
2023-05-23 10:22:28,-0.05413,0.58924,0.90672,0.0,-202.0,-0.05413,-0.05217,-0.05315,-0.04823,-0.04921,-0.04921,-0.04921,-0.04921,-0.0502,-0.04921
2023-05-23 10:22:30,-0.05315,0.77752,0.95208,0.0,20.0,-0.05315,-0.05217,-0.05315,-0.04823,-0.04921,-0.04921,-0.04921,-0.04921,-0.0502,-0.04921
2023-05-23 10:22:32,-0.05413,0.81492,0.93881,0.0,0.0,-0.05413,-0.05217,-0.05315,-0.04823,-0.04921,-0.04921,-0.04921,-0.04921,-0.0502,-0.04921
2023-05-23 10:22:34,-0.05413,0.95313,0.97799,0.0,110.0,-0.05413,-0.05217,-0.05315,-0.04823,-0.04921,-0.04921,-0.04921,-0.04921,-0.0502,-0.04921
2023-05-23 10:22:36,-0.05413,0.9959,0.98864,0.0,-23.0,-0.05413,-0.05217,-0.05315,-0.04823,-0.04921,-0.04921,-0.04921,-0.04921,-0.0502,-0.04921
2023-05-23 10:22:38,-0.05413,1.28429,0.93845,-10.0,1.0,-0.05413,-0.05217,-0.05315,-0.04823,-0.04921,-0.04921,-0.04921,-0.04921,-0.0502,-0.04921
2023-05-23 10:22:40,-0.05413,1.21863,0.9163,0.0,0.0,-0.05413,-0.05217,-0.05315,-0.04823,-0.04921,-0.04921,-0.04921,-0.04921,-0.0502,-0.04921
2023-05-23 10:22:41,-0.05512,1.376,0.95883,0.0,1.0,-0.05512,-0.05217,-0.05315,-0.04823,-0.04921,-0.04921,-0.04921,-0.04921,-0.0502,-0.04921
2023-05-23 10:22:43,-0.05512,0.77559,0.73995,0.0,0.0,-0.05512,-0.05217,-0.05315,-0.04823,-0.04921,-0.04921,-0.04921,-0.04921,-0.0502,-0.04921
2023-05-23 10:22:45,-0.05807,0.47929,0.59807,0.0,0.0,-0.05807,-0.05217,-0.05315,-0.04823,-0.04921,-0.04921,-0.04921,-0.04921,-0.0502,-0.04921
2023-05-23 10:22:47,-0.05807,0.23424,0.53009,0.0,-1111.0,-0.05807,-0.05217,-0.05315,-0.04823,-0.04921,-0.04921,-0.04921,-0.04921,-0.0502,-0.04921
2023-05-23 10:22:49,-0.05807,0.25352,0.54475,0.0,-207.0,-0.05807,-0.05217,-0.05315,-0.04823,-0.04921,-0.04921,-0.04921,-0.04921,-0.0502,-0.04921
2023-05-23 10:22:51,-0.05807,0.20477,0.40351,0.0,1.0,-0.05807,-0.05217,-0.05315,-0.04823,-0.04921,-0.04921,-0.04921,-0.04921,-0.0502,-0.04921
2023-05-23 10:22:53,-0.05906,0.1908,0.40089,0.0,-11.0,-0.05906,-0.05217,-0.05315,-0.04823,-0.04921,-0.04921,-0.04921,-0.04921,-0.0502,-0.04921
2023-05-23 10:22:54,-0.06004,0.16664,0.27267,0.0,1.0,-0.06004,-0.05217,-0.05315,-0.04823,-0.04921,-0.04921,-0.04921,-0.04921,-0.0502,-0.04921
2023-05-23 10:22:56,-0.06004,0.21568,0.28899,-2.0,-41.0,-0.06004,-0.05217,-0.05315,-0.04823,-0.04921,-0.04921,-0.04921,-0.04921,-0.0502,-0.04921
2023-05-23 10:22:58,-0.05906,0.27003,0.26607,-10.0,0.0,-0.05906,-0.05217,-0.05315,-0.04823,-0.04921,-0.04921,-0.04921,-0.04921,-0.0502,-0.04921
2023-05-23 10:23:00,-0.06102,0.10088,0.17725,0.0,12.0,-0.06102,-0.06004,-0.06004,-0.05217,-0.05315,-0.04823,-0.04921,-0.04921,-0.04921,-0.04921
2023-05-23 10:23:02,-0.06102,0.13589,0.19065,0.0,-55.0,-0.06102,-0.06004,-0.06004,-0.05217,-0.05315,-0.04823,-0.04921,-0.04921,-0.04921,-0.04921
2023-05-23 10:23:04,-0.06004,0.13943,0.1459,-1194.0,0.0,-0.06004,-0.06004,-0.06004,-0.05217,-0.05315,-0.04823,-0.04921,-0.04921,-0.04921,-0.04921
2023-05-23 10:23:06,-0.06004,0.16381,0.13949,0.0,-1.0,-0.06004,-0.06004,-0.06004,-0.05217,-0.05315,-0.04823,-0.04921,-0.04921,-0.04921,-0.04921
2023-05-23 10:23:07,-0.06004,0.20402,0.29595,0.0,0.0,-0.06004,-0.06004,-0.06004,-0.05217,-0.05315,-0.04823,-0.04921,-0.04921,-0.04921,-0.04921
2023-05-23 10:23:09,-0.05906,0.14838,0.2694,-1.0,-1.0,-0.05906,-0.06004,-0.06004,-0.05217,-0.05315,-0.04823,-0.04921,-0.04921,-0.04921,-0.04921
2023-05-23 10:23:11,-0.06004,0.13821,0.26728,1077.0,8.0,-0.06004,-0.06004,-0.06004,-0.05217,-0.05315,-0.04823,-0.04921,-0.04921,-0.04921,-0.04921
2023-05-23 10:23:13,-0.05906,0.14837,0.27958,0.0,100.0,-0.05906,-0.06004,-0.06004,-0.05217,-0.05315,-0.04823,-0.04921,-0.04921,-0.04921,-0.04921
2023-05-23 10:23:15,-0.06102,0.07989,0.25244,-425.0,0.0,-0.06102,-0.06004,-0.06004,-0.05217,-0.05315,-0.04823,-0.04921,-0.04921,-0.04921,-0.04921
2023-05-23 10:23:17,-0.06004,0.04897,0.244,-23.0,-546.0,-0.06004,-0.06004,-0.06004,-0.05217,-0.05315,-0.04823,-0.04921,-0.04921,-0.04921,-0.04921
2023-05-23 10:23:19,-0.05807,0.03348,0.23854,-33501.0,0.0,-0.05807,-0.06004,-0.06004,-0.05217,-0.05315,-0.04823,-0.04921,-0.04921,-0.04921,-0.04921
2023-05-23 10:23:20,-0.06004,0.11474,0.4438,0.0,7569.0,-0.06004,-0.06004,-0.06004,-0.05217,-0.05315,-0.04823,-0.04921,-0.04921,-0.04921,-0.04921
2023-05-23 10:23:22,-0.05906,0.22036,0.47774,0.0,-73.0,-0.05906,-0.06004,-0.06004,-0.05217,-0.05315,-0.04823,-0.04921,-0.04921,-0.04921,-0.04921
2023-05-23 10:23:24,-0.05906,0.09679,0.35065,-16723.0,0.0,-0.05906,-0.06004,-0.06004,-0.05217,-0.05315,-0.04823,-0.04921,-0.04921,-0.04921,-0.04921
2023-05-23 10:23:26,-0.05906,0.13836,0.36602,0.0,200.0,-0.05906,-0.06004,-0.06004,-0.05217,-0.05315,-0.04823,-0.04921,-0.04921,-0.04921,-0.04921
2023-05-23 10:23:28,-0.05709,0.21065,0.36959,-1.0,0.0,-0.05709,-0.06004,-0.06004,-0.05217,-0.05315,-0.04823,-0.04921,-0.04921,-0.04921,-0.04921
2023-05-23 10:23:30,-0.05709,0.29168,0.37682,0.0,-4695.0,-0.05709,-0.06004,-0.06004,-0.05217,-0.05315,-0.04823,-0.04921,-0.04921,-0.04921,-0.04921
2023-05-23 10:23:31,-0.05709,0.4158,0.39645,-1.0,0.0,-0.05709,-0.06004,-0.06004,-0.05217,-0.05315,-0.04823,-0.04921,-0.04921,-0.04921,-0.04921
2023-05-23 10:23:33,-0.05807,0.34854,0.38213,0.0,100.0,-0.05807,-0.06004,-0.06004,-0.05217,-0.05315,-0.04823,-0.04921,-0.04921,-0.04921,-0.04921
2023-05-23 10:23:35,-0.05709,0.32951,0.37776,0.0,1.0,-0.05709,-0.06004,-0.06004,-0.05217,-0.05315,-0.04823,-0.04921,-0.04921,-0.04921,-0.04921
2023-05-23 10:23:37,-0.05709,0.35178,0.38211,1296.0,0.0,-0.05709,-0.06004,-0.06004,-0.05217,-0.05315,-0.04823,-0.04921,-0.04921,-0.04921,-0.04921
2023-05-23 10:23:39,-0.05807,0.4141,0.38683,0.0,-28.0,-0.05807,-0.06004,-0.06004,-0.05217,-0.05315,-0.04823,-0.04921,-0.04921,-0.04921,-0.04921
2023-05-23 10:23:41,-0.05709,0.47647,0.38591,-1.0,2.0,-0.05709,-0.06004,-0.06004,-0.05217,-0.05315,-0.04823,-0.04921,-0.04921,-0.04921,-0.04921
2023-05-23 10:23:43,-0.05709,0.51282,0.39854,-1.0,-5015.0,-0.05709,-0.06004,-0.06004,-0.05217,-0.05315,-0.04823,-0.04921,-0.04921,-0.04921,-0.04921
2023-05-23 10:23:44,-0.05709,0.50846,0.39499,5.0,10.0,-0.05709,-0.06004,-0.06004,-0.05217,-0.05315,-0.04823,-0.04921,-0.04921,-0.04921,-0.04921
2023-05-23 10:23:46,-0.05807,0.24594,0.27667,-1.0,0.0,-0.05807,-0.06004,-0.06004,-0.05217,-0.05315,-0.04823,-0.04921,-0.04921,-0.04921,-0.04921
2023-05-23 10:23:48,-0.05807,0.25481,0.27386,-10.0,0.0,-0.05807,-0.06004,-0.06004,-0.05217,-0.05315,-0.04823,-0.04921,-0.04921,-0.04921,-0.04921
2023-05-23 10:23:50,-0.05807,0.27252,0.28427,100.0,0.0,-0.05807,-0.06004,-0.06004,-0.05217,-0.05315,-0.04823,-0.04921,-0.04921,-0.04921,-0.04921
2023-05-23 10:23:52,-0.05807,0.29009,0.29131,0.0,0.0,-0.05807,-0.06004,-0.06004,-0.05217,-0.05315,-0.04823,-0.04921,-0.04921,-0.04921,-0.04921
2023-05-23 10:23:54,-0.05807,0.52439,0.39354,0.0,11.0,-0.05807,-0.06004,-0.06004,-0.05217,-0.05315,-0.04823,-0.04921,-0.04921,-0.04921,-0.04921
2023-05-23 10:23:56,-0.05709,0.52356,0.39607,-1.0,0.0,-0.05709,-0.06004,-0.06004,-0.05217,-0.05315,-0.04823,-0.04921,-0.04921,-0.04921,-0.04921
2023-05-23 10:23:57,-0.05906,0.27611,0.28538,0.0,0.0,-0.05906,-0.06004,-0.06004,-0.05217,-0.05315,-0.04823,-0.04921,-0.04921,-0.04921,-0.04921
2023-05-23 10:23:59,-0.06004,0.23857,0.21639,0.0,0.0,-0.06004,-0.06004,-0.06004,-0.05217,-0.05315,-0.04823,-0.04921,-0.04921,-0.04921,-0.04921
2023-05-23 10:24:01,-0.05906,0.23268,0.20778,-20.0,0.0,-0.05906,-0.06004,-0.05906,-0.06004,-0.06004,-0.05217,-0.05315,-0.04823,-0.04921,-0.04921
2023-05-23 10:24:03,-0.06004,0.23457,0.20808,0.0,500.0,-0.06004,-0.06004,-0.05906,-0.06004,-0.06004,-0.05217,-0.05315,-0.04823,-0.04921,-0.04921
2023-05-23 10:24:05,-0.05906,0.28006,0.21042,50.0,0.0,-0.05906,-0.06004,-0.05906,-0.06004,-0.06004,-0.05217,-0.05315,-0.04823,-0.04921,-0.04921
2023-05-23 10:24:07,-0.06004,0.27638,0.21054,0.0,20.0,-0.06004,-0.06004,-0.05906,-0.06004,-0.06004,-0.05217,-0.05315,-0.04823,-0.04921,-0.04921
2023-05-23 10:24:09,-0.05906,0.26845,0.20741,0.0,9.0,-0.05906,-0.06004,-0.05906,-0.06004,-0.06004,-0.05217,-0.05315,-0.04823,-0.04921,-0.04921
2023-05-23 10:24:11,-0.05906,0.25566,0.20275,-30.0,0.0,-0.05906,-0.06004,-0.05906,-0.06004,-0.06004,-0.05217,-0.05315,-0.04823,-0.04921,-0.04921
2023-05-23 10:24:12,-0.06004,0.23,0.19309,0.0,2400.0,-0.06004,-0.06004,-0.05906,-0.06004,-0.06004,-0.05217,-0.05315,-0.04823,-0.04921,-0.04921
2023-05-23 10:24:14,-0.05807,0.25028,0.2523,0.0,0.0,-0.05807,-0.06004,-0.05906,-0.06004,-0.06004,-0.05217,-0.05315,-0.04823,-0.04921,-0.04921
2023-05-23 10:24:16,-0.05906,0.24524,0.25018,0.0,0.0,-0.05906,-0.06004,-0.05906,-0.06004,-0.06004,-0.05217,-0.05315,-0.04823,-0.04921,-0.04921
2023-05-23 10:24:18,-0.05906,0.26452,0.33506,0.0,11.0,-0.05906,-0.06004,-0.05906,-0.06004,-0.06004,-0.05217,-0.05315,-0.04823,-0.04921,-0.04921
2023-05-23 10:24:20,-0.05906,0.16385,0.2377,-16041.0,0.0,-0.05906,-0.06004,-0.05906,-0.06004,-0.06004,-0.05217,-0.05315,-0.04823,-0.04921,-0.04921
2023-05-23 10:24:22,-0.05709,0.27463,0.33664,0.0,-6779.0,-0.05709,-0.06004,-0.05906,-0.06004,-0.06004,-0.05217,-0.05315,-0.04823,-0.04921,-0.04921
2023-05-23 10:24:24,-0.05709,0.22884,0.23317,200.0,0.0,-0.05709,-0.06004,-0.05906,-0.06004,-0.06004,-0.05217,-0.05315,-0.04823,-0.04921,-0.04921
2023-05-23 10:24:25,-0.05906,0.18569,0.20724,0.0,691.0,-0.05906,-0.06004,-0.05906,-0.06004,-0.06004,-0.05217,-0.05315,-0.04823,-0.04921,-0.04921
2023-05-23 10:24:27,-0.05807,0.18193,0.20854,0.0,0.0,-0.05807,-0.06004,-0.05906,-0.06004,-0.06004,-0.05217,-0.05315,-0.04823,-0.04921,-0.04921
2023-05-23 10:24:29,-0.05906,0.20141,0.21516,0.0,-1103.0,-0.05906,-0.06004,-0.05906,-0.06004,-0.06004,-0.05217,-0.05315,-0.04823,-0.04921,-0.04921
2023-05-23 10:24:31,-0.05807,0.28042,0.31628,0.0,30.0,-0.05807,-0.06004,-0.05906,-0.06004,-0.06004,-0.05217,-0.05315,-0.04823,-0.04921,-0.04921
2023-05-23 10:24:33,-0.05807,0.30038,0.32207,0.0,-996.0,-0.05807,-0.06004,-0.05906,-0.06004,-0.06004,-0.05217,-0.05315,-0.04823,-0.04921,-0.04921
2023-05-23 10:24:35,-0.05807,0.29816,0.31968,0.0,68.0,-0.05807,-0.06004,-0.05906,-0.06004,-0.06004,-0.05217,-0.05315,-0.04823,-0.04921,-0.04921
2023-05-23 10:24:37,-0.05807,0.29262,0.31944,72.0,0.0,-0.05807,-0.06004,-0.05906,-0.06004,-0.06004,-0.05217,-0.05315,-0.04823,-0.04921,-0.04921
2023-05-23 10:24:39,-0.05807,0.29629,0.3206,0.0,15.0,-0.05807,-0.06004,-0.05906,-0.06004,-0.06004,-0.05217,-0.05315,-0.04823,-0.04921,-0.04921
2023-05-23 10:24:41,-0.05807,0.20037,0.21418,0.0,181.0,-0.05807,-0.06004,-0.05906,-0.06004,-0.06004,-0.05217,-0.05315,-0.04823,-0.04921,-0.04921
2023-05-23 10:24:44,-0.05807,0.27507,0.30621,0.0,2075.0,-0.05807,-0.06004,-0.05906,-0.06004,-0.06004,-0.05217,-0.05315,-0.04823,-0.04921,-0.04921
2023-05-23 10:24:46,-0.05709,0.28434,0.30322,0.0,488.0,-0.05709,-0.06004,-0.05906,-0.06004,-0.06004,-0.05217,-0.05315,-0.04823,-0.04921,-0.04921
2023-05-23 10:24:48,-0.0502,1.95179,0.71433,0.0,100.0,-0.0502,-0.06004,-0.05906,-0.06004,-0.06004,-0.05217,-0.05315,-0.04823,-0.04921,-0.04921
2023-05-23 10:24:50,-0.05709,2.81602,0.707,210.0,-461.0,-0.05709,-0.06004,-0.05906,-0.06004,-0.06004,-0.05217,-0.05315,-0.04823,-0.04921,-0.04921
2023-05-23 10:24:51,-0.05709,0.63941,0.53176,0.0,10.0,-0.05709,-0.06004,-0.05906,-0.06004,-0.06004,-0.05217,-0.05315,-0.04823,-0.04921,-0.04921
2023-05-23 10:24:53,-0.0502,5.95965,1.00393,0.0,-38213.0,-0.0502,-0.06004,-0.05906,-0.06004,-0.06004,-0.05217,-0.05315,-0.04823,-0.04921,-0.04921
2023-05-23 10:24:55,-0.05217,0.88705,0.5766,0.0,0.0,-0.05217,-0.06004,-0.05906,-0.06004,-0.06004,-0.05217,-0.05315,-0.04823,-0.04921,-0.04921
2023-05-23 10:24:57,-0.05413,0.45144,0.52518,-1.0,0.0,-0.05413,-0.06004,-0.05906,-0.06004,-0.06004,-0.05217,-0.05315,-0.04823,-0.04921,-0.04921
2023-05-23 10:24:59,-0.05512,0.75775,0.57384,0.0,100.0,-0.05512,-0.06004,-0.05906,-0.06004,-0.06004,-0.05217,-0.05315,-0.04823,-0.04921,-0.04921
2023-05-23 10:25:01,-0.0561,0.30613,0.5416,-42.0,0.0,-0.0561,-0.0561,-0.05512,-0.06004,-0.05906,-0.06004,-0.06004,-0.05217,-0.05315,-0.04823
2023-05-23 10:25:03,-0.05512,0.37117,0.55433,0.0,300.0,-0.05512,-0.0561,-0.05512,-0.06004,-0.05906,-0.06004,-0.06004,-0.05217,-0.05315,-0.04823
2023-05-23 10:25:05,-0.05512,0.18671,0.48678,112.0,0.0,-0.05512,-0.0561,-0.05512,-0.06004,-0.05906,-0.06004,-0.06004,-0.05217,-0.05315,-0.04823
2023-05-23 10:25:06,-0.05512,2.72071,0.88068,0.0,-7846.0,-0.05512,-0.0561,-0.05512,-0.06004,-0.05906,-0.06004,-0.06004,-0.05217,-0.05315,-0.04823
2023-05-23 10:25:08,-0.05315,2.3486,0.86769,0.0,-50.0,-0.05315,-0.0561,-0.05512,-0.06004,-0.05906,-0.06004,-0.06004,-0.05217,-0.05315,-0.04823
2023-05-23 10:25:10,-0.05315,2.04732,0.8348,-1.0,-50.0,-0.05315,-0.0561,-0.05512,-0.06004,-0.05906,-0.06004,-0.06004,-0.05217,-0.05315,-0.04823
2023-05-23 10:25:12,-0.05413,0.84574,0.78005,-1.0,0.0,-0.05413,-0.0561,-0.05512,-0.06004,-0.05906,-0.06004,-0.06004,-0.05217,-0.05315,-0.04823
2023-05-23 10:25:14,-0.05315,3.3187,1.05585,99.0,1.0,-0.05315,-0.0561,-0.05512,-0.06004,-0.05906,-0.06004,-0.06004,-0.05217,-0.05315,-0.04823
2023-05-23 10:25:16,-0.05413,0.52579,0.62942,-1.0,0.0,-0.05413,-0.0561,-0.05512,-0.06004,-0.05906,-0.06004,-0.06004,-0.05217,-0.05315,-0.04823
2023-05-23 10:25:18,-0.05413,1.254,0.86699,28.0,-1213.0,-0.05413,-0.0561,-0.05512,-0.06004,-0.05906,-0.06004,-0.06004,-0.05217,-0.05315,-0.04823
2023-05-23 10:25:19,-0.05512,0.5632,0.64042,500.0,35545.0,-0.05512,-0.0561,-0.05512,-0.06004,-0.05906,-0.06004,-0.06004,-0.05217,-0.05315,-0.04823
2023-05-23 10:25:21,-0.05512,0.46523,0.62843,1.0,0.0,-0.05512,-0.0561,-0.05512,-0.06004,-0.05906,-0.06004,-0.06004,-0.05217,-0.05315,-0.04823
2023-05-23 10:25:23,-0.05512,0.62826,0.63388,7004.0,3323.0,-0.05512,-0.0561,-0.05512,-0.06004,-0.05906,-0.06004,-0.06004,-0.05217,-0.05315,-0.04823
2023-05-23 10:25:25,-0.05315,1.00014,0.69104,0.0,-11162.0,-0.05315,-0.0561,-0.05512,-0.06004,-0.05906,-0.06004,-0.06004,-0.05217,-0.05315,-0.04823
2023-05-23 10:25:27,-0.05512,0.27825,0.55385,-11190.0,2.0,-0.05512,-0.0561,-0.05512,-0.06004,-0.05906,-0.06004,-0.06004,-0.05217,-0.05315,-0.04823
2023-05-23 10:25:29,-0.05413,0.77553,0.86201,-1.0,0.0,-0.05413,-0.0561,-0.05512,-0.06004,-0.05906,-0.06004,-0.06004,-0.05217,-0.05315,-0.04823
2023-05-23 10:25:31,-0.05512,0.81461,0.86257,0.0,1.0,-0.05512,-0.0561,-0.05512,-0.06004,-0.05906,-0.06004,-0.06004,-0.05217,-0.05315,-0.04823
2023-05-23 10:25:32,-0.05413,0.37908,0.61925,0.0,0.0,-0.05413,-0.0561,-0.05512,-0.06004,-0.05906,-0.06004,-0.06004,-0.05217,-0.05315,-0.04823
2023-05-23 10:25:34,-0.05512,0.36667,0.56934,0.0,10.0,-0.05512,-0.0561,-0.05512,-0.06004,-0.05906,-0.06004,-0.06004,-0.05217,-0.05315,-0.04823
2023-05-23 10:25:36,-0.05512,0.38428,0.57619,101.0,0.0,-0.05512,-0.0561,-0.05512,-0.06004,-0.05906,-0.06004,-0.06004,-0.05217,-0.05315,-0.04823
2023-05-23 10:25:38,-0.05709,0.68161,0.63992,250.0,0.0,-0.05709,-0.0561,-0.05512,-0.06004,-0.05906,-0.06004,-0.06004,-0.05217,-0.05315,-0.04823
2023-05-23 10:25:40,-0.0561,0.62625,0.62633,0.0,0.0,-0.0561,-0.0561,-0.05512,-0.06004,-0.05906,-0.06004,-0.06004,-0.05217,-0.05315,-0.04823
2023-05-23 10:25:42,-0.05709,1.04705,0.68216,0.0,-66.0,-0.05709,-0.0561,-0.05512,-0.06004,-0.05906,-0.06004,-0.06004,-0.05217,-0.05315,-0.04823
2023-05-23 10:25:44,-0.0561,0.57467,0.60898,0.0,12.0,-0.0561,-0.0561,-0.05512,-0.06004,-0.05906,-0.06004,-0.06004,-0.05217,-0.05315,-0.04823
2023-05-23 10:25:46,-0.05709,0.56025,0.60723,0.0,6.0,-0.05709,-0.0561,-0.05512,-0.06004,-0.05906,-0.06004,-0.06004,-0.05217,-0.05315,-0.04823
2023-05-23 10:25:47,-0.05709,0.51768,0.59456,0.0,0.0,-0.05709,-0.0561,-0.05512,-0.06004,-0.05906,-0.06004,-0.06004,-0.05217,-0.05315,-0.04823
2023-05-23 10:25:49,-0.05709,0.49879,0.58653,0.0,560.0,-0.05709,-0.0561,-0.05512,-0.06004,-0.05906,-0.06004,-0.06004,-0.05217,-0.05315,-0.04823
2023-05-23 10:25:51,-0.05709,0.49457,0.58546,0.0,-20.0,-0.05709,-0.0561,-0.05512,-0.06004,-0.05906,-0.06004,-0.06004,-0.05217,-0.05315,-0.04823
2023-05-23 10:25:53,-0.05709,0.46309,0.57648,0.0,-279.0,-0.05709,-0.0561,-0.05512,-0.06004,-0.05906,-0.06004,-0.06004,-0.05217,-0.05315,-0.04823
2023-05-23 10:25:55,-0.0561,0.48138,0.57997,20.0,200.0,-0.0561,-0.0561,-0.05512,-0.06004,-0.05906,-0.06004,-0.06004,-0.05217,-0.05315,-0.04823
2023-05-23 10:25:57,-0.05709,0.38747,0.50377,0.0,0.0,-0.05709,-0.0561,-0.05512,-0.06004,-0.05906,-0.06004,-0.06004,-0.05217,-0.05315,-0.04823
2023-05-23 10:25:59,-0.05709,0.38702,0.39582,-10.0,0.0,-0.05709,-0.0561,-0.05512,-0.06004,-0.05906,-0.06004,-0.06004,-0.05217,-0.05315,-0.04823
2023-05-23 10:26:00,-0.05807,0.38949,0.40321,0.0,50.0,-0.05807,-0.05807,-0.05709,-0.0561,-0.05512,-0.06004,-0.05906,-0.06004,-0.06004,-0.05217
2023-05-23 10:26:02,-0.05807,0.33324,0.40984,0.0,-300.0,-0.05807,-0.05807,-0.05709,-0.0561,-0.05512,-0.06004,-0.05906,-0.06004,-0.06004,-0.05217
2023-05-23 10:26:04,-0.05709,0.33999,0.41048,0.0,100.0,-0.05709,-0.05807,-0.05709,-0.0561,-0.05512,-0.06004,-0.05906,-0.06004,-0.06004,-0.05217
2023-05-23 10:26:06,-0.05807,0.44782,0.41698,46.0,3396.0,-0.05807,-0.05807,-0.05709,-0.0561,-0.05512,-0.06004,-0.05906,-0.06004,-0.06004,-0.05217
2023-05-23 10:26:08,-0.05807,0.4367,0.41178,4.0,0.0,-0.05807,-0.05807,-0.05709,-0.0561,-0.05512,-0.06004,-0.05906,-0.06004,-0.06004,-0.05217
2023-05-23 10:26:10,-0.05807,0.42502,0.40876,0.0,0.0,-0.05807,-0.05807,-0.05709,-0.0561,-0.05512,-0.06004,-0.05906,-0.06004,-0.06004,-0.05217
2023-05-23 10:26:12,-0.05807,0.43258,0.40821,0.0,20.0,-0.05807,-0.05807,-0.05709,-0.0561,-0.05512,-0.06004,-0.05906,-0.06004,-0.06004,-0.05217
2023-05-23 10:26:14,-0.05709,0.43443,0.4133,0.0,0.0,-0.05709,-0.05807,-0.05709,-0.0561,-0.05512,-0.06004,-0.05906,-0.06004,-0.06004,-0.05217
2023-05-23 10:26:16,-0.05709,0.49647,0.4296,0.0,0.0,-0.05709,-0.05807,-0.05709,-0.0561,-0.05512,-0.06004,-0.05906,-0.06004,-0.06004,-0.05217
2023-05-23 10:26:18,-0.05709,0.49545,0.43082,-10.0,0.0,-0.05709,-0.05807,-0.05709,-0.0561,-0.05512,-0.06004,-0.05906,-0.06004,-0.06004,-0.05217
2023-05-23 10:26:19,-0.05807,0.53684,0.43628,-287.0,0.0,-0.05807,-0.05807,-0.05709,-0.0561,-0.05512,-0.06004,-0.05906,-0.06004,-0.06004,-0.05217
2023-05-23 10:26:21,-0.05807,0.36469,0.42124,15304.0,-220.0,-0.05807,-0.05807,-0.05709,-0.0561,-0.05512,-0.06004,-0.05906,-0.06004,-0.06004,-0.05217
2023-05-23 10:26:23,-0.05807,0.37016,0.33596,-5.0,0.0,-0.05807,-0.05807,-0.05709,-0.0561,-0.05512,-0.06004,-0.05906,-0.06004,-0.06004,-0.05217
2023-05-23 10:26:25,-0.05807,0.38732,0.33853,-216.0,0.0,-0.05807,-0.05807,-0.05709,-0.0561,-0.05512,-0.06004,-0.05906,-0.06004,-0.06004,-0.05217
2023-05-23 10:26:27,-0.05807,0.36889,0.33479,0.0,10.0,-0.05807,-0.05807,-0.05709,-0.0561,-0.05512,-0.06004,-0.05906,-0.06004,-0.06004,-0.05217
2023-05-23 10:26:29,-0.05807,0.37115,0.34101,0.0,20.0,-0.05807,-0.05807,-0.05709,-0.0561,-0.05512,-0.06004,-0.05906,-0.06004,-0.06004,-0.05217
2023-05-23 10:26:31,-0.05709,0.50999,0.42988,0.0,1472.0,-0.05709,-0.05807,-0.05709,-0.0561,-0.05512,-0.06004,-0.05906,-0.06004,-0.06004,-0.05217
2023-05-23 10:26:33,-0.05807,0.51029,0.55932,0.0,396.0,-0.05807,-0.05807,-0.05709,-0.0561,-0.05512,-0.06004,-0.05906,-0.06004,-0.06004,-0.05217
2023-05-23 10:26:34,-0.05807,0.26784,0.41091,-1.0,0.0,-0.05807,-0.05807,-0.05709,-0.0561,-0.05512,-0.06004,-0.05906,-0.06004,-0.06004,-0.05217
2023-05-23 10:26:36,-0.05906,0.28567,0.41672,1000.0,0.0,-0.05906,-0.05807,-0.05709,-0.0561,-0.05512,-0.06004,-0.05906,-0.06004,-0.06004,-0.05217
2023-05-23 10:26:38,-0.05807,0.34445,0.35935,-100.0,-209.0,-0.05807,-0.05807,-0.05709,-0.0561,-0.05512,-0.06004,-0.05906,-0.06004,-0.06004,-0.05217
2023-05-23 10:26:40,-0.05807,0.44781,0.39315,-350.0,0.0,-0.05807,-0.05807,-0.05709,-0.0561,-0.05512,-0.06004,-0.05906,-0.06004,-0.06004,-0.05217
2023-05-23 10:26:42,-0.05807,0.44928,0.39354,40.0,0.0,-0.05807,-0.05807,-0.05709,-0.0561,-0.05512,-0.06004,-0.05906,-0.06004,-0.06004,-0.05217
2023-05-23 10:26:44,-0.05807,0.44527,0.39114,-204.0,0.0,-0.05807,-0.05807,-0.05709,-0.0561,-0.05512,-0.06004,-0.05906,-0.06004,-0.06004,-0.05217
2023-05-23 10:26:46,-0.05807,0.40253,0.37724,0.0,1000.0,-0.05807,-0.05807,-0.05709,-0.0561,-0.05512,-0.06004,-0.05906,-0.06004,-0.06004,-0.05217
2023-05-23 10:26:48,-0.05807,0.40131,0.37683,0.0,11.0,-0.05807,-0.05807,-0.05709,-0.0561,-0.05512,-0.06004,-0.05906,-0.06004,-0.06004,-0.05217
2023-05-23 10:26:49,-0.05807,0.40143,0.37252,694.0,150.0,-0.05807,-0.05807,-0.05709,-0.0561,-0.05512,-0.06004,-0.05906,-0.06004,-0.06004,-0.05217
2023-05-23 10:26:51,-0.05807,0.40721,0.37632,0.0,100.0,-0.05807,-0.05807,-0.05709,-0.0561,-0.05512,-0.06004,-0.05906,-0.06004,-0.06004,-0.05217
2023-05-23 10:26:53,-0.05807,0.3999,0.37353,0.0,0.0,-0.05807,-0.05807,-0.05709,-0.0561,-0.05512,-0.06004,-0.05906,-0.06004,-0.06004,-0.05217
2023-05-23 10:26:55,-0.05807,0.32056,0.34716,0.0,0.0,-0.05807,-0.05807,-0.05709,-0.0561,-0.05512,-0.06004,-0.05906,-0.06004,-0.06004,-0.05217
2023-05-23 10:26:57,-0.05709,0.54005,0.45291,0.0,313.0,-0.05709,-0.05807,-0.05709,-0.0561,-0.05512,-0.06004,-0.05906,-0.06004,-0.06004,-0.05217
2023-05-23 10:26:59,-0.05807,0.50203,0.44515,0.0,1657.0,-0.05807,-0.05807,-0.05709,-0.0561,-0.05512,-0.06004,-0.05906,-0.06004,-0.06004,-0.05217
2023-05-23 10:27:01,-0.05807,0.49234,0.44299,0.0,-30.0,-0.05807,-0.05709,-0.05807,-0.05807,-0.05709,-0.0561,-0.05512,-0.06004,-0.05906,-0.06004
2023-05-23 10:27:02,-0.05807,0.46329,0.43553,0.0,-17.0,-0.05807,-0.05709,-0.05807,-0.05807,-0.05709,-0.0561,-0.05512,-0.06004,-0.05906,-0.06004
2023-05-23 10:27:04,-0.05807,0.4637,0.43888,0.0,-412.0,-0.05807,-0.05709,-0.05807,-0.05807,-0.05709,-0.0561,-0.05512,-0.06004,-0.05906,-0.06004
2023-05-23 10:27:06,-0.05709,0.43215,0.43391,0.0,2185.0,-0.05709,-0.05709,-0.05807,-0.05807,-0.05709,-0.0561,-0.05512,-0.06004,-0.05906,-0.06004
2023-05-23 10:27:08,-0.05807,0.2853,0.34343,-1.0,0.0,-0.05807,-0.05709,-0.05807,-0.05807,-0.05709,-0.0561,-0.05512,-0.06004,-0.05906,-0.06004
2023-05-23 10:27:10,-0.05906,0.29483,0.34936,0.0,-10.0,-0.05906,-0.05709,-0.05807,-0.05807,-0.05709,-0.0561,-0.05512,-0.06004,-0.05906,-0.06004
2023-05-23 10:27:12,-0.05807,0.29336,0.34724,0.0,1000.0,-0.05807,-0.05709,-0.05807,-0.05807,-0.05709,-0.0561,-0.05512,-0.06004,-0.05906,-0.06004
2023-05-23 10:27:14,-0.05807,0.28273,0.34284,0.0,0.0,-0.05807,-0.05709,-0.05807,-0.05807,-0.05709,-0.0561,-0.05512,-0.06004,-0.05906,-0.06004
2023-05-23 10:27:16,-0.05807,0.2992,0.3488,-5.0,0.0,-0.05807,-0.05709,-0.05807,-0.05807,-0.05709,-0.0561,-0.05512,-0.06004,-0.05906,-0.06004
2023-05-23 10:27:17,-0.05906,0.32905,0.35197,-66.0,0.0,-0.05906,-0.05709,-0.05807,-0.05807,-0.05709,-0.0561,-0.05512,-0.06004,-0.05906,-0.06004
2023-05-23 10:27:19,-0.05906,0.55781,0.42576,0.0,-170.0,-0.05906,-0.05709,-0.05807,-0.05807,-0.05709,-0.0561,-0.05512,-0.06004,-0.05906,-0.06004
2023-05-23 10:27:21,-0.05807,0.57478,0.43666,-10.0,0.0,-0.05807,-0.05709,-0.05807,-0.05807,-0.05709,-0.0561,-0.05512,-0.06004,-0.05906,-0.06004
2023-05-23 10:27:23,-0.05906,0.52457,0.41793,99.0,5.0,-0.05906,-0.05709,-0.05807,-0.05807,-0.05709,-0.0561,-0.05512,-0.06004,-0.05906,-0.06004
2023-05-23 10:27:25,-0.05807,0.52374,0.399,0.0,3.0,-0.05807,-0.05709,-0.05807,-0.05807,-0.05709,-0.0561,-0.05512,-0.06004,-0.05906,-0.06004
2023-05-23 10:27:27,-0.05807,0.5334,0.40127,0.0,45.0,-0.05807,-0.05709,-0.05807,-0.05807,-0.05709,-0.0561,-0.05512,-0.06004,-0.05906,-0.06004
2023-05-23 10:27:29,-0.05906,0.45631,0.37698,0.0,-1.0,-0.05906,-0.05709,-0.05807,-0.05807,-0.05709,-0.0561,-0.05512,-0.06004,-0.05906,-0.06004
2023-05-23 10:27:30,-0.05807,0.39256,0.3571,-10.0,0.0,-0.05807,-0.05709,-0.05807,-0.05807,-0.05709,-0.0561,-0.05512,-0.06004,-0.05906,-0.06004
2023-05-23 10:27:32,-0.05906,0.38679,0.35529,0.0,-30.0,-0.05906,-0.05709,-0.05807,-0.05807,-0.05709,-0.0561,-0.05512,-0.06004,-0.05906,-0.06004
2023-05-23 10:27:34,-0.06004,0.25889,0.25466,0.0,-210.0,-0.06004,-0.05709,-0.05807,-0.05807,-0.05709,-0.0561,-0.05512,-0.06004,-0.05906,-0.06004
2023-05-23 10:27:36,-0.05807,0.39848,0.35569,-1.0,0.0,-0.05807,-0.05709,-0.05807,-0.05807,-0.05709,-0.0561,-0.05512,-0.06004,-0.05906,-0.06004
2023-05-23 10:27:38,-0.05906,0.39639,0.35528,0.0,-30.0,-0.05906,-0.05709,-0.05807,-0.05807,-0.05709,-0.0561,-0.05512,-0.06004,-0.05906,-0.06004
2023-05-23 10:27:40,-0.05906,0.44142,0.36754,0.0,90.0,-0.05906,-0.05709,-0.05807,-0.05807,-0.05709,-0.0561,-0.05512,-0.06004,-0.05906,-0.06004
2023-05-23 10:27:42,-0.05807,0.45294,0.37077,-1.0,50.0,-0.05807,-0.05709,-0.05807,-0.05807,-0.05709,-0.0561,-0.05512,-0.06004,-0.05906,-0.06004
2023-05-23 10:27:43,-0.05906,0.45246,0.37057,0.0,0.0,-0.05906,-0.05709,-0.05807,-0.05807,-0.05709,-0.0561,-0.05512,-0.06004,-0.05906,-0.06004
2023-05-23 10:27:45,-0.05906,0.45489,0.36992,-3.0,0.0,-0.05906,-0.05709,-0.05807,-0.05807,-0.05709,-0.0561,-0.05512,-0.06004,-0.05906,-0.06004
2023-05-23 10:27:47,-0.05807,0.45351,0.36913,0.0,-104.0,-0.05807,-0.05709,-0.05807,-0.05807,-0.05709,-0.0561,-0.05512,-0.06004,-0.05906,-0.06004
2023-05-23 10:27:49,-0.05906,0.45846,0.37046,0.0,-251.0,-0.05906,-0.05709,-0.05807,-0.05807,-0.05709,-0.0561,-0.05512,-0.06004,-0.05906,-0.06004
2023-05-23 10:27:51,-0.05906,0.46093,0.37349,0.0,200.0,-0.05906,-0.05709,-0.05807,-0.05807,-0.05709,-0.0561,-0.05512,-0.06004,-0.05906,-0.06004
2023-05-23 10:27:55,-0.05906,0.53813,0.37704,0.0,0.0,-0.05906,-0.05709,-0.05807,-0.05807,-0.05709,-0.0561,-0.05512,-0.06004,-0.05906,-0.06004
2023-05-23 10:27:56,-0.05906,0.28699,0.28673,-1.0,0.0,-0.05906,-0.05709,-0.05807,-0.05807,-0.05709,-0.0561,-0.05512,-0.06004,-0.05906,-0.06004
2023-05-23 10:27:58,-0.05906,0.28097,0.2856,-50.0,0.0,-0.05906,-0.05709,-0.05807,-0.05807,-0.05709,-0.0561,-0.05512,-0.06004,-0.05906,-0.06004
2023-05-23 10:28:00,-0.05906,0.27643,0.28402,-13592.0,6263.0,-0.05906,-0.05807,-0.05906,-0.05709,-0.05807,-0.05807,-0.05709,-0.0561,-0.05512,-0.06004
2023-05-23 10:28:02,-0.06004,0.28454,0.28712,0.0,0.0,-0.06004,-0.05807,-0.05906,-0.05709,-0.05807,-0.05807,-0.05709,-0.0561,-0.05512,-0.06004
2023-05-23 10:28:04,-0.05906,0.28117,0.28439,0.0,0.0,-0.05906,-0.05807,-0.05906,-0.05709,-0.05807,-0.05807,-0.05709,-0.0561,-0.05512,-0.06004
2023-05-23 10:28:06,-0.05906,0.27563,0.2822,0.0,20.0,-0.05906,-0.05807,-0.05906,-0.05709,-0.05807,-0.05807,-0.05709,-0.0561,-0.05512,-0.06004
2023-05-23 10:28:07,-0.05906,0.28702,0.28668,90.0,0.0,-0.05906,-0.05807,-0.05906,-0.05709,-0.05807,-0.05807,-0.05709,-0.0561,-0.05512,-0.06004
2023-05-23 10:28:09,-0.06004,0.28368,0.28518,-10.0,40.0,-0.06004,-0.05807,-0.05906,-0.05709,-0.05807,-0.05807,-0.05709,-0.0561,-0.05512,-0.06004
2023-05-23 10:28:11,-0.05906,0.28646,0.28591,22.0,0.0,-0.05906,-0.05807,-0.05906,-0.05709,-0.05807,-0.05807,-0.05709,-0.0561,-0.05512,-0.06004
2023-05-23 10:28:13,-0.06004,0.29062,0.28752,0.0,4.0,-0.06004,-0.05807,-0.05906,-0.05709,-0.05807,-0.05807,-0.05709,-0.0561,-0.05512,-0.06004
2023-05-23 10:28:15,-0.05906,0.29113,0.28771,0.0,0.0,-0.05906,-0.05807,-0.05906,-0.05709,-0.05807,-0.05807,-0.05709,-0.0561,-0.05512,-0.06004
2023-05-23 10:28:17,-0.06004,0.33271,0.29668,0.0,6.0,-0.06004,-0.05807,-0.05906,-0.05709,-0.05807,-0.05807,-0.05709,-0.0561,-0.05512,-0.06004
2023-05-23 10:28:19,-0.05906,0.13555,0.22486,-1.0,300.0,-0.05906,-0.05807,-0.05906,-0.05709,-0.05807,-0.05807,-0.05709,-0.0561,-0.05512,-0.06004
2023-05-23 10:28:20,-0.05906,0.13394,0.21981,0.0,0.0,-0.05906,-0.05807,-0.05906,-0.05709,-0.05807,-0.05807,-0.05709,-0.0561,-0.05512,-0.06004
2023-05-23 10:28:22,-0.05906,0.15369,0.22986,1500.0,100.0,-0.05906,-0.05807,-0.05906,-0.05709,-0.05807,-0.05807,-0.05709,-0.0561,-0.05512,-0.06004
2023-05-23 10:28:24,-0.06004,0.15273,0.22949,0.0,5.0,-0.06004,-0.05807,-0.05906,-0.05709,-0.05807,-0.05807,-0.05709,-0.0561,-0.05512,-0.06004
2023-05-23 10:28:26,-0.05906,0.15073,0.22859,0.0,0.0,-0.05906,-0.05807,-0.05906,-0.05709,-0.05807,-0.05807,-0.05709,-0.0561,-0.05512,-0.06004
2023-05-23 10:28:28,-0.06004,0.13224,0.22238,0.0,-1.0,-0.06004,-0.05807,-0.05906,-0.05709,-0.05807,-0.05807,-0.05709,-0.0561,-0.05512,-0.06004
2023-05-23 10:28:30,-0.05906,0.11642,0.21628,0.0,0.0,-0.05906,-0.05807,-0.05906,-0.05709,-0.05807,-0.05807,-0.05709,-0.0561,-0.05512,-0.06004
2023-05-23 10:28:32,-0.05906,0.13861,0.2127,-2.0,0.0,-0.05906,-0.05807,-0.05906,-0.05709,-0.05807,-0.05807,-0.05709,-0.0561,-0.05512,-0.06004
2023-05-23 10:28:33,-0.06004,0.14302,0.21481,0.0,-1023.0,-0.06004,-0.05807,-0.05906,-0.05709,-0.05807,-0.05807,-0.05709,-0.0561,-0.05512,-0.06004
2023-05-23 10:28:35,-0.05906,0.1401,0.20816,-1.0,0.0,-0.05906,-0.05807,-0.05906,-0.05709,-0.05807,-0.05807,-0.05709,-0.0561,-0.05512,-0.06004
2023-05-23 10:28:37,-0.06004,0.14903,0.21038,0.0,-15.0,-0.06004,-0.05807,-0.05906,-0.05709,-0.05807,-0.05807,-0.05709,-0.0561,-0.05512,-0.06004
2023-05-23 10:28:39,-0.06004,0.13677,0.20556,-2.0,17.0,-0.06004,-0.05807,-0.05906,-0.05709,-0.05807,-0.05807,-0.05709,-0.0561,-0.05512,-0.06004
2023-05-23 10:28:41,-0.05906,0.15006,0.21063,-1.0,-200.0,-0.05906,-0.05807,-0.05906,-0.05709,-0.05807,-0.05807,-0.05709,-0.0561,-0.05512,-0.06004
2023-05-23 10:28:43,-0.05906,0.14252,0.20715,-244.0,0.0,-0.05906,-0.05807,-0.05906,-0.05709,-0.05807,-0.05807,-0.05709,-0.0561,-0.05512,-0.06004
2023-05-23 10:28:45,-0.05906,0.14156,0.20675,-1.0,0.0,-0.05906,-0.05807,-0.05906,-0.05709,-0.05807,-0.05807,-0.05709,-0.0561,-0.05512,-0.06004
2023-05-23 10:28:47,-0.05906,0.14073,0.20607,-4.0,1.0,-0.05906,-0.05807,-0.05906,-0.05709,-0.05807,-0.05807,-0.05709,-0.0561,-0.05512,-0.06004
2023-05-23 10:28:48,-0.05906,0.13299,0.26439,0.0,0.0,-0.05906,-0.05807,-0.05906,-0.05709,-0.05807,-0.05807,-0.05709,-0.0561,-0.05512,-0.06004
2023-05-23 10:28:50,-0.05807,0.11331,0.25821,0.0,0.0,-0.05807,-0.05807,-0.05906,-0.05709,-0.05807,-0.05807,-0.05709,-0.0561,-0.05512,-0.06004
2023-05-23 10:28:52,-0.05807,0.25499,0.30351,0.0,10.0,-0.05807,-0.05807,-0.05906,-0.05709,-0.05807,-0.05807,-0.05709,-0.0561,-0.05512,-0.06004
2023-05-23 10:28:54,-0.06004,0.09702,0.26945,0.0,0.0,-0.06004,-0.05807,-0.05906,-0.05709,-0.05807,-0.05807,-0.05709,-0.0561,-0.05512,-0.06004
2023-05-23 10:28:56,-0.05906,0.09266,0.25732,1.0,0.0,-0.05906,-0.05807,-0.05906,-0.05709,-0.05807,-0.05807,-0.05709,-0.0561,-0.05512,-0.06004
2023-05-23 10:28:58,-0.05709,0.13221,0.29533,6564.0,0.0,-0.05709,-0.05807,-0.05906,-0.05709,-0.05807,-0.05807,-0.05709,-0.0561,-0.05512,-0.06004
2023-05-23 10:28:59,-0.05906,0.12726,0.29122,0.0,0.0,-0.05906,-0.05807,-0.05906,-0.05709,-0.05807,-0.05807,-0.05709,-0.0561,-0.05512,-0.06004
2023-05-23 10:29:01,-0.05709,0.11777,0.28364,0.0,0.0,-0.05709,-0.05709,-0.05906,-0.05807,-0.05906,-0.05709,-0.05807,-0.05807,-0.05709,-0.0561
2023-05-23 10:29:03,-0.05807,0.22042,0.28842,0.0,0.0,-0.05807,-0.05709,-0.05906,-0.05807,-0.05906,-0.05709,-0.05807,-0.05807,-0.05709,-0.0561
2023-05-23 10:29:05,-0.05807,0.07829,0.24459,0.0,8.0,-0.05807,-0.05709,-0.05906,-0.05807,-0.05906,-0.05709,-0.05807,-0.05807,-0.05709,-0.0561
2023-05-23 10:29:07,-0.05807,0.09646,0.25362,1013.0,330.0,-0.05807,-0.05709,-0.05906,-0.05807,-0.05906,-0.05709,-0.05807,-0.05807,-0.05709,-0.0561
2023-05-23 10:29:09,-0.05807,0.09606,0.25345,-16.0,15.0,-0.05807,-0.05709,-0.05906,-0.05807,-0.05906,-0.05709,-0.05807,-0.05807,-0.05709,-0.0561
2023-05-23 10:29:11,-0.05906,0.09709,0.255,0.0,10.0,-0.05906,-0.05709,-0.05906,-0.05807,-0.05906,-0.05709,-0.05807,-0.05807,-0.05709,-0.0561
2023-05-23 10:29:13,-0.05807,0.09613,0.25361,38.0,0.0,-0.05807,-0.05709,-0.05906,-0.05807,-0.05906,-0.05709,-0.05807,-0.05807,-0.05709,-0.0561
2023-05-23 10:29:14,-0.05906,0.09457,0.25216,0.0,1.0,-0.05906,-0.05709,-0.05906,-0.05807,-0.05906,-0.05709,-0.05807,-0.05807,-0.05709,-0.0561
2023-05-23 10:29:16,-0.05807,0.20528,0.31735,6121.0,-2630.0,-0.05807,-0.05709,-0.05906,-0.05807,-0.05906,-0.05709,-0.05807,-0.05807,-0.05709,-0.0561
2023-05-23 10:29:18,-0.05807,0.22083,0.32255,0.0,5.0,-0.05807,-0.05709,-0.05906,-0.05807,-0.05906,-0.05709,-0.05807,-0.05807,-0.05709,-0.0561
2023-05-23 10:29:20,-0.05807,0.22024,0.32756,0.0,119.0,-0.05807,-0.05709,-0.05906,-0.05807,-0.05906,-0.05709,-0.05807,-0.05807,-0.05709,-0.0561
2023-05-23 10:29:22,-0.05807,0.21692,0.3265,0.0,0.0,-0.05807,-0.05709,-0.05906,-0.05807,-0.05906,-0.05709,-0.05807,-0.05807,-0.05709,-0.0561
2023-05-23 10:29:24,-0.05709,0.20891,0.32382,-1.0,0.0,-0.05709,-0.05709,-0.05906,-0.05807,-0.05906,-0.05709,-0.05807,-0.05807,-0.05709,-0.0561
2023-05-23 10:29:25,-0.05807,0.20751,0.32372,0.0,0.0,-0.05807,-0.05709,-0.05906,-0.05807,-0.05906,-0.05709,-0.05807,-0.05807,-0.05709,-0.0561
2023-05-23 10:29:27,-0.05709,0.27164,0.34105,0.0,-200.0,-0.05709,-0.05709,-0.05906,-0.05807,-0.05906,-0.05709,-0.05807,-0.05807,-0.05709,-0.0561
2023-05-23 10:29:29,-0.05807,0.27365,0.34311,0.0,0.0,-0.05807,-0.05709,-0.05906,-0.05807,-0.05906,-0.05709,-0.05807,-0.05807,-0.05709,-0.0561
2023-05-23 10:29:31,-0.05709,0.27725,0.34394,0.0,-200.0,-0.05709,-0.05709,-0.05906,-0.05807,-0.05906,-0.05709,-0.05807,-0.05807,-0.05709,-0.0561
2023-05-23 10:29:33,-0.05709,0.27779,0.35445,-1.0,0.0,-0.05709,-0.05709,-0.05906,-0.05807,-0.05906,-0.05709,-0.05807,-0.05807,-0.05709,-0.0561
2023-05-23 10:29:35,-0.05807,0.27609,0.35021,0.0,0.0,-0.05807,-0.05709,-0.05906,-0.05807,-0.05906,-0.05709,-0.05807,-0.05807,-0.05709,-0.0561
2023-05-23 10:29:37,-0.05709,0.26942,0.34975,0.0,0.0,-0.05709,-0.05709,-0.05906,-0.05807,-0.05906,-0.05709,-0.05807,-0.05807,-0.05709,-0.0561
2023-05-23 10:29:38,-0.05709,0.2691,0.34886,0.0,5.0,-0.05709,-0.05709,-0.05906,-0.05807,-0.05906,-0.05709,-0.05807,-0.05807,-0.05709,-0.0561
2023-05-23 10:29:40,-0.05709,0.27565,0.35201,0.0,1.0,-0.05709,-0.05709,-0.05906,-0.05807,-0.05906,-0.05709,-0.05807,-0.05807,-0.05709,-0.0561
2023-05-23 10:29:42,-0.05709,0.27058,0.35055,0.0,400.0,-0.05709,-0.05709,-0.05906,-0.05807,-0.05906,-0.05709,-0.05807,-0.05807,-0.05709,-0.0561
2023-05-23 10:29:44,-0.05709,0.26881,0.35086,-1.0,0.0,-0.05709,-0.05709,-0.05906,-0.05807,-0.05906,-0.05709,-0.05807,-0.05807,-0.05709,-0.0561
2023-05-23 10:29:46,-0.05807,0.28203,0.35538,0.0,12.0,-0.05807,-0.05709,-0.05906,-0.05807,-0.05906,-0.05709,-0.05807,-0.05807,-0.05709,-0.0561
2023-05-23 10:29:48,-0.05709,0.28028,0.3547,-1.0,0.0,-0.05709,-0.05709,-0.05906,-0.05807,-0.05906,-0.05709,-0.05807,-0.05807,-0.05709,-0.0561
2023-05-23 10:29:50,-0.05709,0.40861,0.35445,-1.0,0.0,-0.05709,-0.05709,-0.05906,-0.05807,-0.05906,-0.05709,-0.05807,-0.05807,-0.05709,-0.0561
2023-05-23 10:29:51,-0.05709,0.39897,0.35248,100.0,0.0,-0.05709,-0.05709,-0.05906,-0.05807,-0.05906,-0.05709,-0.05807,-0.05807,-0.05709,-0.0561
2023-05-23 10:29:53,-0.05807,0.4575,0.36601,0.0,208.0,-0.05807,-0.05709,-0.05906,-0.05807,-0.05906,-0.05709,-0.05807,-0.05807,-0.05709,-0.0561
2023-05-23 10:29:55,-0.05807,0.41459,0.35719,0.0,0.0,-0.05807,-0.05709,-0.05906,-0.05807,-0.05906,-0.05709,-0.05807,-0.05807,-0.05709,-0.0561
2023-05-23 10:29:57,-0.05709,0.41127,0.35632,0.0,1.0,-0.05709,-0.05709,-0.05906,-0.05807,-0.05906,-0.05709,-0.05807,-0.05807,-0.05709,-0.0561
2023-05-23 10:29:59,-0.05709,0.42815,0.35995,-1.0,100.0,-0.05709,-0.05709,-0.05906,-0.05807,-0.05906,-0.05709,-0.05807,-0.05807,-0.05709,-0.0561
2023-05-23 10:30:01,-0.05709,0.4271,0.35972,-10.0,0.0,-0.05709,-0.05709,-0.05709,-0.05709,-0.05906,-0.05807,-0.05906,-0.05709,-0.05807,-0.05807
2023-05-23 10:30:17,-0.05709,0.3951,0.35389,-51.0,0.0,-0.05709,-0.05709,-0.05709,-0.05709,-0.05906,-0.05807,-0.05906,-0.05709,-0.05807,-0.05807
2023-05-23 10:30:19,-0.05709,0.39649,0.35435,-30.0,0.0,-0.05709,-0.05709,-0.05709,-0.05709,-0.05906,-0.05807,-0.05906,-0.05709,-0.05807,-0.05807
2023-05-23 10:30:20,-0.05709,0.39501,0.35753,0.0,10.0,-0.05709,-0.05709,-0.05709,-0.05709,-0.05906,-0.05807,-0.05906,-0.05709,-0.05807,-0.05807
2023-05-23 10:30:22,-0.05807,0.32727,0.33812,0.0,21.0,-0.05807,-0.05709,-0.05709,-0.05709,-0.05906,-0.05807,-0.05906,-0.05709,-0.05807,-0.05807
2023-05-23 10:30:24,-0.05807,0.3017,0.33073,0.0,1044.0,-0.05807,-0.05709,-0.05709,-0.05709,-0.05906,-0.05807,-0.05906,-0.05709,-0.05807,-0.05807
2023-05-23 10:30:26,-0.05807,0.29178,0.32763,0.0,0.0,-0.05807,-0.05709,-0.05709,-0.05709,-0.05906,-0.05807,-0.05906,-0.05709,-0.05807,-0.05807
2023-05-23 10:30:28,-0.05709,0.28208,0.32456,-204.0,-200.0,-0.05709,-0.05709,-0.05709,-0.05709,-0.05906,-0.05807,-0.05906,-0.05709,-0.05807,-0.05807
2023-05-23 10:30:30,-0.05807,0.27963,0.32187,0.0,0.0,-0.05807,-0.05709,-0.05709,-0.05709,-0.05906,-0.05807,-0.05906,-0.05709,-0.05807,-0.05807
2023-05-23 10:30:31,-0.05709,0.28144,0.32252,-30.0,-500.0,-0.05709,-0.05709,-0.05709,-0.05709,-0.05906,-0.05807,-0.05906,-0.05709,-0.05807,-0.05807
2023-05-23 10:30:33,-0.05709,0.27816,0.32157,0.0,20.0,-0.05709,-0.05709,-0.05709,-0.05709,-0.05906,-0.05807,-0.05906,-0.05709,-0.05807,-0.05807
2023-05-23 10:30:35,-0.05709,0.30813,0.33034,0.0,2.0,-0.05709,-0.05709,-0.05709,-0.05709,-0.05906,-0.05807,-0.05906,-0.05709,-0.05807,-0.05807
2023-05-23 10:30:37,-0.05807,0.30653,0.32977,0.0,-39.0,-0.05807,-0.05709,-0.05709,-0.05709,-0.05906,-0.05807,-0.05906,-0.05709,-0.05807,-0.05807
2023-05-23 10:30:39,-0.05709,0.30683,0.3311,260.0,0.0,-0.05709,-0.05709,-0.05709,-0.05709,-0.05906,-0.05807,-0.05906,-0.05709,-0.05807,-0.05807
2023-05-23 10:30:41,-0.05807,0.346,0.34136,0.0,0.0,-0.05807,-0.05709,-0.05709,-0.05709,-0.05906,-0.05807,-0.05906,-0.05709,-0.05807,-0.05807
2023-05-23 10:30:43,-0.05807,0.33514,0.34033,0.0,0.0,-0.05807,-0.05709,-0.05709,-0.05709,-0.05906,-0.05807,-0.05906,-0.05709,-0.05807,-0.05807
2023-05-23 10:30:44,-0.05807,0.32899,0.33811,0.0,-491.0,-0.05807,-0.05709,-0.05709,-0.05709,-0.05906,-0.05807,-0.05906,-0.05709,-0.05807,-0.05807
2023-05-23 10:30:46,-0.05807,0.33172,0.33883,0.0,1308.0,-0.05807,-0.05709,-0.05709,-0.05709,-0.05906,-0.05807,-0.05906,-0.05709,-0.05807,-0.05807
2023-05-23 10:30:48,-0.05709,0.31661,0.33392,209.0,0.0,-0.05709,-0.05709,-0.05709,-0.05709,-0.05906,-0.05807,-0.05906,-0.05709,-0.05807,-0.05807
2023-05-23 10:30:50,-0.05807,0.32717,0.33787,0.0,-1832.0,-0.05807,-0.05709,-0.05709,-0.05709,-0.05906,-0.05807,-0.05906,-0.05709,-0.05807,-0.05807
2023-05-23 10:30:52,-0.05807,0.32462,0.33778,0.0,-25.0,-0.05807,-0.05709,-0.05709,-0.05709,-0.05906,-0.05807,-0.05906,-0.05709,-0.05807,-0.05807
2023-05-23 10:30:54,-0.05807,0.3266,0.3387,0.0,170.0,-0.05807,-0.05709,-0.05709,-0.05709,-0.05906,-0.05807,-0.05906,-0.05709,-0.05807,-0.05807
2023-05-23 10:30:56,-0.05807,0.31302,0.33421,0.0,2230.0,-0.05807,-0.05709,-0.05709,-0.05709,-0.05906,-0.05807,-0.05906,-0.05709,-0.05807,-0.05807
2023-05-23 10:30:57,-0.05807,0.28933,0.32601,-289.0,-289.0,-0.05807,-0.05709,-0.05709,-0.05709,-0.05906,-0.05807,-0.05906,-0.05709,-0.05807,-0.05807
2023-05-23 10:30:59,-0.05709,0.27267,0.31978,0.0,0.0,-0.05709,-0.05709,-0.05709,-0.05709,-0.05906,-0.05807,-0.05906,-0.05709,-0.05807,-0.05807
2023-05-23 10:31:01,-0.05807,0.274,0.32022,0.0,30.0,-0.05807,-0.05709,-0.05709,-0.05709,-0.05709,-0.05709,-0.05906,-0.05807,-0.05906,-0.05709
2023-05-23 10:31:03,-0.05807,0.27651,0.32119,0.0,-344.0,-0.05807,-0.05709,-0.05807,-0.05709,-0.05709,-0.05709,-0.05906,-0.05807,-0.05906,-0.05709
2023-05-23 10:31:05,-0.05709,0.27407,0.32023,0.0,1.0,-0.05709,-0.05709,-0.05807,-0.05709,-0.05709,-0.05709,-0.05906,-0.05807,-0.05906,-0.05709
2023-05-23 10:31:07,-0.05807,0.27731,0.32151,0.0,0.0,-0.05807,-0.05709,-0.05807,-0.05709,-0.05709,-0.05709,-0.05906,-0.05807,-0.05906,-0.05709
2023-05-23 10:31:09,-0.05807,0.27419,0.32026,0.0,15.0,-0.05807,-0.05709,-0.05807,-0.05709,-0.05709,-0.05709,-0.05906,-0.05807,-0.05906,-0.05709
2023-05-23 10:31:10,-0.05807,0.27319,0.3199,0.0,20.0,-0.05807,-0.05709,-0.05807,-0.05709,-0.05709,-0.05709,-0.05906,-0.05807,-0.05906,-0.05709
2023-05-23 10:31:12,-0.05709,0.275,0.3204,0.0,22.0,-0.05709,-0.05709,-0.05807,-0.05709,-0.05709,-0.05709,-0.05906,-0.05807,-0.05906,-0.05709
2023-05-23 10:31:14,-0.05807,0.24687,0.31027,0.0,-211.0,-0.05807,-0.05709,-0.05807,-0.05709,-0.05709,-0.05709,-0.05906,-0.05807,-0.05906,-0.05709
2023-05-23 10:31:16,-0.05709,0.2449,0.30979,-300.0,0.0,-0.05709,-0.05709,-0.05807,-0.05709,-0.05709,-0.05709,-0.05906,-0.05807,-0.05906,-0.05709
2023-05-23 10:31:18,-0.05807,0.22715,0.30374,-170.0,0.0,-0.05807,-0.05709,-0.05807,-0.05709,-0.05709,-0.05709,-0.05906,-0.05807,-0.05906,-0.05709
2023-05-23 10:31:20,-0.05807,0.23204,0.30554,38.0,0.0,-0.05807,-0.05709,-0.05807,-0.05709,-0.05709,-0.05709,-0.05906,-0.05807,-0.05906,-0.05709
2023-05-23 10:31:22,-0.05807,0.35498,0.34913,0.0,-239.0,-0.05807,-0.05709,-0.05807,-0.05709,-0.05709,-0.05709,-0.05906,-0.05807,-0.05906,-0.05709
2023-05-23 10:31:23,-0.05807,0.3498,0.35484,0.0,101.0,-0.05807,-0.05709,-0.05807,-0.05709,-0.05709,-0.05709,-0.05906,-0.05807,-0.05906,-0.05709
2023-05-23 10:31:25,-0.05709,0.36321,0.35823,0.0,3.0,-0.05709,-0.05709,-0.05807,-0.05709,-0.05709,-0.05709,-0.05906,-0.05807,-0.05906,-0.05709
2023-05-23 10:31:27,-0.05807,0.34962,0.3536,0.0,17.0,-0.05807,-0.05709,-0.05807,-0.05709,-0.05709,-0.05709,-0.05906,-0.05807,-0.05906,-0.05709
2023-05-23 10:31:29,-0.05807,0.36956,0.36085,0.0,-408.0,-0.05807,-0.05709,-0.05807,-0.05709,-0.05709,-0.05709,-0.05906,-0.05807,-0.05906,-0.05709
2023-05-23 10:31:31,-0.05807,0.36746,0.36018,0.0,-50.0,-0.05807,-0.05709,-0.05807,-0.05709,-0.05709,-0.05709,-0.05906,-0.05807,-0.05906,-0.05709
2023-05-23 10:31:33,-0.05807,0.36681,0.35512,0.0,0.0,-0.05807,-0.05709,-0.05807,-0.05709,-0.05709,-0.05709,-0.05906,-0.05807,-0.05906,-0.05709
2023-05-23 10:31:35,-0.05807,0.37047,0.35627,0.0,-4.0,-0.05807,-0.05709,-0.05807,-0.05709,-0.05709,-0.05709,-0.05906,-0.05807,-0.05906,-0.05709
2023-05-23 10:31:36,-0.05807,0.371,0.35651,0.0,-170.0,-0.05807,-0.05709,-0.05807,-0.05709,-0.05709,-0.05709,-0.05906,-0.05807,-0.05906,-0.05709
2023-05-23 10:31:38,-0.05807,0.37669,0.35566,-431.0,-431.0,-0.05807,-0.05709,-0.05807,-0.05709,-0.05709,-0.05709,-0.05906,-0.05807,-0.05906,-0.05709
2023-05-23 10:31:40,-0.05709,0.36823,0.35426,0.0,700.0,-0.05709,-0.05709,-0.05807,-0.05709,-0.05709,-0.05709,-0.05906,-0.05807,-0.05906,-0.05709
2023-05-23 10:31:42,-0.05807,0.38492,0.35895,0.0,-50.0,-0.05807,-0.05709,-0.05807,-0.05709,-0.05709,-0.05709,-0.05906,-0.05807,-0.05906,-0.05709
2023-05-23 10:31:44,-0.05709,0.36902,0.35425,0.0,0.0,-0.05709,-0.05709,-0.05807,-0.05709,-0.05709,-0.05709,-0.05906,-0.05807,-0.05906,-0.05709
2023-05-23 10:31:46,-0.05807,0.33208,0.3279,0.0,100.0,-0.05807,-0.05709,-0.05807,-0.05709,-0.05709,-0.05709,-0.05906,-0.05807,-0.05906,-0.05709
2023-05-23 10:31:48,-0.05807,0.33183,0.32929,-6.0,0.0,-0.05807,-0.05709,-0.05807,-0.05709,-0.05709,-0.05709,-0.05906,-0.05807,-0.05906,-0.05709
2023-05-23 10:31:49,-0.05807,0.33174,0.3294,-5.0,0.0,-0.05807,-0.05709,-0.05807,-0.05709,-0.05709,-0.05709,-0.05906,-0.05807,-0.05906,-0.05709
2023-05-23 10:31:51,-0.05807,0.33198,0.32968,-1.0,0.0,-0.05807,-0.05709,-0.05807,-0.05709,-0.05709,-0.05709,-0.05906,-0.05807,-0.05906,-0.05709
2023-05-23 10:31:53,-0.05807,0.31702,0.32385,26.0,0.0,-0.05807,-0.05709,-0.05807,-0.05709,-0.05709,-0.05709,-0.05906,-0.05807,-0.05906,-0.05709
2023-05-23 10:31:55,-0.05906,0.36212,0.3404,0.0,-130.0,-0.05906,-0.05709,-0.05807,-0.05709,-0.05709,-0.05709,-0.05906,-0.05807,-0.05906,-0.05709
2023-05-23 10:31:57,-0.05807,0.38902,0.34967,0.0,0.0,-0.05807,-0.05709,-0.05807,-0.05709,-0.05709,-0.05709,-0.05906,-0.05807,-0.05906,-0.05709
2023-05-23 10:31:59,-0.05906,0.38836,0.34946,0.0,-26.0,-0.05906,-0.05709,-0.05807,-0.05709,-0.05709,-0.05709,-0.05906,-0.05807,-0.05906,-0.05709
2023-05-23 10:32:01,-0.05906,0.41986,0.36021,0.0,-6.0,-0.05906,-0.05906,-0.05906,-0.05709,-0.05807,-0.05709,-0.05709,-0.05709,-0.05906,-0.05807
2023-05-23 10:32:03,-0.05906,0.41948,0.36,0.0,-70.0,-0.05906,-0.05906,-0.05906,-0.05709,-0.05807,-0.05709,-0.05709,-0.05709,-0.05906,-0.05807
2023-05-23 10:32:04,-0.05906,0.45143,0.36913,0.0,-625.0,-0.05906,-0.05906,-0.05906,-0.05709,-0.05807,-0.05709,-0.05709,-0.05709,-0.05906,-0.05807
2023-05-23 10:32:06,-0.05906,0.44428,0.36691,0.0,0.0,-0.05906,-0.05906,-0.05906,-0.05709,-0.05807,-0.05709,-0.05709,-0.05709,-0.05906,-0.05807
2023-05-23 10:32:08,-0.05906,0.4081,0.35854,0.0,-30.0,-0.05906,-0.05906,-0.05906,-0.05709,-0.05807,-0.05709,-0.05709,-0.05709,-0.05906,-0.05807
2023-05-23 10:32:10,-0.05906,0.39278,0.35325,0.0,10.0,-0.05906,-0.05906,-0.05906,-0.05709,-0.05807,-0.05709,-0.05709,-0.05709,-0.05906,-0.05807
2023-05-23 10:32:12,-0.05906,0.38022,0.34818,-500.0,-15.0,-0.05906,-0.05906,-0.05906,-0.05709,-0.05807,-0.05709,-0.05709,-0.05709,-0.05906,-0.05807
2023-05-23 10:32:14,-0.05906,0.39029,0.35126,0.0,10.0,-0.05906,-0.05906,-0.05906,-0.05709,-0.05807,-0.05709,-0.05709,-0.05709,-0.05906,-0.05807
2023-05-23 10:32:16,-0.05906,0.39189,0.35171,0.0,0.0,-0.05906,-0.05906,-0.05906,-0.05709,-0.05807,-0.05709,-0.05709,-0.05709,-0.05906,-0.05807
2023-05-23 10:32:17,-0.05906,0.39774,0.35343,0.0,-10.0,-0.05906,-0.05906,-0.05906,-0.05709,-0.05807,-0.05709,-0.05709,-0.05709,-0.05906,-0.05807
2023-05-23 10:32:19,-0.05906,0.39737,0.35306,0.0,0.0,-0.05906,-0.05906,-0.05906,-0.05709,-0.05807,-0.05709,-0.05709,-0.05709,-0.05906,-0.05807
2023-05-23 10:32:21,-0.05906,0.40465,0.35557,0.0,500.0,-0.05906,-0.05906,-0.05906,-0.05709,-0.05807,-0.05709,-0.05709,-0.05709,-0.05906,-0.05807
2023-05-23 10:32:23,-0.05906,0.40621,0.35589,0.0,11.0,-0.05906,-0.05906,-0.05906,-0.05709,-0.05807,-0.05709,-0.05709,-0.05709,-0.05906,-0.05807
2023-05-23 10:32:25,-0.05906,0.26455,0.26765,-38.0,0.0,-0.05906,-0.05906,-0.05906,-0.05709,-0.05807,-0.05709,-0.05709,-0.05709,-0.05906,-0.05807
2023-05-23 10:32:27,-0.05906,0.29699,0.2799,0.0,0.0,-0.05906,-0.05906,-0.05906,-0.05709,-0.05807,-0.05709,-0.05709,-0.05709,-0.05906,-0.05807
2023-05-23 10:32:29,-0.06004,0.30964,0.27355,314.0,-104.0,-0.06004,-0.05906,-0.05906,-0.05709,-0.05807,-0.05709,-0.05709,-0.05709,-0.05906,-0.05807
2023-05-23 10:32:31,-0.05906,0.28003,0.26267,0.0,1648.0,-0.05906,-0.05906,-0.05906,-0.05709,-0.05807,-0.05709,-0.05709,-0.05709,-0.05906,-0.05807
2023-05-23 10:32:33,-0.05906,0.34287,0.28666,-104.0,0.0,-0.05906,-0.05906,-0.05906,-0.05709,-0.05807,-0.05709,-0.05709,-0.05709,-0.05906,-0.05807
2023-05-23 10:32:34,-0.05906,0.343,0.28732,-1.0,0.0,-0.05906,-0.05906,-0.05906,-0.05709,-0.05807,-0.05709,-0.05709,-0.05709,-0.05906,-0.05807
2023-05-23 10:32:36,-0.05906,0.34407,0.28754,-1.0,0.0,-0.05906,-0.05906,-0.05906,-0.05709,-0.05807,-0.05709,-0.05709,-0.05709,-0.05906,-0.05807
2023-05-23 10:32:38,-0.05906,0.34634,0.28837,-1.0,0.0,-0.05906,-0.05906,-0.05906,-0.05709,-0.05807,-0.05709,-0.05709,-0.05709,-0.05906,-0.05807
2023-05-23 10:32:40,-0.05906,0.3404,0.28615,0.0,0.0,-0.05906,-0.05906,-0.05906,-0.05709,-0.05807,-0.05709,-0.05709,-0.05709,-0.05906,-0.05807
2023-05-23 10:32:42,-0.05906,0.34772,0.28683,123.0,0.0,-0.05906,-0.05906,-0.05906,-0.05709,-0.05807,-0.05709,-0.05709,-0.05709,-0.05906,-0.05807
2023-05-23 10:32:44,-0.05906,0.39179,0.30328,0.0,0.0,-0.05906,-0.05906,-0.05906,-0.05709,-0.05807,-0.05709,-0.05709,-0.05709,-0.05906,-0.05807
2023-05-23 10:32:46,-0.05906,0.3952,0.30558,0.0,-709.0,-0.05906,-0.05906,-0.05906,-0.05709,-0.05807,-0.05709,-0.05709,-0.05709,-0.05906,-0.05807
2023-05-23 10:32:48,-0.05906,0.39179,0.30451,0.0,0.0,-0.05906,-0.05906,-0.05906,-0.05709,-0.05807,-0.05709,-0.05709,-0.05709,-0.05906,-0.05807
2023-05-23 10:32:49,-0.06004,0.39332,0.30478,0.0,-100.0,-0.06004,-0.05906,-0.05906,-0.05709,-0.05807,-0.05709,-0.05709,-0.05709,-0.05906,-0.05807
2023-05-23 10:32:51,-0.06004,0.41656,0.31067,-113.0,-118.0,-0.06004,-0.05906,-0.05906,-0.05709,-0.05807,-0.05709,-0.05709,-0.05709,-0.05906,-0.05807
2023-05-23 10:32:53,-0.06004,0.44692,0.32195,0.0,0.0,-0.06004,-0.05906,-0.05906,-0.05709,-0.05807,-0.05709,-0.05709,-0.05709,-0.05906,-0.05807
2023-05-23 10:32:55,-0.06004,0.41982,0.30783,-25.0,0.0,-0.06004,-0.05906,-0.05906,-0.05709,-0.05807,-0.05709,-0.05709,-0.05709,-0.05906,-0.05807
2023-05-23 10:32:57,-0.06102,0.42359,0.3154,0.0,1.0,-0.06102,-0.05906,-0.05906,-0.05709,-0.05807,-0.05709,-0.05709,-0.05709,-0.05906,-0.05807
2023-05-23 10:32:59,-0.06004,0.41927,0.31358,0.0,22.0,-0.06004,-0.05906,-0.05906,-0.05709,-0.05807,-0.05709,-0.05709,-0.05709,-0.05906,-0.05807
2023-05-23 10:33:01,-0.06004,0.29675,0.26058,0.0,1.0,-0.06004,-0.06102,-0.06004,-0.05906,-0.05906,-0.05709,-0.05807,-0.05709,-0.05709,-0.05709
2023-05-23 10:33:02,-0.06004,0.27401,0.25054,0.0,200.0,-0.06004,-0.06102,-0.06004,-0.05906,-0.05906,-0.05709,-0.05807,-0.05709,-0.05709,-0.05709
2023-05-23 10:33:04,-0.06004,0.27592,0.24972,0.0,-100.0,-0.06004,-0.06102,-0.06004,-0.05906,-0.05906,-0.05709,-0.05807,-0.05709,-0.05709,-0.05709
2023-05-23 10:33:06,-0.06004,0.31749,0.26339,32.0,0.0,-0.06004,-0.06102,-0.06004,-0.05906,-0.05906,-0.05709,-0.05807,-0.05709,-0.05709,-0.05709
2023-05-23 10:33:08,-0.06102,0.30985,0.26202,0.0,-495.0,-0.06102,-0.06102,-0.06004,-0.05906,-0.05906,-0.05709,-0.05807,-0.05709,-0.05709,-0.05709
2023-05-23 10:33:10,-0.06004,0.31043,0.26207,0.0,0.0,-0.06004,-0.06102,-0.06004,-0.05906,-0.05906,-0.05709,-0.05807,-0.05709,-0.05709,-0.05709
2023-05-23 10:33:12,-0.05709,0.32507,0.40229,0.0,377.0,-0.05709,-0.06102,-0.06004,-0.05906,-0.05906,-0.05709,-0.05807,-0.05709,-0.05709,-0.05709
2023-05-23 10:33:14,-0.06004,0.2803,0.38264,0.0,1064.0,-0.06004,-0.06102,-0.06004,-0.05906,-0.05906,-0.05709,-0.05807,-0.05709,-0.05709,-0.05709
2023-05-23 10:33:16,-0.06004,0.26941,0.37768,0.0,254.0,-0.06004,-0.06102,-0.06004,-0.05906,-0.05906,-0.05709,-0.05807,-0.05709,-0.05709,-0.05709
2023-05-23 10:33:17,-0.0561,0.36387,0.52465,0.0,100.0,-0.0561,-0.06102,-0.06004,-0.05906,-0.05906,-0.05709,-0.05807,-0.05709,-0.05709,-0.05709
2023-05-23 10:33:19,-0.05512,0.59784,0.53873,0.0,296.0,-0.05512,-0.06102,-0.06004,-0.05906,-0.05906,-0.05709,-0.05807,-0.05709,-0.05709,-0.05709
2023-05-23 10:33:21,-0.05512,0.41773,0.49373,0.0,10.0,-0.05512,-0.06102,-0.06004,-0.05906,-0.05906,-0.05709,-0.05807,-0.05709,-0.05709,-0.05709
2023-05-23 10:33:23,-0.0561,0.67195,0.54976,0.0,0.0,-0.0561,-0.06102,-0.06004,-0.05906,-0.05906,-0.05709,-0.05807,-0.05709,-0.05709,-0.05709
2023-05-23 10:33:28,-0.05512,1.37391,0.65552,-2.0,0.0,-0.05512,-0.06102,-0.06004,-0.05906,-0.05906,-0.05709,-0.05807,-0.05709,-0.05709,-0.05709
2023-05-23 10:33:29,-0.05512,0.62022,0.54291,6732.0,-200.0,-0.05512,-0.06102,-0.06004,-0.05906,-0.05906,-0.05709,-0.05807,-0.05709,-0.05709,-0.05709
2023-05-23 10:33:31,-0.05807,0.4206,0.49196,50.0,-19.0,-0.05807,-0.06102,-0.06004,-0.05906,-0.05906,-0.05709,-0.05807,-0.05709,-0.05709,-0.05709
2023-05-23 10:33:33,-0.0561,0.35992,0.47937,0.0,1539.0,-0.0561,-0.06102,-0.06004,-0.05906,-0.05906,-0.05709,-0.05807,-0.05709,-0.05709,-0.05709
2023-05-23 10:33:35,-0.05512,0.90259,0.62511,0.0,-25017.0,-0.05512,-0.06102,-0.06004,-0.05906,-0.05906,-0.05709,-0.05807,-0.05709,-0.05709,-0.05709
2023-05-23 10:33:37,-0.05512,1.39928,0.64909,0.0,0.0,-0.05512,-0.06102,-0.06004,-0.05906,-0.05906,-0.05709,-0.05807,-0.05709,-0.05709,-0.05709
2023-05-23 10:33:39,-0.05512,1.20844,0.64001,300.0,0.0,-0.05512,-0.06102,-0.06004,-0.05906,-0.05906,-0.05709,-0.05807,-0.05709,-0.05709,-0.05709
2023-05-23 10:33:41,-0.05512,0.66863,0.59654,-99.0,0.0,-0.05512,-0.06102,-0.06004,-0.05906,-0.05906,-0.05709,-0.05807,-0.05709,-0.05709,-0.05709
2023-05-23 10:33:42,-0.05512,1.13392,0.63325,0.0,25.0,-0.05512,-0.06102,-0.06004,-0.05906,-0.05906,-0.05709,-0.05807,-0.05709,-0.05709,-0.05709
2023-05-23 10:33:44,-0.05512,1.11395,0.63178,50.0,16.0,-0.05512,-0.06102,-0.06004,-0.05906,-0.05906,-0.05709,-0.05807,-0.05709,-0.05709,-0.05709
2023-05-23 10:33:46,-0.05512,1.12641,0.63679,0.0,187.0,-0.05512,-0.06102,-0.06004,-0.05906,-0.05906,-0.05709,-0.05807,-0.05709,-0.05709,-0.05709
2023-05-23 10:33:48,-0.05512,1.10404,0.63613,-20.0,0.0,-0.05512,-0.06102,-0.06004,-0.05906,-0.05906,-0.05709,-0.05807,-0.05709,-0.05709,-0.05709
2023-05-23 10:33:50,-0.0561,0.9304,0.62777,436.0,0.0,-0.0561,-0.06102,-0.06004,-0.05906,-0.05906,-0.05709,-0.05807,-0.05709,-0.05709,-0.05709
2023-05-23 10:33:52,-0.05512,0.91768,0.63254,0.0,0.0,-0.05512,-0.06102,-0.06004,-0.05906,-0.05906,-0.05709,-0.05807,-0.05709,-0.05709,-0.05709
2023-05-23 10:33:54,-0.05512,1.16104,0.63189,-104.0,35.0,-0.05512,-0.06102,-0.06004,-0.05906,-0.05906,-0.05709,-0.05807,-0.05709,-0.05709,-0.05709
2023-05-23 10:33:55,-0.05512,1.12512,0.62722,0.0,100.0,-0.05512,-0.06102,-0.06004,-0.05906,-0.05906,-0.05709,-0.05807,-0.05709,-0.05709,-0.05709
2023-05-23 10:33:57,-0.05512,0.58774,0.56409,0.0,1015.0,-0.05512,-0.06102,-0.06004,-0.05906,-0.05906,-0.05709,-0.05807,-0.05709,-0.05709,-0.05709
2023-05-23 10:33:59,-0.05413,0.78679,0.82551,-20.0,0.0,-0.05413,-0.06102,-0.06004,-0.05906,-0.05906,-0.05709,-0.05807,-0.05709,-0.05709,-0.05709
2023-05-23 10:34:01,-0.05413,0.62084,0.69934,0.0,-3459.0,-0.05413,-0.05512,-0.05512,-0.06102,-0.06004,-0.05906,-0.05906,-0.05709,-0.05807,-0.05709
2023-05-23 10:34:03,-0.05413,0.66213,0.70774,0.0,1.0,-0.05413,-0.05512,-0.05512,-0.06102,-0.06004,-0.05906,-0.05906,-0.05709,-0.05807,-0.05709
2023-05-23 10:34:05,-0.05315,0.92389,0.73683,-3000.0,0.0,-0.05315,-0.05512,-0.05512,-0.06102,-0.06004,-0.05906,-0.05906,-0.05709,-0.05807,-0.05709
2023-05-23 10:34:07,-0.05217,0.91883,0.92998,-10.0,0.0,-0.05217,-0.05512,-0.05512,-0.06102,-0.06004,-0.05906,-0.05906,-0.05709,-0.05807,-0.05709
2023-05-23 10:34:08,-0.05217,1.37937,1.06169,10.0,8.0,-0.05217,-0.05512,-0.05512,-0.06102,-0.06004,-0.05906,-0.05906,-0.05709,-0.05807,-0.05709
2023-05-23 10:34:10,-0.05217,1.41148,1.07131,-5.0,0.0,-0.05217,-0.05512,-0.05512,-0.06102,-0.06004,-0.05906,-0.05906,-0.05709,-0.05807,-0.05709
2023-05-23 10:34:12,-0.05217,1.42931,1.07524,100.0,0.0,-0.05217,-0.05512,-0.05512,-0.06102,-0.06004,-0.05906,-0.05906,-0.05709,-0.05807,-0.05709
2023-05-23 10:34:14,-0.05217,1.33093,1.04731,0.0,-290.0,-0.05217,-0.05512,-0.05512,-0.06102,-0.06004,-0.05906,-0.05906,-0.05709,-0.05807,-0.05709
2023-05-23 10:34:16,-0.05118,1.57464,1.12394,-7003.0,0.0,-0.05118,-0.05512,-0.05512,-0.06102,-0.06004,-0.05906,-0.05906,-0.05709,-0.05807,-0.05709
2023-05-23 10:34:18,-0.05217,2.41013,1.50737,7502.0,-14532.0,-0.05217,-0.05512,-0.05512,-0.06102,-0.06004,-0.05906,-0.05906,-0.05709,-0.05807,-0.05709
2023-05-23 10:34:20,-0.05217,1.43909,1.1068,0.0,20.0,-0.05217,-0.05512,-0.05512,-0.06102,-0.06004,-0.05906,-0.05906,-0.05709,-0.05807,-0.05709
2023-05-23 10:34:22,-0.05217,1.41262,1.10522,-100.0,0.0,-0.05217,-0.05512,-0.05512,-0.06102,-0.06004,-0.05906,-0.05906,-0.05709,-0.05807,-0.05709
2023-05-23 10:34:23,-0.05217,1.42436,1.1027,-6992.0,14028.0,-0.05217,-0.05512,-0.05512,-0.06102,-0.06004,-0.05906,-0.05906,-0.05709,-0.05807,-0.05709
2023-05-23 10:34:25,-0.05217,1.41534,1.13158,-7047.0,0.0,-0.05217,-0.05512,-0.05512,-0.06102,-0.06004,-0.05906,-0.05906,-0.05709,-0.05807,-0.05709
2023-05-23 10:34:27,-0.05217,1.30595,1.10787,2.0,-20.0,-0.05217,-0.05512,-0.05512,-0.06102,-0.06004,-0.05906,-0.05906,-0.05709,-0.05807,-0.05709
2023-05-23 10:34:29,-0.05217,1.34008,1.11439,0.0,0.0,-0.05217,-0.05512,-0.05512,-0.06102,-0.06004,-0.05906,-0.05906,-0.05709,-0.05807,-0.05709
2023-05-23 10:34:31,-0.05217,1.24399,1.11376,0.0,0.0,-0.05217,-0.05512,-0.05512,-0.06102,-0.06004,-0.05906,-0.05906,-0.05709,-0.05807,-0.05709
2023-05-23 10:34:33,-0.05217,1.28847,1.37547,0.0,30.0,-0.05217,-0.05512,-0.05512,-0.06102,-0.06004,-0.05906,-0.05906,-0.05709,-0.05807,-0.05709
2023-05-23 10:34:35,-0.05118,1.28169,1.36339,0.0,10.0,-0.05118,-0.05512,-0.05512,-0.06102,-0.06004,-0.05906,-0.05906,-0.05709,-0.05807,-0.05709
2023-05-23 10:34:36,-0.05118,1.26893,1.35793,20.0,1.0,-0.05118,-0.05512,-0.05512,-0.06102,-0.06004,-0.05906,-0.05906,-0.05709,-0.05807,-0.05709
2023-05-23 10:34:38,-0.05118,1.02295,1.37153,-50.0,0.0,-0.05118,-0.05512,-0.05512,-0.06102,-0.06004,-0.05906,-0.05906,-0.05709,-0.05807,-0.05709
2023-05-23 10:34:40,-0.05217,1.49669,1.57868,60.0,0.0,-0.05217,-0.05512,-0.05512,-0.06102,-0.06004,-0.05906,-0.05906,-0.05709,-0.05807,-0.05709
2023-05-23 10:34:42,-0.05118,1.45315,1.56219,5534.0,-14619.0,-0.05118,-0.05512,-0.05512,-0.06102,-0.06004,-0.05906,-0.05906,-0.05709,-0.05807,-0.05709
2023-05-23 10:34:44,-0.05118,1.44508,1.55881,0.0,104.0,-0.05118,-0.05512,-0.05512,-0.06102,-0.06004,-0.05906,-0.05906,-0.05709,-0.05807,-0.05709
2023-05-23 10:34:46,-0.05217,1.06739,1.1753,0.0,9.0,-0.05217,-0.05512,-0.05512,-0.06102,-0.06004,-0.05906,-0.05906,-0.05709,-0.05807,-0.05709
2023-05-23 10:34:48,-0.05315,1.07095,1.17728,0.0,-57.0,-0.05315,-0.05512,-0.05512,-0.06102,-0.06004,-0.05906,-0.05906,-0.05709,-0.05807,-0.05709
2023-05-23 10:34:49,-0.05217,1.08825,1.20117,120.0,-1532.0,-0.05217,-0.05512,-0.05512,-0.06102,-0.06004,-0.05906,-0.05906,-0.05709,-0.05807,-0.05709
2023-05-23 10:34:51,-0.05217,1.87487,1.70056,0.0,200.0,-0.05217,-0.05512,-0.05512,-0.06102,-0.06004,-0.05906,-0.05906,-0.05709,-0.05807,-0.05709
2023-05-23 10:34:53,-0.05315,1.45688,1.26838,0.0,0.0,-0.05315,-0.05512,-0.05512,-0.06102,-0.06004,-0.05906,-0.05906,-0.05709,-0.05807,-0.05709
2023-05-23 10:34:55,-0.05315,1.43072,1.26578,28.0,0.0,-0.05315,-0.05512,-0.05512,-0.06102,-0.06004,-0.05906,-0.05906,-0.05709,-0.05807,-0.05709
2023-05-23 10:34:57,-0.05217,1.32944,1.24116,0.0,10.0,-0.05217,-0.05512,-0.05512,-0.06102,-0.06004,-0.05906,-0.05906,-0.05709,-0.05807,-0.05709
2023-05-23 10:34:59,-0.05315,1.23904,1.32854,0.0,78.0,-0.05315,-0.05512,-0.05512,-0.06102,-0.06004,-0.05906,-0.05906,-0.05709,-0.05807,-0.05709
2023-05-23 10:35:01,-0.05217,1.36913,1.36721,81.0,0.0,-0.05217,-0.05315,-0.05217,-0.05512,-0.05512,-0.06102,-0.06004,-0.05906,-0.05906,-0.05709
2023-05-23 10:35:03,-0.05217,1.35068,1.36865,0.0,500.0,-0.05217,-0.05315,-0.05217,-0.05512,-0.05512,-0.06102,-0.06004,-0.05906,-0.05906,-0.05709
2023-05-23 10:35:04,-0.05118,1.51805,1.70761,0.0,3584.0,-0.05118,-0.05315,-0.05217,-0.05512,-0.05512,-0.06102,-0.06004,-0.05906,-0.05906,-0.05709
2023-05-23 10:35:06,-0.05118,1.57212,1.72846,0.0,1.0,-0.05118,-0.05315,-0.05217,-0.05512,-0.05512,-0.06102,-0.06004,-0.05906,-0.05906,-0.05709
2023-05-23 10:35:08,-0.05118,1.75222,1.79298,-30.0,0.0,-0.05118,-0.05315,-0.05217,-0.05512,-0.05512,-0.06102,-0.06004,-0.05906,-0.05906,-0.05709
2023-05-23 10:35:10,-0.05217,1.77931,1.7993,0.0,1.0,-0.05217,-0.05315,-0.05217,-0.05512,-0.05512,-0.06102,-0.06004,-0.05906,-0.05906,-0.05709
2023-05-23 10:35:12,-0.05118,1.72894,1.7281,0.0,0.0,-0.05118,-0.05315,-0.05217,-0.05512,-0.05512,-0.06102,-0.06004,-0.05906,-0.05906,-0.05709
2023-05-23 10:35:14,-0.05118,1.74075,1.72538,-20.0,0.0,-0.05118,-0.05315,-0.05217,-0.05512,-0.05512,-0.06102,-0.06004,-0.05906,-0.05906,-0.05709
2023-05-23 10:35:16,-0.05118,1.7931,1.72209,-100.0,0.0,-0.05118,-0.05315,-0.05217,-0.05512,-0.05512,-0.06102,-0.06004,-0.05906,-0.05906,-0.05709
2023-05-23 10:35:17,-0.05118,1.91439,1.76381,-7.0,0.0,-0.05118,-0.05315,-0.05217,-0.05512,-0.05512,-0.06102,-0.06004,-0.05906,-0.05906,-0.05709
2023-05-23 10:35:19,-0.05118,2.04141,1.78901,-50.0,0.0,-0.05118,-0.05315,-0.05217,-0.05512,-0.05512,-0.06102,-0.06004,-0.05906,-0.05906,-0.05709
2023-05-23 10:35:21,-0.05118,2.06734,1.79798,-10.0,0.0,-0.05118,-0.05315,-0.05217,-0.05512,-0.05512,-0.06102,-0.06004,-0.05906,-0.05906,-0.05709
2023-05-23 10:35:23,-0.05118,2.01448,1.78245,0.0,0.0,-0.05118,-0.05315,-0.05217,-0.05512,-0.05512,-0.06102,-0.06004,-0.05906,-0.05906,-0.05709
2023-05-23 10:35:25,-0.05217,1.74653,1.48368,0.0,0.0,-0.05217,-0.05315,-0.05217,-0.05512,-0.05512,-0.06102,-0.06004,-0.05906,-0.05906,-0.05709
2023-05-23 10:35:27,-0.05217,1.79014,1.4879,0.0,-205.0,-0.05217,-0.05315,-0.05217,-0.05512,-0.05512,-0.06102,-0.06004,-0.05906,-0.05906,-0.05709
2023-05-23 10:35:29,-0.05217,1.83207,1.49942,-22.0,-22.0,-0.05217,-0.05315,-0.05217,-0.05512,-0.05512,-0.06102,-0.06004,-0.05906,-0.05906,-0.05709
2023-05-23 10:35:31,-0.05217,1.30376,1.25527,1500.0,0.0,-0.05217,-0.05315,-0.05217,-0.05512,-0.05512,-0.06102,-0.06004,-0.05906,-0.05906,-0.05709
2023-05-23 10:35:32,-0.05217,1.40353,1.32824,-2172.0,0.0,-0.05217,-0.05315,-0.05217,-0.05512,-0.05512,-0.06102,-0.06004,-0.05906,-0.05906,-0.05709
2023-05-23 10:35:34,-0.05217,1.32188,1.30496,-182.0,0.0,-0.05217,-0.05315,-0.05217,-0.05512,-0.05512,-0.06102,-0.06004,-0.05906,-0.05906,-0.05709
2023-05-23 10:35:36,-0.05118,1.65209,1.5088,0.0,568.0,-0.05118,-0.05315,-0.05217,-0.05512,-0.05512,-0.06102,-0.06004,-0.05906,-0.05906,-0.05709
2023-05-23 10:35:38,-0.05118,1.98824,1.63124,0.0,1.0,-0.05118,-0.05315,-0.05217,-0.05512,-0.05512,-0.06102,-0.06004,-0.05906,-0.05906,-0.05709
2023-05-23 10:35:40,-0.05118,1.87499,1.58887,0.0,10.0,-0.05118,-0.05315,-0.05217,-0.05512,-0.05512,-0.06102,-0.06004,-0.05906,-0.05906,-0.05709
2023-05-23 10:35:42,-0.05118,1.89553,1.5892,-8.0,0.0,-0.05118,-0.05315,-0.05217,-0.05512,-0.05512,-0.06102,-0.06004,-0.05906,-0.05906,-0.05709
2023-05-23 10:35:44,-0.05118,1.9593,1.61548,-3734.0,0.0,-0.05118,-0.05315,-0.05217,-0.05512,-0.05512,-0.06102,-0.06004,-0.05906,-0.05906,-0.05709
2023-05-23 10:35:46,-0.05217,1.98565,1.62565,0.0,-52.0,-0.05217,-0.05315,-0.05217,-0.05512,-0.05512,-0.06102,-0.06004,-0.05906,-0.05906,-0.05709
2023-05-23 10:35:47,-0.05118,2.13592,1.66748,206.0,0.0,-0.05118,-0.05315,-0.05217,-0.05512,-0.05512,-0.06102,-0.06004,-0.05906,-0.05906,-0.05709
2023-05-23 10:35:49,-0.05118,2.18703,1.69267,67.0,0.0,-0.05118,-0.05315,-0.05217,-0.05512,-0.05512,-0.06102,-0.06004,-0.05906,-0.05906,-0.05709
2023-05-23 10:35:51,-0.05118,2.14472,1.67849,-9.0,0.0,-0.05118,-0.05315,-0.05217,-0.05512,-0.05512,-0.06102,-0.06004,-0.05906,-0.05906,-0.05709
2023-05-23 10:35:53,-0.05118,2.14987,1.67124,0.0,40.0,-0.05118,-0.05315,-0.05217,-0.05512,-0.05512,-0.06102,-0.06004,-0.05906,-0.05906,-0.05709
2023-05-23 10:35:55,-0.05118,2.04192,1.63736,0.0,714.0,-0.05118,-0.05315,-0.05217,-0.05512,-0.05512,-0.06102,-0.06004,-0.05906,-0.05906,-0.05709
2023-05-23 10:35:57,-0.05118,2.09767,1.65533,0.0,50.0,-0.05118,-0.05315,-0.05217,-0.05512,-0.05512,-0.06102,-0.06004,-0.05906,-0.05906,-0.05709
2023-05-23 10:35:59,-0.05118,2.05152,1.63577,0.0,0.0,-0.05118,-0.05315,-0.05217,-0.05512,-0.05512,-0.06102,-0.06004,-0.05906,-0.05906,-0.05709
2023-05-23 10:36:00,-0.05118,2.06608,1.64027,0.0,8.0,-0.05118,-0.05315,-0.05217,-0.05217,-0.05217,-0.05512,-0.05512,-0.06102,-0.06004,-0.05906
2023-05-23 10:36:02,-0.05118,2.0857,1.64434,0.0,0.0,-0.05118,-0.05118,-0.05118,-0.05315,-0.05217,-0.05512,-0.05512,-0.06102,-0.06004,-0.05906
2023-05-23 10:36:04,-0.05118,2.065,1.64048,480.0,0.0,-0.05118,-0.05118,-0.05118,-0.05315,-0.05217,-0.05512,-0.05512,-0.06102,-0.06004,-0.05906
2023-05-23 10:36:06,-0.05217,2.32186,1.71244,-8.0,0.0,-0.05217,-0.05118,-0.05118,-0.05315,-0.05217,-0.05512,-0.05512,-0.06102,-0.06004,-0.05906
2023-05-23 10:36:08,-0.05217,2.38259,1.71256,-1244.0,0.0,-0.05217,-0.05118,-0.05118,-0.05315,-0.05217,-0.05512,-0.05512,-0.06102,-0.06004,-0.05906
2023-05-23 10:36:10,-0.05217,2.62876,1.79964,7851.0,0.0,-0.05217,-0.05118,-0.05118,-0.05315,-0.05217,-0.05512,-0.05512,-0.06102,-0.06004,-0.05906
2023-05-23 10:36:12,-0.05217,1.466,1.47282,222.0,0.0,-0.05217,-0.05118,-0.05118,-0.05315,-0.05217,-0.05512,-0.05512,-0.06102,-0.06004,-0.05906
2023-05-23 10:36:13,-0.05217,1.47,1.47407,-50.0,-50.0,-0.05217,-0.05118,-0.05118,-0.05315,-0.05217,-0.05512,-0.05512,-0.06102,-0.06004,-0.05906
2023-05-23 10:36:15,-0.05217,1.48234,1.47161,582.0,0.0,-0.05217,-0.05118,-0.05118,-0.05315,-0.05217,-0.05512,-0.05512,-0.06102,-0.06004,-0.05906
2023-05-23 10:36:17,-0.05315,0.56411,1.35076,126.0,0.0,-0.05315,-0.05118,-0.05118,-0.05315,-0.05217,-0.05512,-0.05512,-0.06102,-0.06004,-0.05906
2023-05-23 10:36:19,-0.05413,1.15487,1.36725,0.0,1.0,-0.05413,-0.05118,-0.05118,-0.05315,-0.05217,-0.05512,-0.05512,-0.06102,-0.06004,-0.05906
2023-05-23 10:36:21,-0.05413,1.80567,1.55878,0.0,0.0,-0.05413,-0.05118,-0.05118,-0.05315,-0.05217,-0.05512,-0.05512,-0.06102,-0.06004,-0.05906
2023-05-23 10:36:23,-0.05315,1.79429,1.60578,0.0,144.0,-0.05315,-0.05118,-0.05118,-0.05315,-0.05217,-0.05512,-0.05512,-0.06102,-0.06004,-0.05906
2023-05-23 10:36:25,-0.05217,1.75612,1.6005,0.0,0.0,-0.05217,-0.05118,-0.05118,-0.05315,-0.05217,-0.05512,-0.05512,-0.06102,-0.06004,-0.05906
2023-05-23 10:36:27,-0.05217,1.80701,1.61661,-62.0,0.0,-0.05217,-0.05118,-0.05118,-0.05315,-0.05217,-0.05512,-0.05512,-0.06102,-0.06004,-0.05906
2023-05-23 10:36:28,-0.05413,0.68322,1.2843,-3232.0,4.0,-0.05413,-0.05118,-0.05118,-0.05315,-0.05217,-0.05512,-0.05512,-0.06102,-0.06004,-0.05906
2023-05-23 10:36:30,-0.05413,0.62641,1.24213,1.0,0.0,-0.05413,-0.05118,-0.05118,-0.05315,-0.05217,-0.05512,-0.05512,-0.06102,-0.06004,-0.05906
2023-05-23 10:36:32,-0.05315,0.75053,1.28564,0.0,1.0,-0.05315,-0.05118,-0.05118,-0.05315,-0.05217,-0.05512,-0.05512,-0.06102,-0.06004,-0.05906
2023-05-23 10:36:34,-0.05217,1.91035,1.41258,-1.0,21.0,-0.05217,-0.05118,-0.05118,-0.05315,-0.05217,-0.05512,-0.05512,-0.06102,-0.06004,-0.05906
2023-05-23 10:36:38,-0.05217,1.94027,1.42229,0.0,0.0,-0.05217,-0.05118,-0.05118,-0.05315,-0.05217,-0.05512,-0.05512,-0.06102,-0.06004,-0.05906
2023-05-23 10:36:40,-0.05217,1.91404,1.42231,134.0,0.0,-0.05217,-0.05118,-0.05118,-0.05315,-0.05217,-0.05512,-0.05512,-0.06102,-0.06004,-0.05906
2023-05-23 10:36:41,-0.05217,1.92906,1.42394,-140.0,0.0,-0.05217,-0.05118,-0.05118,-0.05315,-0.05217,-0.05512,-0.05512,-0.06102,-0.06004,-0.05906
2023-05-23 10:36:43,-0.05217,1.92964,1.42379,0.0,1.0,-0.05217,-0.05118,-0.05118,-0.05315,-0.05217,-0.05512,-0.05512,-0.06102,-0.06004,-0.05906
2023-05-23 10:36:45,-0.05217,2.00273,1.43923,0.0,-20.0,-0.05217,-0.05118,-0.05118,-0.05315,-0.05217,-0.05512,-0.05512,-0.06102,-0.06004,-0.05906
2023-05-23 10:36:47,-0.05315,2.05393,1.45304,330.0,-40.0,-0.05315,-0.05118,-0.05118,-0.05315,-0.05217,-0.05512,-0.05512,-0.06102,-0.06004,-0.05906
2023-05-23 10:36:49,-0.05315,2.01584,1.43946,0.0,-1.0,-0.05315,-0.05118,-0.05118,-0.05315,-0.05217,-0.05512,-0.05512,-0.06102,-0.06004,-0.05906
2023-05-23 10:36:51,-0.05315,2.07917,1.43694,0.0,1038.0,-0.05315,-0.05118,-0.05118,-0.05315,-0.05217,-0.05512,-0.05512,-0.06102,-0.06004,-0.05906
2023-05-23 10:36:53,-0.05217,3.22732,1.66441,0.0,2.0,-0.05217,-0.05118,-0.05118,-0.05315,-0.05217,-0.05512,-0.05512,-0.06102,-0.06004,-0.05906
2023-05-23 10:36:55,-0.05217,3.22736,1.66154,0.0,132.0,-0.05217,-0.05118,-0.05118,-0.05315,-0.05217,-0.05512,-0.05512,-0.06102,-0.06004,-0.05906
2023-05-23 10:36:56,-0.05217,3.21742,1.65996,0.0,-22.0,-0.05217,-0.05118,-0.05118,-0.05315,-0.05217,-0.05512,-0.05512,-0.06102,-0.06004,-0.05906
2023-05-23 10:36:58,-0.05217,1.8791,1.34259,-207.0,0.0,-0.05217,-0.05118,-0.05118,-0.05315,-0.05217,-0.05512,-0.05512,-0.06102,-0.06004,-0.05906
2023-05-23 10:37:00,-0.05217,1.86201,1.33779,-19.0,0.0,-0.05217,-0.05315,-0.05217,-0.05118,-0.05118,-0.05315,-0.05217,-0.05512,-0.05512,-0.06102
2023-05-23 10:37:02,-0.05217,2.33835,1.47731,0.0,-1539.0,-0.05217,-0.05315,-0.05217,-0.05118,-0.05118,-0.05315,-0.05217,-0.05512,-0.05512,-0.06102
2023-05-23 10:37:04,-0.05217,3.45451,1.81936,0.0,2.0,-0.05217,-0.05315,-0.05217,-0.05118,-0.05118,-0.05315,-0.05217,-0.05512,-0.05512,-0.06102
2023-05-23 10:37:06,-0.05217,3.40965,1.76582,0.0,30.0,-0.05217,-0.05315,-0.05217,-0.05118,-0.05118,-0.05315,-0.05217,-0.05512,-0.05512,-0.06102
2023-05-23 10:37:08,-0.05217,3.52399,1.78669,0.0,5.0,-0.05217,-0.05315,-0.05217,-0.05118,-0.05118,-0.05315,-0.05217,-0.05512,-0.05512,-0.06102
2023-05-23 10:37:09,-0.05118,3.18151,1.72505,0.0,209.0,-0.05118,-0.05315,-0.05217,-0.05118,-0.05118,-0.05315,-0.05217,-0.05512,-0.05512,-0.06102
2023-05-23 10:37:11,-0.05217,3.54191,1.78691,0.0,0.0,-0.05217,-0.05315,-0.05217,-0.05118,-0.05118,-0.05315,-0.05217,-0.05512,-0.05512,-0.06102
2023-05-23 10:37:13,-0.05217,2.26458,1.43513,0.0,0.0,-0.05217,-0.05315,-0.05217,-0.05118,-0.05118,-0.05315,-0.05217,-0.05512,-0.05512,-0.06102
2023-05-23 10:37:15,-0.05217,2.45495,1.4668,0.0,0.0,-0.05217,-0.05315,-0.05217,-0.05118,-0.05118,-0.05315,-0.05217,-0.05512,-0.05512,-0.06102
2023-05-23 10:37:17,-0.05217,2.45381,1.47045,0.0,0.0,-0.05217,-0.05315,-0.05217,-0.05118,-0.05118,-0.05315,-0.05217,-0.05512,-0.05512,-0.06102
2023-05-23 10:37:19,-0.05217,2.62841,1.51054,-3204.0,15333.0,-0.05217,-0.05315,-0.05217,-0.05118,-0.05118,-0.05315,-0.05217,-0.05512,-0.05512,-0.06102
2023-05-23 10:37:20,-0.05217,2.60221,1.51177,2.0,0.0,-0.05217,-0.05315,-0.05217,-0.05118,-0.05118,-0.05315,-0.05217,-0.05512,-0.05512,-0.06102
2023-05-23 10:37:22,-0.05217,3.16879,1.72307,0.0,0.0,-0.05217,-0.05315,-0.05217,-0.05118,-0.05118,-0.05315,-0.05217,-0.05512,-0.05512,-0.06102
2023-05-23 10:37:24,-0.05217,3.16399,1.74306,0.0,0.0,-0.05217,-0.05315,-0.05217,-0.05118,-0.05118,-0.05315,-0.05217,-0.05512,-0.05512,-0.06102
2023-05-23 10:37:26,-0.05217,2.91129,1.69221,0.0,3385.0,-0.05217,-0.05315,-0.05217,-0.05118,-0.05118,-0.05315,-0.05217,-0.05512,-0.05512,-0.06102
2023-05-23 10:37:28,-0.05217,2.84244,1.67735,0.0,50.0,-0.05217,-0.05315,-0.05217,-0.05118,-0.05118,-0.05315,-0.05217,-0.05512,-0.05512,-0.06102
2023-05-23 10:37:30,-0.05118,2.80564,1.66896,0.0,28.0,-0.05118,-0.05315,-0.05217,-0.05118,-0.05118,-0.05315,-0.05217,-0.05512,-0.05512,-0.06102
2023-05-23 10:37:32,-0.05118,2.80012,1.66704,0.0,10.0,-0.05118,-0.05315,-0.05217,-0.05118,-0.05118,-0.05315,-0.05217,-0.05512,-0.05512,-0.06102
2023-05-23 10:37:34,-0.05118,2.78301,1.6632,0.0,0.0,-0.05118,-0.05315,-0.05217,-0.05118,-0.05118,-0.05315,-0.05217,-0.05512,-0.05512,-0.06102
2023-05-23 10:37:36,-0.05217,3.91969,1.83036,0.0,1543.0,-0.05217,-0.05315,-0.05217,-0.05118,-0.05118,-0.05315,-0.05217,-0.05512,-0.05512,-0.06102
2023-05-23 10:37:37,-0.05118,3.80904,1.80909,-100.0,0.0,-0.05118,-0.05315,-0.05217,-0.05118,-0.05118,-0.05315,-0.05217,-0.05512,-0.05512,-0.06102
2023-05-23 10:37:39,-0.05118,3.69944,1.78361,0.0,5.0,-0.05118,-0.05315,-0.05217,-0.05118,-0.05118,-0.05315,-0.05217,-0.05512,-0.05512,-0.06102
2023-05-23 10:37:41,-0.05118,3.26286,1.6646,0.0,54.0,-0.05118,-0.05315,-0.05217,-0.05118,-0.05118,-0.05315,-0.05217,-0.05512,-0.05512,-0.06102
2023-05-23 10:37:43,-0.05118,3.24488,1.65358,0.0,100.0,-0.05118,-0.05315,-0.05217,-0.05118,-0.05118,-0.05315,-0.05217,-0.05512,-0.05512,-0.06102
2023-05-23 10:37:45,-0.05118,3.24961,1.65411,-5.0,0.0,-0.05118,-0.05315,-0.05217,-0.05118,-0.05118,-0.05315,-0.05217,-0.05512,-0.05512,-0.06102
2023-05-23 10:37:47,-0.05118,2.99237,1.61161,0.0,1125.0,-0.05118,-0.05315,-0.05217,-0.05118,-0.05118,-0.05315,-0.05217,-0.05512,-0.05512,-0.06102
2023-05-23 10:37:49,-0.05217,3.01255,1.61628,0.0,-222.0,-0.05217,-0.05315,-0.05217,-0.05118,-0.05118,-0.05315,-0.05217,-0.05512,-0.05512,-0.06102
2023-05-23 10:37:50,-0.05217,3.0411,1.6242,100.0,0.0,-0.05217,-0.05315,-0.05217,-0.05118,-0.05118,-0.05315,-0.05217,-0.05512,-0.05512,-0.06102
2023-05-23 10:37:52,-0.05118,3.02887,1.62255,0.0,0.0,-0.05118,-0.05315,-0.05217,-0.05118,-0.05118,-0.05315,-0.05217,-0.05512,-0.05512,-0.06102
2023-05-23 10:37:54,-0.05217,2.93474,1.60719,207.0,0.0,-0.05217,-0.05315,-0.05217,-0.05118,-0.05118,-0.05315,-0.05217,-0.05512,-0.05512,-0.06102
2023-05-23 10:37:56,-0.05118,2.89582,1.59989,0.0,20.0,-0.05118,-0.05315,-0.05217,-0.05118,-0.05118,-0.05315,-0.05217,-0.05512,-0.05512,-0.06102
2023-05-23 10:37:58,-0.05118,2.87499,1.59981,0.0,50.0,-0.05118,-0.05315,-0.05217,-0.05118,-0.05118,-0.05315,-0.05217,-0.05512,-0.05512,-0.06102
2023-05-23 10:38:00,-0.05118,2.89404,1.5944,500.0,0.0,-0.05118,-0.05315,-0.05217,-0.05217,-0.05217,-0.05118,-0.05118,-0.05315,-0.05217,-0.05512
2023-05-23 10:38:02,-0.05118,2.90973,1.86644,0.0,-12230.0,-0.05118,-0.05118,-0.05118,-0.05315,-0.05217,-0.05118,-0.05118,-0.05315,-0.05217,-0.05512
2023-05-23 10:38:04,-0.05118,2.90973,1.84061,2.0,0.0,-0.05118,-0.05118,-0.05118,-0.05315,-0.05217,-0.05118,-0.05118,-0.05315,-0.05217,-0.05512
2023-05-23 10:38:05,-0.05118,2.92132,1.8446,2.0,0.0,-0.05118,-0.05118,-0.05118,-0.05315,-0.05217,-0.05118,-0.05118,-0.05315,-0.05217,-0.05512
2023-05-23 10:38:07,-0.05217,2.96579,1.85676,334.0,0.0,-0.05217,-0.05118,-0.05118,-0.05315,-0.05217,-0.05118,-0.05118,-0.05315,-0.05217,-0.05512
2023-05-23 10:38:09,-0.05217,3.13611,1.89575,100.0,-63.0,-0.05217,-0.05118,-0.05118,-0.05315,-0.05217,-0.05118,-0.05118,-0.05315,-0.05217,-0.05512
2023-05-23 10:38:11,-0.05217,3.02131,1.86863,0.0,0.0,-0.05217,-0.05118,-0.05118,-0.05315,-0.05217,-0.05118,-0.05118,-0.05315,-0.05217,-0.05512
2023-05-23 10:38:13,-0.05118,2.88312,1.61223,-100.0,-100.0,-0.05118,-0.05118,-0.05118,-0.05315,-0.05217,-0.05118,-0.05118,-0.05315,-0.05217,-0.05512
2023-05-23 10:38:15,-0.05118,2.79194,1.58769,0.0,413.0,-0.05118,-0.05118,-0.05118,-0.05315,-0.05217,-0.05118,-0.05118,-0.05315,-0.05217,-0.05512
2023-05-23 10:38:17,-0.05118,2.79405,1.5884,-20.0,0.0,-0.05118,-0.05118,-0.05118,-0.05315,-0.05217,-0.05118,-0.05118,-0.05315,-0.05217,-0.05512
2023-05-23 10:38:18,-0.05118,3.40298,1.93073,-234.0,0.0,-0.05118,-0.05118,-0.05118,-0.05315,-0.05217,-0.05118,-0.05118,-0.05315,-0.05217,-0.05512
2023-05-23 10:38:20,-0.05118,3.4147,1.93214,75.0,0.0,-0.05118,-0.05118,-0.05118,-0.05315,-0.05217,-0.05118,-0.05118,-0.05315,-0.05217,-0.05512
2023-05-23 10:38:22,-0.05118,2.93499,1.77767,0.0,0.0,-0.05118,-0.05118,-0.05118,-0.05315,-0.05217,-0.05118,-0.05118,-0.05315,-0.05217,-0.05512
2023-05-23 10:38:24,-0.05217,2.93076,1.77595,0.0,12.0,-0.05217,-0.05118,-0.05118,-0.05315,-0.05217,-0.05118,-0.05118,-0.05315,-0.05217,-0.05512
2023-05-23 10:38:26,-0.05217,2.85003,1.76552,0.0,-41.0,-0.05217,-0.05118,-0.05118,-0.05315,-0.05217,-0.05118,-0.05118,-0.05315,-0.05217,-0.05512
2023-05-23 10:38:28,-0.05217,2.88628,1.77564,0.0,0.0,-0.05217,-0.05118,-0.05118,-0.05315,-0.05217,-0.05118,-0.05118,-0.05315,-0.05217,-0.05512
2023-05-23 10:38:30,-0.05118,2.86598,1.77186,0.0,-30.0,-0.05118,-0.05118,-0.05118,-0.05315,-0.05217,-0.05118,-0.05118,-0.05315,-0.05217,-0.05512
2023-05-23 10:38:31,-0.05217,2.75468,1.74624,0.0,5.0,-0.05217,-0.05118,-0.05118,-0.05315,-0.05217,-0.05118,-0.05118,-0.05315,-0.05217,-0.05512
2023-05-23 10:38:33,-0.05217,2.74479,1.73992,0.0,20.0,-0.05217,-0.05118,-0.05118,-0.05315,-0.05217,-0.05118,-0.05118,-0.05315,-0.05217,-0.05512
2023-05-23 10:38:35,-0.05217,1.91469,1.37489,0.0,-179.0,-0.05217,-0.05118,-0.05118,-0.05315,-0.05217,-0.05118,-0.05118,-0.05315,-0.05217,-0.05512
2023-05-23 10:38:37,-0.05118,2.84012,1.75552,0.0,0.0,-0.05118,-0.05118,-0.05118,-0.05315,-0.05217,-0.05118,-0.05118,-0.05315,-0.05217,-0.05512
2023-05-23 10:38:39,-0.05217,2.78539,1.74019,0.0,2.0,-0.05217,-0.05118,-0.05118,-0.05315,-0.05217,-0.05118,-0.05118,-0.05315,-0.05217,-0.05512
2023-05-23 10:38:41,-0.05217,1.92054,1.3648,0.0,621.0,-0.05217,-0.05118,-0.05118,-0.05315,-0.05217,-0.05118,-0.05118,-0.05315,-0.05217,-0.05512
2023-05-23 10:38:43,-0.05217,1.92398,1.36494,99.0,0.0,-0.05217,-0.05118,-0.05118,-0.05315,-0.05217,-0.05118,-0.05118,-0.05315,-0.05217,-0.05512
2023-05-23 10:38:44,-0.05217,1.89463,1.3579,0.0,0.0,-0.05217,-0.05118,-0.05118,-0.05315,-0.05217,-0.05118,-0.05118,-0.05315,-0.05217,-0.05512
2023-05-23 10:38:46,-0.05315,2.15061,1.44362,0.0,0.0,-0.05315,-0.05118,-0.05118,-0.05315,-0.05217,-0.05118,-0.05118,-0.05315,-0.05217,-0.05512
2023-05-23 10:38:48,-0.05315,2.07615,1.42638,0.0,0.0,-0.05315,-0.05118,-0.05118,-0.05315,-0.05217,-0.05118,-0.05118,-0.05315,-0.05217,-0.05512
2023-05-23 10:38:50,-0.05217,1.99772,1.40757,0.0,0.0,-0.05217,-0.05118,-0.05118,-0.05315,-0.05217,-0.05118,-0.05118,-0.05315,-0.05217,-0.05512
2023-05-23 10:38:52,-0.05217,1.99137,1.40755,0.0,0.0,-0.05217,-0.05118,-0.05118,-0.05315,-0.05217,-0.05118,-0.05118,-0.05315,-0.05217,-0.05512
2023-05-23 10:38:54,-0.05217,1.95834,1.40287,1.0,531.0,-0.05217,-0.05118,-0.05118,-0.05315,-0.05217,-0.05118,-0.05118,-0.05315,-0.05217,-0.05512
2023-05-23 10:38:56,-0.05217,1.96047,1.40245,210.0,100.0,-0.05217,-0.05118,-0.05118,-0.05315,-0.05217,-0.05118,-0.05118,-0.05315,-0.05217,-0.05512
2023-05-23 10:38:58,-0.05315,2.02314,1.4239,0.0,0.0,-0.05315,-0.05118,-0.05118,-0.05315,-0.05217,-0.05118,-0.05118,-0.05315,-0.05217,-0.05512
2023-05-23 10:38:59,-0.05315,1.78429,1.33871,-7962.0,0.0,-0.05315,-0.05118,-0.05118,-0.05315,-0.05217,-0.05118,-0.05118,-0.05315,-0.05217,-0.05512
2023-05-23 10:39:01,-0.05315,1.79231,1.34146,0.0,100.0,-0.05315,-0.05315,-0.05315,-0.05118,-0.05118,-0.05315,-0.05217,-0.05118,-0.05118,-0.05315
2023-05-23 10:39:03,-0.05315,1.82359,1.34128,0.0,63.0,-0.05315,-0.05315,-0.05315,-0.05118,-0.05118,-0.05315,-0.05217,-0.05118,-0.05118,-0.05315
2023-05-23 10:39:05,-0.05315,1.83448,1.34126,0.0,374.0,-0.05315,-0.05315,-0.05315,-0.05118,-0.05118,-0.05315,-0.05217,-0.05118,-0.05118,-0.05315
2023-05-23 10:39:07,-0.05315,1.83491,1.34137,0.0,20.0,-0.05315,-0.05315,-0.05315,-0.05118,-0.05118,-0.05315,-0.05217,-0.05118,-0.05118,-0.05315
2023-05-23 10:39:09,-0.05315,1.86109,1.34769,0.0,-612.0,-0.05315,-0.05315,-0.05315,-0.05118,-0.05118,-0.05315,-0.05217,-0.05118,-0.05118,-0.05315
2023-05-23 10:39:11,-0.05315,1.89015,1.35531,0.0,-451.0,-0.05315,-0.05315,-0.05315,-0.05118,-0.05118,-0.05315,-0.05217,-0.05118,-0.05118,-0.05315
2023-05-23 10:39:12,-0.05315,1.86913,1.35058,0.0,10.0,-0.05315,-0.05315,-0.05315,-0.05118,-0.05118,-0.05315,-0.05217,-0.05118,-0.05118,-0.05315
2023-05-23 10:39:14,-0.05315,1.25048,1.14136,2.0,0.0,-0.05315,-0.05315,-0.05315,-0.05118,-0.05118,-0.05315,-0.05217,-0.05118,-0.05118,-0.05315
2023-05-23 10:39:16,-0.05413,0.36225,0.85118,-1.0,0.0,-0.05413,-0.05315,-0.05315,-0.05118,-0.05118,-0.05315,-0.05217,-0.05118,-0.05118,-0.05315
2023-05-23 10:39:18,-0.05512,0.37195,0.85353,1.0,0.0,-0.05512,-0.05315,-0.05315,-0.05118,-0.05118,-0.05315,-0.05217,-0.05118,-0.05118,-0.05315
2023-05-23 10:39:20,-0.05413,0.38839,0.86229,3.0,0.0,-0.05413,-0.05315,-0.05315,-0.05118,-0.05118,-0.05315,-0.05217,-0.05118,-0.05118,-0.05315
2023-05-23 10:39:22,-0.05512,0.51993,0.89367,1.0,0.0,-0.05512,-0.05315,-0.05315,-0.05118,-0.05118,-0.05315,-0.05217,-0.05118,-0.05118,-0.05315
2023-05-23 10:39:24,-0.05413,0.52532,0.89575,0.0,-898.0,-0.05413,-0.05315,-0.05315,-0.05118,-0.05118,-0.05315,-0.05217,-0.05118,-0.05118,-0.05315
2023-05-23 10:39:26,-0.05512,1.66978,0.87024,0.0,0.0,-0.05512,-0.05315,-0.05315,-0.05118,-0.05118,-0.05315,-0.05217,-0.05118,-0.05118,-0.05315
2023-05-23 10:39:27,-0.0561,1.66673,0.86918,0.0,10.0,-0.0561,-0.05315,-0.05315,-0.05118,-0.05118,-0.05315,-0.05217,-0.05118,-0.05118,-0.05315
2023-05-23 10:39:29,-0.05512,1.83894,0.87294,1.0,0.0,-0.05512,-0.05315,-0.05315,-0.05118,-0.05118,-0.05315,-0.05217,-0.05118,-0.05118,-0.05315
2023-05-23 10:39:31,-0.0561,1.81922,0.8693,0.0,-25.0,-0.0561,-0.05315,-0.05315,-0.05118,-0.05118,-0.05315,-0.05217,-0.05118,-0.05118,-0.05315
2023-05-23 10:39:33,-0.0561,1.8458,0.87272,50.0,-9.0,-0.0561,-0.05315,-0.05315,-0.05118,-0.05118,-0.05315,-0.05217,-0.05118,-0.05118,-0.05315
2023-05-23 10:39:35,-0.0561,0.4936,0.73393,0.0,1.0,-0.0561,-0.05315,-0.05315,-0.05118,-0.05118,-0.05315,-0.05217,-0.05118,-0.05118,-0.05315
2023-05-23 10:39:37,-0.0561,0.55499,0.74719,500.0,-132.0,-0.0561,-0.05315,-0.05315,-0.05118,-0.05118,-0.05315,-0.05217,-0.05118,-0.05118,-0.05315
2023-05-23 10:39:39,-0.0561,0.52925,0.73015,0.0,0.0,-0.0561,-0.05315,-0.05315,-0.05118,-0.05118,-0.05315,-0.05217,-0.05118,-0.05118,-0.05315
2023-05-23 10:39:40,-0.0561,0.51722,0.71846,0.0,1.0,-0.0561,-0.05315,-0.05315,-0.05118,-0.05118,-0.05315,-0.05217,-0.05118,-0.05118,-0.05315
2023-05-23 10:39:42,-0.05512,0.44993,0.71224,29.0,-100.0,-0.05512,-0.05315,-0.05315,-0.05118,-0.05118,-0.05315,-0.05217,-0.05118,-0.05118,-0.05315
2023-05-23 10:39:45,-0.0561,0.47215,0.7146,300.0,0.0,-0.0561,-0.05315,-0.05315,-0.05118,-0.05118,-0.05315,-0.05217,-0.05118,-0.05118,-0.05315
2023-05-23 10:39:48,-0.05512,0.51272,0.71743,39.0,0.0,-0.05512,-0.05315,-0.05315,-0.05118,-0.05118,-0.05315,-0.05217,-0.05118,-0.05118,-0.05315
2023-05-23 10:39:50,-0.05512,0.53602,0.67074,-40.0,0.0,-0.05512,-0.05315,-0.05315,-0.05118,-0.05118,-0.05315,-0.05217,-0.05118,-0.05118,-0.05315
2023-05-23 10:39:52,-0.05512,0.53517,0.67776,0.0,0.0,-0.05512,-0.05315,-0.05315,-0.05118,-0.05118,-0.05315,-0.05217,-0.05118,-0.05118,-0.05315
2023-05-23 10:39:53,-0.05512,0.57982,0.68299,0.0,0.0,-0.05512,-0.05315,-0.05315,-0.05118,-0.05118,-0.05315,-0.05217,-0.05118,-0.05118,-0.05315
2023-05-23 10:39:55,-0.0561,0.61305,0.6862,0.0,30.0,-0.0561,-0.05315,-0.05315,-0.05118,-0.05118,-0.05315,-0.05217,-0.05118,-0.05118,-0.05315
2023-05-23 10:39:57,-0.0561,0.62043,0.70201,0.0,50.0,-0.0561,-0.05315,-0.05315,-0.05118,-0.05118,-0.05315,-0.05217,-0.05118,-0.05118,-0.05315
2023-05-23 10:39:59,-0.0561,0.61175,0.70109,0.0,0.0,-0.0561,-0.05315,-0.05315,-0.05118,-0.05118,-0.05315,-0.05217,-0.05118,-0.05118,-0.05315
2023-05-23 10:40:01,-0.05709,0.18089,0.61338,0.0,32.0,-0.05709,-0.05512,-0.0561,-0.05315,-0.05315,-0.05118,-0.05118,-0.05315,-0.05217,-0.05118
2023-05-23 10:40:03,-0.0561,0.17989,0.61318,1.0,0.0,-0.0561,-0.05512,-0.0561,-0.05315,-0.05315,-0.05118,-0.05118,-0.05315,-0.05217,-0.05118
2023-05-23 10:40:05,-0.0561,0.62575,0.70183,0.0,0.0,-0.0561,-0.05512,-0.0561,-0.05315,-0.05315,-0.05118,-0.05118,-0.05315,-0.05217,-0.05118
2023-05-23 10:40:07,-0.05709,0.26154,0.7311,0.0,4.0,-0.05709,-0.05512,-0.0561,-0.05315,-0.05315,-0.05118,-0.05118,-0.05315,-0.05217,-0.05118
2023-05-23 10:40:08,-0.05512,0.25743,0.72865,0.0,10.0,-0.05512,-0.05512,-0.0561,-0.05315,-0.05315,-0.05118,-0.05118,-0.05315,-0.05217,-0.05118
2023-05-23 10:40:10,-0.05512,0.8838,0.76967,927.0,0.0,-0.05512,-0.05512,-0.0561,-0.05315,-0.05315,-0.05118,-0.05118,-0.05315,-0.05217,-0.05118
2023-05-23 10:40:12,-0.05512,0.9003,0.77126,0.0,1.0,-0.05512,-0.05512,-0.0561,-0.05315,-0.05315,-0.05118,-0.05118,-0.05315,-0.05217,-0.05118
2023-05-23 10:40:14,-0.05512,0.93268,0.77202,0.0,50.0,-0.05512,-0.05512,-0.0561,-0.05315,-0.05315,-0.05118,-0.05118,-0.05315,-0.05217,-0.05118
2023-05-23 10:40:16,-0.05512,1.01823,0.78017,0.0,0.0,-0.05512,-0.05512,-0.0561,-0.05315,-0.05315,-0.05118,-0.05118,-0.05315,-0.05217,-0.05118
2023-05-23 10:40:18,-0.0561,1.06584,0.83681,0.0,0.0,-0.0561,-0.05512,-0.0561,-0.05315,-0.05315,-0.05118,-0.05118,-0.05315,-0.05217,-0.05118
2023-05-23 10:40:19,-0.05709,0.47132,0.7977,0.0,6984.0,-0.05709,-0.05512,-0.0561,-0.05315,-0.05315,-0.05118,-0.05118,-0.05315,-0.05217,-0.05118
2023-05-23 10:40:21,-0.05512,1.12889,0.84318,0.0,300.0,-0.05512,-0.05512,-0.0561,-0.05315,-0.05315,-0.05118,-0.05118,-0.05315,-0.05217,-0.05118
2023-05-23 10:40:23,-0.05512,1.12975,0.84243,-1.0,0.0,-0.05512,-0.05512,-0.0561,-0.05315,-0.05315,-0.05118,-0.05118,-0.05315,-0.05217,-0.05118
2023-05-23 10:40:25,-0.05709,0.43904,0.78133,0.0,3000.0,-0.05709,-0.05512,-0.0561,-0.05315,-0.05315,-0.05118,-0.05118,-0.05315,-0.05217,-0.05118
2023-05-23 10:40:27,-0.05512,0.52581,0.80044,0.0,100.0,-0.05512,-0.05512,-0.0561,-0.05315,-0.05315,-0.05118,-0.05118,-0.05315,-0.05217,-0.05118
2023-05-23 10:40:29,-0.05709,0.55058,0.80782,0.0,0.0,-0.05709,-0.05512,-0.0561,-0.05315,-0.05315,-0.05118,-0.05118,-0.05315,-0.05217,-0.05118
2023-05-23 10:40:31,-0.05709,0.55202,0.80339,0.0,0.0,-0.05709,-0.05512,-0.0561,-0.05315,-0.05315,-0.05118,-0.05118,-0.05315,-0.05217,-0.05118
2023-05-23 10:40:32,-0.0561,0.32595,0.64938,-1.0,0.0,-0.0561,-0.05512,-0.0561,-0.05315,-0.05315,-0.05118,-0.05118,-0.05315,-0.05217,-0.05118
2023-05-23 10:40:34,-0.0561,0.56461,0.76775,0.0,0.0,-0.0561,-0.05512,-0.0561,-0.05315,-0.05315,-0.05118,-0.05118,-0.05315,-0.05217,-0.05118
2023-05-23 10:40:36,-0.05807,0.3824,0.66621,0.0,5.0,-0.05807,-0.05512,-0.0561,-0.05315,-0.05315,-0.05118,-0.05118,-0.05315,-0.05217,-0.05118
2023-05-23 10:40:38,-0.0561,0.37684,0.66399,0.0,521.0,-0.0561,-0.05512,-0.0561,-0.05315,-0.05315,-0.05118,-0.05118,-0.05315,-0.05217,-0.05118
2023-05-23 10:40:40,-0.0561,0.51781,0.76328,0.0,0.0,-0.0561,-0.05512,-0.0561,-0.05315,-0.05315,-0.05118,-0.05118,-0.05315,-0.05217,-0.05118
2023-05-23 10:40:42,-0.0561,0.48225,0.75343,1.0,0.0,-0.0561,-0.05512,-0.0561,-0.05315,-0.05315,-0.05118,-0.05118,-0.05315,-0.05217,-0.05118
2023-05-23 10:40:44,-0.05709,0.34764,0.6524,0.0,3.0,-0.05709,-0.05512,-0.0561,-0.05315,-0.05315,-0.05118,-0.05118,-0.05315,-0.05217,-0.05118
2023-05-23 10:40:45,-0.0561,0.3442,0.65092,0.0,300.0,-0.0561,-0.05512,-0.0561,-0.05315,-0.05315,-0.05118,-0.05118,-0.05315,-0.05217,-0.05118
2023-05-23 10:40:47,-0.0561,0.41255,0.67507,0.0,81.0,-0.0561,-0.05512,-0.0561,-0.05315,-0.05315,-0.05118,-0.05118,-0.05315,-0.05217,-0.05118
2023-05-23 10:40:49,-0.0561,0.55802,0.77765,0.0,1.0,-0.0561,-0.05512,-0.0561,-0.05315,-0.05315,-0.05118,-0.05118,-0.05315,-0.05217,-0.05118
2023-05-23 10:40:51,-0.05709,0.34767,0.56199,-16728.0,10.0,-0.05709,-0.05512,-0.0561,-0.05315,-0.05315,-0.05118,-0.05118,-0.05315,-0.05217,-0.05118
2023-05-23 10:40:53,-0.05709,0.34776,0.56287,0.0,0.0,-0.05709,-0.05512,-0.0561,-0.05315,-0.05315,-0.05118,-0.05118,-0.05315,-0.05217,-0.05118
2023-05-23 10:40:55,-0.05807,0.27388,0.48505,0.0,0.0,-0.05807,-0.05512,-0.0561,-0.05315,-0.05315,-0.05118,-0.05118,-0.05315,-0.05217,-0.05118
2023-05-23 10:40:56,-0.05906,0.29416,0.49054,0.0,-21.0,-0.05906,-0.05512,-0.0561,-0.05315,-0.05315,-0.05118,-0.05118,-0.05315,-0.05217,-0.05118
2023-05-23 10:40:58,-0.05807,0.29577,0.49107,0.0,-270.0,-0.05807,-0.05512,-0.0561,-0.05315,-0.05315,-0.05118,-0.05118,-0.05315,-0.05217,-0.05118
2023-05-23 10:41:00,-0.05807,0.35612,0.51053,0.0,4.0,-0.05807,-0.05807,-0.05807,-0.05512,-0.0561,-0.05315,-0.05315,-0.05118,-0.05118,-0.05315
2023-05-23 10:41:02,-0.05807,0.31569,0.50316,-10.0,0.0,-0.05807,-0.05807,-0.05807,-0.05512,-0.0561,-0.05315,-0.05315,-0.05118,-0.05118,-0.05315
2023-05-23 10:41:04,-0.05906,0.31459,0.50142,0.0,-458.0,-0.05906,-0.05807,-0.05807,-0.05512,-0.0561,-0.05315,-0.05315,-0.05118,-0.05118,-0.05315
2023-05-23 10:41:06,-0.05807,0.21873,0.478,0.0,10.0,-0.05807,-0.05807,-0.05807,-0.05512,-0.0561,-0.05315,-0.05315,-0.05118,-0.05118,-0.05315
2023-05-23 10:41:08,-0.05906,0.17454,0.45484,-1208.0,-1208.0,-0.05906,-0.05807,-0.05807,-0.05512,-0.0561,-0.05315,-0.05315,-0.05118,-0.05118,-0.05315
2023-05-23 10:41:09,-0.05709,0.20034,0.60021,0.0,193.0,-0.05709,-0.05807,-0.05807,-0.05512,-0.0561,-0.05315,-0.05315,-0.05118,-0.05118,-0.05315
2023-05-23 10:41:11,-0.05807,0.13743,0.56437,0.0,22.0,-0.05807,-0.05807,-0.05807,-0.05512,-0.0561,-0.05315,-0.05315,-0.05118,-0.05118,-0.05315
2023-05-23 10:41:13,-0.05807,0.12958,0.56153,0.0,101.0,-0.05807,-0.05807,-0.05807,-0.05512,-0.0561,-0.05315,-0.05315,-0.05118,-0.05118,-0.05315
2023-05-23 10:41:15,-0.05906,0.11343,0.47913,0.0,500.0,-0.05906,-0.05807,-0.05807,-0.05512,-0.0561,-0.05315,-0.05315,-0.05118,-0.05118,-0.05315
2023-05-23 10:41:17,-0.05807,0.09899,0.47449,0.0,10.0,-0.05807,-0.05807,-0.05807,-0.05512,-0.0561,-0.05315,-0.05315,-0.05118,-0.05118,-0.05315
2023-05-23 10:41:19,-0.05807,0.12131,0.47937,0.0,0.0,-0.05807,-0.05807,-0.05807,-0.05512,-0.0561,-0.05315,-0.05315,-0.05118,-0.05118,-0.05315
2023-05-23 10:41:21,-0.05807,0.14165,0.48798,-10.0,0.0,-0.05807,-0.05807,-0.05807,-0.05512,-0.0561,-0.05315,-0.05315,-0.05118,-0.05118,-0.05315
2023-05-23 10:41:23,-0.05906,0.14145,0.48784,0.0,10.0,-0.05906,-0.05807,-0.05807,-0.05512,-0.0561,-0.05315,-0.05315,-0.05118,-0.05118,-0.05315
2023-05-23 10:41:24,-0.05906,0.14628,0.49161,0.0,-376.0,-0.05906,-0.05807,-0.05807,-0.05512,-0.0561,-0.05315,-0.05315,-0.05118,-0.05118,-0.05315
2023-05-23 10:41:26,-0.05906,0.1444,0.48998,0.0,-61.0,-0.05906,-0.05807,-0.05807,-0.05512,-0.0561,-0.05315,-0.05315,-0.05118,-0.05118,-0.05315
2023-05-23 10:41:28,-0.05807,0.14041,0.48879,-10.0,0.0,-0.05807,-0.05807,-0.05807,-0.05512,-0.0561,-0.05315,-0.05315,-0.05118,-0.05118,-0.05315
2023-05-23 10:41:30,-0.05906,0.1436,0.49285,0.0,-254.0,-0.05906,-0.05807,-0.05807,-0.05512,-0.0561,-0.05315,-0.05315,-0.05118,-0.05118,-0.05315
2023-05-23 10:41:32,-0.05807,0.14996,0.49422,306.0,50.0,-0.05807,-0.05807,-0.05807,-0.05512,-0.0561,-0.05315,-0.05315,-0.05118,-0.05118,-0.05315
2023-05-23 10:41:34,-0.05807,0.1498,0.4853,-25.0,0.0,-0.05807,-0.05807,-0.05807,-0.05512,-0.0561,-0.05315,-0.05315,-0.05118,-0.05118,-0.05315
2023-05-23 10:41:36,-0.05807,0.15942,0.48658,-120.0,81.0,-0.05807,-0.05807,-0.05807,-0.05512,-0.0561,-0.05315,-0.05315,-0.05118,-0.05118,-0.05315
2023-05-23 10:41:38,-0.05807,0.21401,0.50549,-150.0,0.0,-0.05807,-0.05807,-0.05807,-0.05512,-0.0561,-0.05315,-0.05315,-0.05118,-0.05118,-0.05315
2023-05-23 10:41:39,-0.05807,0.21634,0.50666,0.0,100.0,-0.05807,-0.05807,-0.05807,-0.05512,-0.0561,-0.05315,-0.05315,-0.05118,-0.05118,-0.05315
2023-05-23 10:41:41,-0.05807,0.27527,0.52454,0.0,1.0,-0.05807,-0.05807,-0.05807,-0.05512,-0.0561,-0.05315,-0.05315,-0.05118,-0.05118,-0.05315
2023-05-23 10:41:43,-0.05807,0.26994,0.52112,0.0,0.0,-0.05807,-0.05807,-0.05807,-0.05512,-0.0561,-0.05315,-0.05315,-0.05118,-0.05118,-0.05315
2023-05-23 10:41:45,-0.05807,0.26958,0.52096,0.0,10.0,-0.05807,-0.05807,-0.05807,-0.05512,-0.0561,-0.05315,-0.05315,-0.05118,-0.05118,-0.05315
2023-05-23 10:41:47,-0.05906,0.25638,0.5153,-300.0,0.0,-0.05906,-0.05807,-0.05807,-0.05512,-0.0561,-0.05315,-0.05315,-0.05118,-0.05118,-0.05315
2023-05-23 10:41:49,-0.05906,0.21755,0.48822,0.0,1.0,-0.05906,-0.05807,-0.05807,-0.05512,-0.0561,-0.05315,-0.05315,-0.05118,-0.05118,-0.05315
2023-05-23 10:41:50,-0.05906,0.1597,0.46689,0.0,63.0,-0.05906,-0.05807,-0.05807,-0.05512,-0.0561,-0.05315,-0.05315,-0.05118,-0.05118,-0.05315
2023-05-23 10:41:52,-0.05807,0.06321,0.5008,11859.0,0.0,-0.05807,-0.05807,-0.05807,-0.05512,-0.0561,-0.05315,-0.05315,-0.05118,-0.05118,-0.05315
2023-05-23 10:41:54,-0.0561,0.07513,0.60164,0.0,41.0,-0.0561,-0.05807,-0.05807,-0.05512,-0.0561,-0.05315,-0.05315,-0.05118,-0.05118,-0.05315
2023-05-23 10:41:56,-0.05807,0.10774,0.63424,0.0,1.0,-0.05807,-0.05807,-0.05807,-0.05512,-0.0561,-0.05315,-0.05315,-0.05118,-0.05118,-0.05315
2023-05-23 10:41:58,-0.05512,0.12247,0.72279,-1.0,0.0,-0.05512,-0.05807,-0.05807,-0.05512,-0.0561,-0.05315,-0.05315,-0.05118,-0.05118,-0.05315
2023-05-23 10:42:00,-0.0561,0.21909,0.77876,0.0,19.0,-0.0561,-0.0561,-0.05512,-0.05807,-0.05807,-0.05512,-0.0561,-0.05315,-0.05315,-0.05118
2023-05-23 10:42:02,-0.05512,0.14737,0.76444,0.0,20.0,-0.05512,-0.0561,-0.05512,-0.05807,-0.05807,-0.05512,-0.0561,-0.05315,-0.05315,-0.05118
2023-05-23 10:42:03,-0.05512,0.16284,0.77923,-10.0,1.0,-0.05512,-0.0561,-0.05512,-0.05807,-0.05807,-0.05512,-0.0561,-0.05315,-0.05315,-0.05118
2023-05-23 10:42:05,-0.05315,20.10964,1.43407,-16.0,-1.0,-0.05315,-0.0561,-0.05512,-0.05807,-0.05807,-0.05512,-0.0561,-0.05315,-0.05315,-0.05118
2023-05-23 10:42:07,-0.05413,13.01578,1.4117,0.0,0.0,-0.05413,-0.0561,-0.05512,-0.05807,-0.05807,-0.05512,-0.0561,-0.05315,-0.05315,-0.05118
2023-05-23 10:42:09,-0.05315,12.60873,1.41778,0.0,-1.0,-0.05315,-0.0561,-0.05512,-0.05807,-0.05807,-0.05512,-0.0561,-0.05315,-0.05315,-0.05118
2023-05-23 10:42:11,-0.05413,7.1596,1.29625,0.0,-20.0,-0.05413,-0.0561,-0.05512,-0.05807,-0.05807,-0.05512,-0.0561,-0.05315,-0.05315,-0.05118
2023-05-23 10:42:13,-0.05413,7.18008,1.30269,0.0,-1.0,-0.05413,-0.0561,-0.05512,-0.05807,-0.05807,-0.05512,-0.0561,-0.05315,-0.05315,-0.05118
2023-05-23 10:42:15,-0.05315,7.61936,1.38154,0.0,191.0,-0.05315,-0.0561,-0.05512,-0.05807,-0.05807,-0.05512,-0.0561,-0.05315,-0.05315,-0.05118
2023-05-23 10:42:17,-0.05315,7.7756,1.43917,-1.0,0.0,-0.05315,-0.0561,-0.05512,-0.05807,-0.05807,-0.05512,-0.0561,-0.05315,-0.05315,-0.05118
2023-05-23 10:42:18,-0.05315,12.05059,1.74656,2205.0,-17162.0,-0.05315,-0.0561,-0.05512,-0.05807,-0.05807,-0.05512,-0.0561,-0.05315,-0.05315,-0.05118
2023-05-23 10:42:20,-0.05315,8.92269,1.6913,0.0,-1.0,-0.05315,-0.0561,-0.05512,-0.05807,-0.05807,-0.05512,-0.0561,-0.05315,-0.05315,-0.05118
2023-05-23 10:42:22,-0.05315,1.857,1.17424,0.0,-1.0,-0.05315,-0.0561,-0.05512,-0.05807,-0.05807,-0.05512,-0.0561,-0.05315,-0.05315,-0.05118
2023-05-23 10:42:24,-0.05217,1.67454,1.13215,-1.0,0.0,-0.05217,-0.0561,-0.05512,-0.05807,-0.05807,-0.05512,-0.0561,-0.05315,-0.05315,-0.05118
2023-05-23 10:42:26,-0.05217,1.70166,1.13526,0.0,10.0,-0.05217,-0.0561,-0.05512,-0.05807,-0.05807,-0.05512,-0.0561,-0.05315,-0.05315,-0.05118
2023-05-23 10:42:28,-0.05315,1.63587,1.10907,0.0,-1.0,-0.05315,-0.0561,-0.05512,-0.05807,-0.05807,-0.05512,-0.0561,-0.05315,-0.05315,-0.05118
2023-05-23 10:42:30,-0.05217,5.71317,1.23408,0.0,-1.0,-0.05217,-0.0561,-0.05512,-0.05807,-0.05807,-0.05512,-0.0561,-0.05315,-0.05315,-0.05118
2023-05-23 10:42:31,-0.05217,5.22233,1.21536,0.0,59.0,-0.05217,-0.0561,-0.05512,-0.05807,-0.05807,-0.05512,-0.0561,-0.05315,-0.05315,-0.05118
2023-05-23 10:42:33,-0.05217,4.66403,1.19435,0.0,10.0,-0.05217,-0.0561,-0.05512,-0.05807,-0.05807,-0.05512,-0.0561,-0.05315,-0.05315,-0.05118
2023-05-23 10:42:35,-0.05217,3.03676,1.1134,5.0,-191.0,-0.05217,-0.0561,-0.05512,-0.05807,-0.05807,-0.05512,-0.0561,-0.05315,-0.05315,-0.05118
2023-05-23 10:42:37,-0.05217,3.10333,1.11504,0.0,120.0,-0.05217,-0.0561,-0.05512,-0.05807,-0.05807,-0.05512,-0.0561,-0.05315,-0.05315,-0.05118
2023-05-23 10:42:39,-0.05217,3.57421,1.132,0.0,-459.0,-0.05217,-0.0561,-0.05512,-0.05807,-0.05807,-0.05512,-0.0561,-0.05315,-0.05315,-0.05118
2023-05-23 10:42:41,-0.05315,1.16103,1.05894,0.0,-20.0,-0.05315,-0.0561,-0.05512,-0.05807,-0.05807,-0.05512,-0.0561,-0.05315,-0.05315,-0.05118
2023-05-23 10:42:43,-0.05315,1.13477,1.04064,0.0,0.0,-0.05315,-0.0561,-0.05512,-0.05807,-0.05807,-0.05512,-0.0561,-0.05315,-0.05315,-0.05118
2023-05-23 10:42:44,-0.05118,2.59384,1.12939,-1.0,0.0,-0.05118,-0.0561,-0.05512,-0.05807,-0.05807,-0.05512,-0.0561,-0.05315,-0.05315,-0.05118
2023-05-23 10:42:46,-0.05118,2.57109,1.12713,-1.0,0.0,-0.05118,-0.0561,-0.05512,-0.05807,-0.05807,-0.05512,-0.0561,-0.05315,-0.05315,-0.05118
2023-05-23 10:42:48,-0.05118,2.51298,1.18009,-1.0,0.0,-0.05118,-0.0561,-0.05512,-0.05807,-0.05807,-0.05512,-0.0561,-0.05315,-0.05315,-0.05118
2023-05-23 10:42:50,-0.05217,2.41476,1.16427,-1.0,50.0,-0.05217,-0.0561,-0.05512,-0.05807,-0.05807,-0.05512,-0.0561,-0.05315,-0.05315,-0.05118
2023-05-23 10:42:52,-0.05217,1.88023,1.0861,0.0,1.0,-0.05217,-0.0561,-0.05512,-0.05807,-0.05807,-0.05512,-0.0561,-0.05315,-0.05315,-0.05118
2023-05-23 10:42:54,-0.05118,2.3761,1.14847,0.0,0.0,-0.05118,-0.0561,-0.05512,-0.05807,-0.05807,-0.05512,-0.0561,-0.05315,-0.05315,-0.05118
2023-05-23 10:42:57,-0.05118,3.16977,1.18742,0.0,-1.0,-0.05118,-0.0561,-0.05512,-0.05807,-0.05807,-0.05512,-0.0561,-0.05315,-0.05315,-0.05118
2023-05-23 10:42:59,-0.05118,3.10671,1.20386,-1.0,19.0,-0.05118,-0.0561,-0.05512,-0.05807,-0.05807,-0.05512,-0.0561,-0.05315,-0.05315,-0.05118
2023-05-23 10:43:01,-0.05118,2.89963,1.18344,-11.0,-2.0,-0.05118,-0.0502,-0.05118,-0.0561,-0.05512,-0.05807,-0.05807,-0.05512,-0.0561,-0.05315
2023-05-23 10:43:03,-0.0502,2.82184,1.18173,0.0,-1.0,-0.0502,-0.0502,-0.05118,-0.0561,-0.05512,-0.05807,-0.05807,-0.05512,-0.0561,-0.05315
2023-05-23 10:43:05,-0.0502,2.76114,1.18249,0.0,-100.0,-0.0502,-0.0502,-0.05118,-0.0561,-0.05512,-0.05807,-0.05807,-0.05512,-0.0561,-0.05315
2023-05-23 10:43:07,-0.05118,2.34242,1.13595,0.0,1.0,-0.05118,-0.0502,-0.05118,-0.0561,-0.05512,-0.05807,-0.05807,-0.05512,-0.0561,-0.05315
2023-05-23 10:43:08,-0.0502,2.31236,1.14765,0.0,0.0,-0.0502,-0.0502,-0.05118,-0.0561,-0.05512,-0.05807,-0.05807,-0.05512,-0.0561,-0.05315
2023-05-23 10:43:10,-0.0502,2.13469,1.13601,1217.0,1281.0,-0.0502,-0.0502,-0.05118,-0.0561,-0.05512,-0.05807,-0.05807,-0.05512,-0.0561,-0.05315
2023-05-23 10:43:12,-0.0502,2.16267,1.13345,-1.0,0.0,-0.0502,-0.0502,-0.05118,-0.0561,-0.05512,-0.05807,-0.05807,-0.05512,-0.0561,-0.05315
2023-05-23 10:43:14,-0.05118,2.78187,1.21616,0.0,50.0,-0.05118,-0.0502,-0.05118,-0.0561,-0.05512,-0.05807,-0.05807,-0.05512,-0.0561,-0.05315
2023-05-23 10:43:16,-0.05217,1.26408,0.9751,0.0,0.0,-0.05217,-0.0502,-0.05118,-0.0561,-0.05512,-0.05807,-0.05807,-0.05512,-0.0561,-0.05315
2023-05-23 10:43:18,-0.05118,2.51143,1.22062,0.0,0.0,-0.05118,-0.0502,-0.05118,-0.0561,-0.05512,-0.05807,-0.05807,-0.05512,-0.0561,-0.05315
2023-05-23 10:43:20,-0.05118,2.77175,1.28561,0.0,-1.0,-0.05118,-0.0502,-0.05118,-0.0561,-0.05512,-0.05807,-0.05807,-0.05512,-0.0561,-0.05315
2023-05-23 10:43:21,-0.05118,2.84094,1.28216,0.0,154.0,-0.05118,-0.0502,-0.05118,-0.0561,-0.05512,-0.05807,-0.05807,-0.05512,-0.0561,-0.05315
2023-05-23 10:43:23,-0.0502,2.75628,1.27332,-300.0,40.0,-0.0502,-0.0502,-0.05118,-0.0561,-0.05512,-0.05807,-0.05807,-0.05512,-0.0561,-0.05315
2023-05-23 10:43:25,-0.05118,1.40736,1.04681,-11797.0,10829.0,-0.05118,-0.0502,-0.05118,-0.0561,-0.05512,-0.05807,-0.05807,-0.05512,-0.0561,-0.05315
2023-05-23 10:43:27,-0.05217,1.46848,1.06059,0.0,100.0,-0.05217,-0.0502,-0.05118,-0.0561,-0.05512,-0.05807,-0.05807,-0.05512,-0.0561,-0.05315
2023-05-23 10:43:29,-0.05118,0.97172,0.91338,-18.0,-18.0,-0.05118,-0.0502,-0.05118,-0.0561,-0.05512,-0.05807,-0.05807,-0.05512,-0.0561,-0.05315
2023-05-23 10:43:31,-0.05118,0.93588,0.89524,-60.0,490.0,-0.05118,-0.0502,-0.05118,-0.0561,-0.05512,-0.05807,-0.05807,-0.05512,-0.0561,-0.05315
2023-05-23 10:43:33,-0.05118,0.89747,0.87901,2.0,0.0,-0.05118,-0.0502,-0.05118,-0.0561,-0.05512,-0.05807,-0.05807,-0.05512,-0.0561,-0.05315
2023-05-23 10:43:34,-0.05118,0.89941,0.87715,0.0,0.0,-0.05118,-0.0502,-0.05118,-0.0561,-0.05512,-0.05807,-0.05807,-0.05512,-0.0561,-0.05315
2023-05-23 10:43:36,-0.05118,0.90654,0.88134,20.0,0.0,-0.05118,-0.0502,-0.05118,-0.0561,-0.05512,-0.05807,-0.05807,-0.05512,-0.0561,-0.05315
2023-05-23 10:43:38,-0.05118,0.88684,0.87407,0.0,-179.0,-0.05118,-0.0502,-0.05118,-0.0561,-0.05512,-0.05807,-0.05807,-0.05512,-0.0561,-0.05315
2023-05-23 10:43:40,-0.04921,2.30523,1.13844,0.0,1841.0,-0.04921,-0.0502,-0.05118,-0.0561,-0.05512,-0.05807,-0.05807,-0.05512,-0.0561,-0.05315
2023-05-23 10:43:42,-0.04921,2.24622,1.13078,0.0,0.0,-0.04921,-0.0502,-0.05118,-0.0561,-0.05512,-0.05807,-0.05807,-0.05512,-0.0561,-0.05315
2023-05-23 10:43:44,-0.05118,2.1346,1.1161,0.0,-2.0,-0.05118,-0.0502,-0.05118,-0.0561,-0.05512,-0.05807,-0.05807,-0.05512,-0.0561,-0.05315
2023-05-23 10:43:46,-0.0502,1.29796,0.91864,6.0,1000.0,-0.0502,-0.0502,-0.05118,-0.0561,-0.05512,-0.05807,-0.05807,-0.05512,-0.0561,-0.05315
2023-05-23 10:43:47,-0.05118,1.35986,0.94108,6.0,0.0,-0.05118,-0.0502,-0.05118,-0.0561,-0.05512,-0.05807,-0.05807,-0.05512,-0.0561,-0.05315
2023-05-23 10:43:49,-0.05118,1.4003,0.95069,-207.0,0.0,-0.05118,-0.0502,-0.05118,-0.0561,-0.05512,-0.05807,-0.05807,-0.05512,-0.0561,-0.05315
2023-05-23 10:43:51,-0.0502,1.36911,0.93992,0.0,30.0,-0.0502,-0.0502,-0.05118,-0.0561,-0.05512,-0.05807,-0.05807,-0.05512,-0.0561,-0.05315
2023-05-23 10:43:53,-0.0502,2.63902,1.396,0.0,31.0,-0.0502,-0.0502,-0.05118,-0.0561,-0.05512,-0.05807,-0.05807,-0.05512,-0.0561,-0.05315
2023-05-23 10:43:55,-0.0502,2.54868,1.3699,6.0,0.0,-0.0502,-0.0502,-0.05118,-0.0561,-0.05512,-0.05807,-0.05807,-0.05512,-0.0561,-0.05315
2023-05-23 10:43:57,-0.04921,2.68753,1.37941,0.0,10.0,-0.04921,-0.0502,-0.05118,-0.0561,-0.05512,-0.05807,-0.05807,-0.05512,-0.0561,-0.05315
2023-05-23 10:43:59,-0.0502,2.68076,1.38142,0.0,-6.0,-0.0502,-0.0502,-0.05118,-0.0561,-0.05512,-0.05807,-0.05807,-0.05512,-0.0561,-0.05315
2023-05-23 10:44:01,-0.0502,2.08841,1.08875,0.0,9.0,-0.0502,-0.0502,-0.04921,-0.0502,-0.05118,-0.0561,-0.05512,-0.05807,-0.05807,-0.05512
2023-05-23 10:44:02,-0.0502,2.09809,1.09472,598.0,-207.0,-0.0502,-0.0502,-0.04921,-0.0502,-0.05118,-0.0561,-0.05512,-0.05807,-0.05807,-0.05512
2023-05-23 10:44:04,-0.05118,2.08824,1.09238,0.0,-5.0,-0.05118,-0.0502,-0.04921,-0.0502,-0.05118,-0.0561,-0.05512,-0.05807,-0.05807,-0.05512
2023-05-23 10:44:06,-0.05118,1.97845,1.06359,0.0,100.0,-0.05118,-0.0502,-0.04921,-0.0502,-0.05118,-0.0561,-0.05512,-0.05807,-0.05807,-0.05512
2023-05-23 10:44:08,-0.0502,1.94919,1.05343,0.0,0.0,-0.0502,-0.0502,-0.04921,-0.0502,-0.05118,-0.0561,-0.05512,-0.05807,-0.05807,-0.05512
2023-05-23 10:44:10,-0.05118,1.92822,1.05068,0.0,-60.0,-0.05118,-0.0502,-0.04921,-0.0502,-0.05118,-0.0561,-0.05512,-0.05807,-0.05807,-0.05512
2023-05-23 10:44:12,-0.05217,3.21839,1.23303,0.0,100.0,-0.05217,-0.0502,-0.04921,-0.0502,-0.05118,-0.0561,-0.05512,-0.05807,-0.05807,-0.05512
2023-05-23 10:44:13,-0.0502,3.15091,1.228,50.0,0.0,-0.0502,-0.0502,-0.04921,-0.0502,-0.05118,-0.0561,-0.05512,-0.05807,-0.05807,-0.05512
2023-05-23 10:44:15,-0.0502,2.9871,1.22918,0.0,200.0,-0.0502,-0.0502,-0.04921,-0.0502,-0.05118,-0.0561,-0.05512,-0.05807,-0.05807,-0.05512
2023-05-23 10:44:17,-0.05118,2.70775,1.20262,0.0,100.0,-0.05118,-0.0502,-0.04921,-0.0502,-0.05118,-0.0561,-0.05512,-0.05807,-0.05807,-0.05512
2023-05-23 10:44:19,-0.05118,1.24081,0.93077,0.0,0.0,-0.05118,-0.0502,-0.04921,-0.0502,-0.05118,-0.0561,-0.05512,-0.05807,-0.05807,-0.05512
2023-05-23 10:44:21,-0.05118,1.24142,0.91523,0.0,0.0,-0.05118,-0.0502,-0.04921,-0.0502,-0.05118,-0.0561,-0.05512,-0.05807,-0.05807,-0.05512
2023-05-23 10:44:23,-0.05217,1.24044,0.91996,-1.0,-1.0,-0.05217,-0.0502,-0.04921,-0.0502,-0.05118,-0.0561,-0.05512,-0.05807,-0.05807,-0.05512
2023-05-23 10:44:25,-0.05217,0.40705,0.76115,1500.0,0.0,-0.05217,-0.0502,-0.04921,-0.0502,-0.05118,-0.0561,-0.05512,-0.05807,-0.05807,-0.05512
2023-05-23 10:44:27,-0.05217,0.40719,0.76136,0.0,10.0,-0.05217,-0.0502,-0.04921,-0.0502,-0.05118,-0.0561,-0.05512,-0.05807,-0.05807,-0.05512
2023-05-23 10:44:28,-0.05217,0.51768,0.80563,0.0,2.0,-0.05217,-0.0502,-0.04921,-0.0502,-0.05118,-0.0561,-0.05512,-0.05807,-0.05807,-0.05512
2023-05-23 10:44:30,-0.05217,0.48875,0.79105,438.0,0.0,-0.05217,-0.0502,-0.04921,-0.0502,-0.05118,-0.0561,-0.05512,-0.05807,-0.05807,-0.05512
2023-05-23 10:44:32,-0.05217,0.49842,0.79863,0.0,-40.0,-0.05217,-0.0502,-0.04921,-0.0502,-0.05118,-0.0561,-0.05512,-0.05807,-0.05807,-0.05512
2023-05-23 10:44:34,-0.05315,0.5061,0.80452,0.0,-50.0,-0.05315,-0.0502,-0.04921,-0.0502,-0.05118,-0.0561,-0.05512,-0.05807,-0.05807,-0.05512
2023-05-23 10:44:36,-0.05217,0.50512,0.79947,0.0,0.0,-0.05217,-0.0502,-0.04921,-0.0502,-0.05118,-0.0561,-0.05512,-0.05807,-0.05807,-0.05512
2023-05-23 10:44:38,-0.05217,0.50017,0.79104,0.0,20.0,-0.05217,-0.0502,-0.04921,-0.0502,-0.05118,-0.0561,-0.05512,-0.05807,-0.05807,-0.05512
2023-05-23 10:44:40,-0.05315,0.50047,0.80303,-2735.0,-4735.0,-0.05315,-0.0502,-0.04921,-0.0502,-0.05118,-0.0561,-0.05512,-0.05807,-0.05807,-0.05512
2023-05-23 10:44:41,-0.05315,0.50353,0.81121,123.0,0.0,-0.05315,-0.0502,-0.04921,-0.0502,-0.05118,-0.0561,-0.05512,-0.05807,-0.05807,-0.05512
2023-05-23 10:44:43,-0.05217,0.51982,0.82414,0.0,3.0,-0.05217,-0.0502,-0.04921,-0.0502,-0.05118,-0.0561,-0.05512,-0.05807,-0.05807,-0.05512
2023-05-23 10:44:45,-0.05217,0.53166,0.83106,0.0,-10.0,-0.05217,-0.0502,-0.04921,-0.0502,-0.05118,-0.0561,-0.05512,-0.05807,-0.05807,-0.05512
2023-05-23 10:44:47,-0.05315,0.51193,0.82109,-1500.0,-79.0,-0.05315,-0.0502,-0.04921,-0.0502,-0.05118,-0.0561,-0.05512,-0.05807,-0.05807,-0.05512
2023-05-23 10:44:49,-0.05118,0.80377,0.8672,0.0,-20.0,-0.05118,-0.0502,-0.04921,-0.0502,-0.05118,-0.0561,-0.05512,-0.05807,-0.05807,-0.05512
2023-05-23 10:44:51,-0.05118,2.68126,1.09417,12158.0,-15287.0,-0.05118,-0.0502,-0.04921,-0.0502,-0.05118,-0.0561,-0.05512,-0.05807,-0.05807,-0.05512
2023-05-23 10:44:53,-0.05118,1.34827,0.90041,177.0,0.0,-0.05118,-0.0502,-0.04921,-0.0502,-0.05118,-0.0561,-0.05512,-0.05807,-0.05807,-0.05512
2023-05-23 10:44:55,-0.05118,1.38713,0.9096,1000.0,0.0,-0.05118,-0.0502,-0.04921,-0.0502,-0.05118,-0.0561,-0.05512,-0.05807,-0.05807,-0.05512
2023-05-23 10:44:56,-0.05217,1.38583,0.90984,0.0,-30.0,-0.05217,-0.0502,-0.04921,-0.0502,-0.05118,-0.0561,-0.05512,-0.05807,-0.05807,-0.05512
2023-05-23 10:44:58,-0.05217,1.3794,0.90778,0.0,0.0,-0.05217,-0.0502,-0.04921,-0.0502,-0.05118,-0.0561,-0.05512,-0.05807,-0.05807,-0.05512
2023-05-23 10:45:00,-0.05118,1.40331,0.91107,-4.0,0.0,-0.05118,-0.05118,-0.05217,-0.0502,-0.04921,-0.0502,-0.05118,-0.0561,-0.05512,-0.05807
2023-05-23 10:45:17,-0.05217,0.77009,0.90202,400.0,0.0,-0.05217,-0.05118,-0.05217,-0.0502,-0.04921,-0.0502,-0.05118,-0.0561,-0.05512,-0.05807
2023-05-23 10:45:19,-0.05315,0.77452,0.90403,0.0,1.0,-0.05315,-0.05118,-0.05217,-0.0502,-0.04921,-0.0502,-0.05118,-0.0561,-0.05512,-0.05807
2023-05-23 10:45:21,-0.05315,0.86117,0.94181,4.0,-507.0,-0.05315,-0.05118,-0.05217,-0.0502,-0.04921,-0.0502,-0.05118,-0.0561,-0.05512,-0.05807
2023-05-23 10:45:23,-0.05315,0.86747,0.94761,0.0,-282.0,-0.05315,-0.05118,-0.05217,-0.0502,-0.04921,-0.0502,-0.05118,-0.0561,-0.05512,-0.05807
2023-05-23 10:45:25,-0.05315,0.60892,0.78702,-20.0,0.0,-0.05315,-0.05118,-0.05217,-0.0502,-0.04921,-0.0502,-0.05118,-0.0561,-0.05512,-0.05807
2023-05-23 10:45:27,-0.05413,0.61487,0.79798,1034.0,0.0,-0.05413,-0.05118,-0.05217,-0.0502,-0.04921,-0.0502,-0.05118,-0.0561,-0.05512,-0.05807
2023-05-23 10:45:29,-0.05315,0.64195,0.80867,0.0,-200.0,-0.05315,-0.05118,-0.05217,-0.0502,-0.04921,-0.0502,-0.05118,-0.0561,-0.05512,-0.05807
2023-05-23 10:45:30,-0.05315,0.64177,0.80975,-207.0,0.0,-0.05315,-0.05118,-0.05217,-0.0502,-0.04921,-0.0502,-0.05118,-0.0561,-0.05512,-0.05807
2023-05-23 10:45:32,-0.05315,0.62656,0.80366,-5.0,-100.0,-0.05315,-0.05118,-0.05217,-0.0502,-0.04921,-0.0502,-0.05118,-0.0561,-0.05512,-0.05807
2023-05-23 10:45:34,-0.05315,0.62845,0.80114,-1.0,5.0,-0.05315,-0.05118,-0.05217,-0.0502,-0.04921,-0.0502,-0.05118,-0.0561,-0.05512,-0.05807
2023-05-23 10:45:36,-0.05413,0.65782,0.81385,0.0,1.0,-0.05413,-0.05118,-0.05217,-0.0502,-0.04921,-0.0502,-0.05118,-0.0561,-0.05512,-0.05807
2023-05-23 10:45:38,-0.05413,0.66843,0.81787,0.0,41.0,-0.05413,-0.05118,-0.05217,-0.0502,-0.04921,-0.0502,-0.05118,-0.0561,-0.05512,-0.05807
2023-05-23 10:45:40,-0.05413,0.6484,0.80887,0.0,170.0,-0.05413,-0.05118,-0.05217,-0.0502,-0.04921,-0.0502,-0.05118,-0.0561,-0.05512,-0.05807
2023-05-23 10:45:42,-0.05413,0.65675,0.81114,0.0,-591.0,-0.05413,-0.05118,-0.05217,-0.0502,-0.04921,-0.0502,-0.05118,-0.0561,-0.05512,-0.05807
2023-05-23 10:45:44,-0.05315,0.65864,0.81116,0.0,10.0,-0.05315,-0.05118,-0.05217,-0.0502,-0.04921,-0.0502,-0.05118,-0.0561,-0.05512,-0.05807
2023-05-23 10:45:45,-0.05413,0.65663,0.80983,0.0,0.0,-0.05413,-0.05118,-0.05217,-0.0502,-0.04921,-0.0502,-0.05118,-0.0561,-0.05512,-0.05807
2023-05-23 10:45:47,-0.05413,0.68461,0.82097,0.0,10.0,-0.05413,-0.05118,-0.05217,-0.0502,-0.04921,-0.0502,-0.05118,-0.0561,-0.05512,-0.05807
2023-05-23 10:45:49,-0.05413,0.684,0.8224,0.0,-3.0,-0.05413,-0.05118,-0.05217,-0.0502,-0.04921,-0.0502,-0.05118,-0.0561,-0.05512,-0.05807
2023-05-23 10:45:51,-0.05413,0.67406,0.81885,0.0,10.0,-0.05413,-0.05118,-0.05217,-0.0502,-0.04921,-0.0502,-0.05118,-0.0561,-0.05512,-0.05807
2023-05-23 10:45:53,-0.05315,0.67406,0.80698,-885.0,0.0,-0.05315,-0.05118,-0.05217,-0.0502,-0.04921,-0.0502,-0.05118,-0.0561,-0.05512,-0.05807
2023-05-23 10:45:55,-0.05413,0.40248,0.69931,-8448.0,8562.0,-0.05413,-0.05118,-0.05217,-0.0502,-0.04921,-0.0502,-0.05118,-0.0561,-0.05512,-0.05807
2023-05-23 10:45:56,-0.05413,0.41116,0.70269,0.0,0.0,-0.05413,-0.05118,-0.05217,-0.0502,-0.04921,-0.0502,-0.05118,-0.0561,-0.05512,-0.05807
2023-05-23 10:45:58,-0.05413,0.40857,0.70132,0.0,0.0,-0.05413,-0.05118,-0.05217,-0.0502,-0.04921,-0.0502,-0.05118,-0.0561,-0.05512,-0.05807
2023-05-23 10:46:00,-0.05413,0.4084,0.69843,-1.0,-885.0,-0.05413,-0.05512,-0.05512,-0.05118,-0.05217,-0.0502,-0.04921,-0.0502,-0.05118,-0.0561
2023-05-23 10:46:02,-0.05512,0.40824,0.69762,0.0,60.0,-0.05512,-0.05512,-0.05512,-0.05118,-0.05217,-0.0502,-0.04921,-0.0502,-0.05118,-0.0561
2023-05-23 10:46:04,-0.05413,0.40944,0.71744,0.0,-60.0,-0.05413,-0.05512,-0.05512,-0.05118,-0.05217,-0.0502,-0.04921,-0.0502,-0.05118,-0.0561
2023-05-23 10:46:06,-0.05512,0.42573,0.72406,0.0,0.0,-0.05512,-0.05512,-0.05512,-0.05118,-0.05217,-0.0502,-0.04921,-0.0502,-0.05118,-0.0561
2023-05-23 10:46:08,-0.05413,0.41846,0.72922,1000.0,0.0,-0.05413,-0.05512,-0.05512,-0.05118,-0.05217,-0.0502,-0.04921,-0.0502,-0.05118,-0.0561
2023-05-23 10:46:10,-0.05413,0.54894,0.78627,0.0,0.0,-0.05413,-0.05512,-0.05512,-0.05118,-0.05217,-0.0502,-0.04921,-0.0502,-0.05118,-0.0561
2023-05-23 10:46:11,-0.05512,0.54825,0.78598,0.0,1.0,-0.05512,-0.05512,-0.05512,-0.05118,-0.05217,-0.0502,-0.04921,-0.0502,-0.05118,-0.0561
2023-05-23 10:46:13,-0.05512,0.22453,0.51512,0.0,0.0,-0.05512,-0.05512,-0.05512,-0.05118,-0.05217,-0.0502,-0.04921,-0.0502,-0.05118,-0.0561
2023-05-23 10:46:15,-0.05512,0.22405,0.51526,4.0,0.0,-0.05512,-0.05512,-0.05512,-0.05118,-0.05217,-0.0502,-0.04921,-0.0502,-0.05118,-0.0561
2023-05-23 10:46:17,-0.05512,0.22893,0.51466,0.0,0.0,-0.05512,-0.05512,-0.05512,-0.05118,-0.05217,-0.0502,-0.04921,-0.0502,-0.05118,-0.0561
2023-05-23 10:46:19,-0.05512,0.23089,0.51509,100.0,0.0,-0.05512,-0.05512,-0.05512,-0.05118,-0.05217,-0.0502,-0.04921,-0.0502,-0.05118,-0.0561
2023-05-23 10:46:21,-0.05512,0.23359,0.5163,0.0,10.0,-0.05512,-0.05512,-0.05512,-0.05118,-0.05217,-0.0502,-0.04921,-0.0502,-0.05118,-0.0561
2023-05-23 10:46:23,-0.05512,0.34618,0.59229,0.0,53.0,-0.05512,-0.05512,-0.05512,-0.05118,-0.05217,-0.0502,-0.04921,-0.0502,-0.05118,-0.0561
2023-05-23 10:46:24,-0.05512,0.70132,0.80917,0.0,50.0,-0.05512,-0.05512,-0.05512,-0.05118,-0.05217,-0.0502,-0.04921,-0.0502,-0.05118,-0.0561
2023-05-23 10:46:26,-0.05413,0.7041,0.8116,-420.0,0.0,-0.05413,-0.05512,-0.05512,-0.05118,-0.05217,-0.0502,-0.04921,-0.0502,-0.05118,-0.0561
2023-05-23 10:46:28,-0.05413,0.68625,0.8063,0.0,-100.0,-0.05413,-0.05512,-0.05512,-0.05118,-0.05217,-0.0502,-0.04921,-0.0502,-0.05118,-0.0561
2023-05-23 10:46:30,-0.05413,0.68578,0.80617,1.0,0.0,-0.05413,-0.05512,-0.05512,-0.05118,-0.05217,-0.0502,-0.04921,-0.0502,-0.05118,-0.0561
2023-05-23 10:46:32,-0.05413,0.54186,0.77097,0.0,50.0,-0.05413,-0.05512,-0.05512,-0.05118,-0.05217,-0.0502,-0.04921,-0.0502,-0.05118,-0.0561
2023-05-23 10:46:34,-0.05413,0.53731,0.77044,0.0,0.0,-0.05413,-0.05512,-0.05512,-0.05118,-0.05217,-0.0502,-0.04921,-0.0502,-0.05118,-0.0561
2023-05-23 10:46:36,-0.05413,0.53764,0.77057,0.0,0.0,-0.05413,-0.05512,-0.05512,-0.05118,-0.05217,-0.0502,-0.04921,-0.0502,-0.05118,-0.0561
2023-05-23 10:46:38,-0.05413,0.53268,0.76882,0.0,0.0,-0.05413,-0.05512,-0.05512,-0.05118,-0.05217,-0.0502,-0.04921,-0.0502,-0.05118,-0.0561
2023-05-23 10:46:39,-0.05413,0.49394,0.75691,-894.0,200.0,-0.05413,-0.05512,-0.05512,-0.05118,-0.05217,-0.0502,-0.04921,-0.0502,-0.05118,-0.0561
2023-05-23 10:46:41,-0.05413,0.49374,0.75589,-1.0,0.0,-0.05413,-0.05512,-0.05512,-0.05118,-0.05217,-0.0502,-0.04921,-0.0502,-0.05118,-0.0561
2023-05-23 10:46:43,-0.05413,0.41309,0.73582,0.0,1000.0,-0.05413,-0.05512,-0.05512,-0.05118,-0.05217,-0.0502,-0.04921,-0.0502,-0.05118,-0.0561
2023-05-23 10:46:45,-0.05413,0.42657,0.73744,0.0,0.0,-0.05413,-0.05512,-0.05512,-0.05118,-0.05217,-0.0502,-0.04921,-0.0502,-0.05118,-0.0561
2023-05-23 10:46:47,-0.05413,0.42192,0.73553,-57.0,0.0,-0.05413,-0.05512,-0.05512,-0.05118,-0.05217,-0.0502,-0.04921,-0.0502,-0.05118,-0.0561
2023-05-23 10:46:49,-0.05512,0.42218,0.73561,0.0,1.0,-0.05512,-0.05512,-0.05512,-0.05118,-0.05217,-0.0502,-0.04921,-0.0502,-0.05118,-0.0561
2023-05-23 10:46:51,-0.05413,0.39618,0.72416,-120.0,0.0,-0.05413,-0.05512,-0.05512,-0.05118,-0.05217,-0.0502,-0.04921,-0.0502,-0.05118,-0.0561
2023-05-23 10:46:52,-0.05512,0.39629,0.7249,0.0,0.0,-0.05512,-0.05512,-0.05512,-0.05118,-0.05217,-0.0502,-0.04921,-0.0502,-0.05118,-0.0561
2023-05-23 10:46:54,-0.05413,0.39917,0.72575,-4186.0,9626.0,-0.05413,-0.05512,-0.05512,-0.05118,-0.05217,-0.0502,-0.04921,-0.0502,-0.05118,-0.0561
2023-05-23 10:46:56,-0.05413,0.39986,0.72566,0.0,3.0,-0.05413,-0.05512,-0.05512,-0.05118,-0.05217,-0.0502,-0.04921,-0.0502,-0.05118,-0.0561
2023-05-23 10:46:58,-0.05413,0.40526,0.72739,0.0,2.0,-0.05413,-0.05512,-0.05512,-0.05118,-0.05217,-0.0502,-0.04921,-0.0502,-0.05118,-0.0561
2023-05-23 10:47:00,-0.05512,0.40083,0.72443,0.0,12.0,-0.05512,-0.05512,-0.05512,-0.05512,-0.05512,-0.05118,-0.05217,-0.0502,-0.04921,-0.0502
2023-05-23 10:47:02,-0.05512,0.40233,0.72485,0.0,4.0,-0.05512,-0.05512,-0.05512,-0.05512,-0.05512,-0.05118,-0.05217,-0.0502,-0.04921,-0.0502
2023-05-23 10:47:03,-0.05512,0.36989,0.70582,0.0,10.0,-0.05512,-0.05512,-0.05512,-0.05512,-0.05512,-0.05118,-0.05217,-0.0502,-0.04921,-0.0502
2023-05-23 10:47:05,-0.05512,0.41335,0.72934,0.0,-3995.0,-0.05512,-0.05512,-0.05512,-0.05512,-0.05512,-0.05118,-0.05217,-0.0502,-0.04921,-0.0502
2023-05-23 10:47:07,-0.05512,0.39811,0.72132,0.0,0.0,-0.05512,-0.05512,-0.05512,-0.05512,-0.05512,-0.05118,-0.05217,-0.0502,-0.04921,-0.0502
2023-05-23 10:47:09,-0.05512,0.40471,0.71813,0.0,2.0,-0.05512,-0.05512,-0.05512,-0.05512,-0.05512,-0.05118,-0.05217,-0.0502,-0.04921,-0.0502
2023-05-23 10:47:11,-0.05512,0.39892,0.71513,0.0,-6.0,-0.05512,-0.05512,-0.05512,-0.05512,-0.05512,-0.05118,-0.05217,-0.0502,-0.04921,-0.0502
2023-05-23 10:47:13,-0.05512,0.28391,0.62308,0.0,1.0,-0.05512,-0.05512,-0.05512,-0.05512,-0.05512,-0.05118,-0.05217,-0.0502,-0.04921,-0.0502
2023-05-23 10:47:15,-0.0561,0.81287,0.68223,0.0,10.0,-0.0561,-0.05512,-0.05512,-0.05512,-0.05512,-0.05118,-0.05217,-0.0502,-0.04921,-0.0502
2023-05-23 10:47:16,-0.0561,0.28239,0.62218,0.0,10.0,-0.0561,-0.05512,-0.05512,-0.05512,-0.05512,-0.05118,-0.05217,-0.0502,-0.04921,-0.0502
2023-05-23 10:47:18,-0.0561,0.2779,0.62078,0.0,-1.0,-0.0561,-0.05512,-0.05512,-0.05512,-0.05512,-0.05118,-0.05217,-0.0502,-0.04921,-0.0502
2023-05-23 10:47:20,-0.0561,0.20435,0.6071,15.0,0.0,-0.0561,-0.05512,-0.05512,-0.05512,-0.05512,-0.05118,-0.05217,-0.0502,-0.04921,-0.0502
2023-05-23 10:47:22,-0.0561,0.20173,0.61066,0.0,-1050.0,-0.0561,-0.05512,-0.05512,-0.05512,-0.05512,-0.05118,-0.05217,-0.0502,-0.04921,-0.0502
2023-05-23 10:47:24,-0.05512,0.18859,0.60784,-10.0,0.0,-0.05512,-0.05512,-0.05512,-0.05512,-0.05512,-0.05118,-0.05217,-0.0502,-0.04921,-0.0502
2023-05-23 10:47:26,-0.05512,0.04054,0.49779,-2.0,0.0,-0.05512,-0.05512,-0.05512,-0.05512,-0.05512,-0.05118,-0.05217,-0.0502,-0.04921,-0.0502
2023-05-23 10:47:28,-0.0561,0.64976,0.59866,0.0,-131.0,-0.0561,-0.05512,-0.05512,-0.05512,-0.05512,-0.05118,-0.05217,-0.0502,-0.04921,-0.0502
2023-05-23 10:47:30,-0.05512,0.70352,0.60543,0.0,0.0,-0.05512,-0.05512,-0.05512,-0.05512,-0.05512,-0.05118,-0.05217,-0.0502,-0.04921,-0.0502
2023-05-23 10:47:31,-0.0561,0.68983,0.60977,0.0,-60.0,-0.0561,-0.05512,-0.05512,-0.05512,-0.05512,-0.05118,-0.05217,-0.0502,-0.04921,-0.0502
2023-05-23 10:47:33,-0.0561,0.34373,0.51844,0.0,0.0,-0.0561,-0.05512,-0.05512,-0.05512,-0.05512,-0.05118,-0.05217,-0.0502,-0.04921,-0.0502
2023-05-23 10:47:35,-0.0561,0.34294,0.51831,-10.0,0.0,-0.0561,-0.05512,-0.05512,-0.05512,-0.05512,-0.05118,-0.05217,-0.0502,-0.04921,-0.0502
2023-05-23 10:47:37,-0.0561,0.34832,0.51646,-500.0,0.0,-0.0561,-0.05512,-0.05512,-0.05512,-0.05512,-0.05118,-0.05217,-0.0502,-0.04921,-0.0502
2023-05-23 10:47:39,-0.05709,0.34273,0.57469,0.0,-580.0,-0.05709,-0.05512,-0.05512,-0.05512,-0.05512,-0.05118,-0.05217,-0.0502,-0.04921,-0.0502
2023-05-23 10:47:41,-0.05512,0.36186,0.52063,-7740.0,8561.0,-0.05512,-0.05512,-0.05512,-0.05512,-0.05512,-0.05118,-0.05217,-0.0502,-0.04921,-0.0502
2023-05-23 10:47:43,-0.0561,0.36202,0.52058,0.0,0.0,-0.0561,-0.05512,-0.05512,-0.05512,-0.05512,-0.05118,-0.05217,-0.0502,-0.04921,-0.0502
2023-05-23 10:47:44,-0.0561,0.36036,0.5128,-44.0,0.0,-0.0561,-0.05512,-0.05512,-0.05512,-0.05512,-0.05118,-0.05217,-0.0502,-0.04921,-0.0502
2023-05-23 10:47:46,-0.0561,0.37132,0.5161,-10.0,0.0,-0.0561,-0.05512,-0.05512,-0.05512,-0.05512,-0.05118,-0.05217,-0.0502,-0.04921,-0.0502
2023-05-23 10:47:48,-0.0561,0.3103,0.4844,-3.0,0.0,-0.0561,-0.05512,-0.05512,-0.05512,-0.05512,-0.05118,-0.05217,-0.0502,-0.04921,-0.0502
2023-05-23 10:47:50,-0.0561,0.31098,0.48465,-10.0,0.0,-0.0561,-0.05512,-0.05512,-0.05512,-0.05512,-0.05118,-0.05217,-0.0502,-0.04921,-0.0502
2023-05-23 10:47:52,-0.0561,0.33166,0.49111,0.0,276.0,-0.0561,-0.05512,-0.05512,-0.05512,-0.05512,-0.05118,-0.05217,-0.0502,-0.04921,-0.0502
2023-05-23 10:47:54,-0.05807,0.226,0.41424,-8491.0,26519.0,-0.05807,-0.05512,-0.05512,-0.05512,-0.05512,-0.05118,-0.05217,-0.0502,-0.04921,-0.0502
2023-05-23 10:47:56,-0.0561,0.3057,0.47759,121.0,0.0,-0.0561,-0.05512,-0.05512,-0.05512,-0.05512,-0.05118,-0.05217,-0.0502,-0.04921,-0.0502
2023-05-23 10:47:58,-0.05709,0.3178,0.48115,0.0,10.0,-0.05709,-0.05512,-0.05512,-0.05512,-0.05512,-0.05118,-0.05217,-0.0502,-0.04921,-0.0502
2023-05-23 10:47:59,-0.05512,0.32551,0.4811,0.0,10.0,-0.05512,-0.05512,-0.05512,-0.05512,-0.05512,-0.05118,-0.05217,-0.0502,-0.04921,-0.0502
2023-05-23 10:48:01,-0.0561,0.3167,0.47814,0.0,0.0,-0.0561,-0.0561,-0.05709,-0.05512,-0.05512,-0.05512,-0.05512,-0.05118,-0.05217,-0.0502
2023-05-23 10:48:03,-0.0561,0.30999,0.47481,0.0,0.0,-0.0561,-0.0561,-0.05709,-0.05512,-0.05512,-0.05512,-0.05512,-0.05118,-0.05217,-0.0502
2023-05-23 10:48:05,-0.0561,0.33807,0.4848,0.0,0.0,-0.0561,-0.0561,-0.05709,-0.05512,-0.05512,-0.05512,-0.05512,-0.05118,-0.05217,-0.0502
2023-05-23 10:48:07,-0.0561,0.33689,0.48448,0.0,5.0,-0.0561,-0.0561,-0.05709,-0.05512,-0.05512,-0.05512,-0.05512,-0.05118,-0.05217,-0.0502
2023-05-23 10:48:09,-0.0561,0.33596,0.48409,0.0,0.0,-0.0561,-0.0561,-0.05709,-0.05512,-0.05512,-0.05512,-0.05512,-0.05118,-0.05217,-0.0502
2023-05-23 10:48:10,-0.05709,0.34489,0.48853,0.0,30.0,-0.05709,-0.0561,-0.05709,-0.05512,-0.05512,-0.05512,-0.05512,-0.05118,-0.05217,-0.0502
2023-05-23 10:48:12,-0.0561,0.34674,0.48796,-10.0,0.0,-0.0561,-0.0561,-0.05709,-0.05512,-0.05512,-0.05512,-0.05512,-0.05118,-0.05217,-0.0502
2023-05-23 10:48:14,-0.05709,0.3599,0.49311,0.0,100.0,-0.05709,-0.0561,-0.05709,-0.05512,-0.05512,-0.05512,-0.05512,-0.05118,-0.05217,-0.0502
2023-05-23 10:48:16,-0.05709,0.13893,0.41399,-10.0,-148.0,-0.05709,-0.0561,-0.05709,-0.05512,-0.05512,-0.05512,-0.05512,-0.05118,-0.05217,-0.0502
2023-05-23 10:48:18,-0.0561,0.14208,0.42139,-10.0,0.0,-0.0561,-0.0561,-0.05709,-0.05512,-0.05512,-0.05512,-0.05512,-0.05118,-0.05217,-0.0502
2023-05-23 10:48:20,-0.0561,0.14469,0.42182,0.0,1.0,-0.0561,-0.0561,-0.05709,-0.05512,-0.05512,-0.05512,-0.05512,-0.05118,-0.05217,-0.0502
2023-05-23 10:48:21,-0.0561,0.12669,0.41511,0.0,0.0,-0.0561,-0.0561,-0.05709,-0.05512,-0.05512,-0.05512,-0.05512,-0.05118,-0.05217,-0.0502
2023-05-23 10:48:24,-0.0561,0.11533,0.41298,0.0,0.0,-0.0561,-0.0561,-0.05709,-0.05512,-0.05512,-0.05512,-0.05512,-0.05118,-0.05217,-0.0502
2023-05-23 10:48:27,-0.0561,0.08335,0.39648,0.0,0.0,-0.0561,-0.0561,-0.05709,-0.05512,-0.05512,-0.05512,-0.05512,-0.05118,-0.05217,-0.0502
2023-05-23 10:48:29,-0.0561,0.08718,0.39763,0.0,100.0,-0.0561,-0.0561,-0.05709,-0.05512,-0.05512,-0.05512,-0.05512,-0.05118,-0.05217,-0.0502
2023-05-23 10:48:31,-0.05709,0.08129,0.39557,0.0,-382.0,-0.05709,-0.0561,-0.05709,-0.05512,-0.05512,-0.05512,-0.05512,-0.05118,-0.05217,-0.0502
2023-05-23 10:48:33,-0.0561,0.09675,0.40166,0.0,1.0,-0.0561,-0.0561,-0.05709,-0.05512,-0.05512,-0.05512,-0.05512,-0.05118,-0.05217,-0.0502
2023-05-23 10:48:34,-0.0561,0.08515,0.39438,300.0,0.0,-0.0561,-0.0561,-0.05709,-0.05512,-0.05512,-0.05512,-0.05512,-0.05118,-0.05217,-0.0502
2023-05-23 10:48:36,-0.05709,0.28678,0.46805,0.0,-692.0,-0.05709,-0.0561,-0.05709,-0.05512,-0.05512,-0.05512,-0.05512,-0.05118,-0.05217,-0.0502
2023-05-23 10:48:38,-0.0561,0.17217,0.4332,0.0,0.0,-0.0561,-0.0561,-0.05709,-0.05512,-0.05512,-0.05512,-0.05512,-0.05118,-0.05217,-0.0502
2023-05-23 10:48:40,-0.0561,0.10413,0.40725,-2865.0,1000.0,-0.0561,-0.0561,-0.05709,-0.05512,-0.05512,-0.05512,-0.05512,-0.05118,-0.05217,-0.0502
2023-05-23 10:48:42,-0.05512,0.12597,0.45631,0.0,319.0,-0.05512,-0.0561,-0.05709,-0.05512,-0.05512,-0.05512,-0.05512,-0.05118,-0.05217,-0.0502
2023-05-23 10:48:44,-0.05512,0.12453,0.45545,-1.0,0.0,-0.05512,-0.0561,-0.05709,-0.05512,-0.05512,-0.05512,-0.05512,-0.05118,-0.05217,-0.0502
2023-05-23 10:48:46,-0.0561,0.11876,0.4504,0.0,9.0,-0.0561,-0.0561,-0.05709,-0.05512,-0.05512,-0.05512,-0.05512,-0.05118,-0.05217,-0.0502
2023-05-23 10:48:48,-0.05512,0.10092,0.44667,-1.0,0.0,-0.05512,-0.0561,-0.05709,-0.05512,-0.05512,-0.05512,-0.05512,-0.05118,-0.05217,-0.0502
2023-05-23 10:48:49,-0.05512,0.26235,0.67624,0.0,10.0,-0.05512,-0.0561,-0.05709,-0.05512,-0.05512,-0.05512,-0.05512,-0.05118,-0.05217,-0.0502
2023-05-23 10:48:51,-0.05413,0.1639,0.53381,0.0,3.0,-0.05413,-0.0561,-0.05709,-0.05512,-0.05512,-0.05512,-0.05512,-0.05118,-0.05217,-0.0502
2023-05-23 10:48:53,-0.05512,0.34001,0.70043,1500.0,100.0,-0.05512,-0.0561,-0.05709,-0.05512,-0.05512,-0.05512,-0.05512,-0.05118,-0.05217,-0.0502
2023-05-23 10:48:55,-0.05413,0.32177,0.6882,0.0,1300.0,-0.05413,-0.0561,-0.05709,-0.05512,-0.05512,-0.05512,-0.05512,-0.05118,-0.05217,-0.0502
2023-05-23 10:48:57,-0.05413,0.29847,0.677,-1.0,0.0,-0.05413,-0.0561,-0.05709,-0.05512,-0.05512,-0.05512,-0.05512,-0.05118,-0.05217,-0.0502
2023-05-23 10:48:59,-0.05413,0.29406,0.67574,-1.0,0.0,-0.05413,-0.0561,-0.05709,-0.05512,-0.05512,-0.05512,-0.05512,-0.05118,-0.05217,-0.0502
2023-05-23 10:49:01,-0.05512,0.31994,0.68697,0.0,-2318.0,-0.05512,-0.05413,-0.05512,-0.0561,-0.05709,-0.05512,-0.05512,-0.05512,-0.05512,-0.05118
2023-05-23 10:49:02,-0.05413,0.32723,0.68333,-1.0,0.0,-0.05413,-0.05413,-0.05512,-0.0561,-0.05709,-0.05512,-0.05512,-0.05512,-0.05512,-0.05118
2023-05-23 10:49:04,-0.05413,0.30067,0.68886,-1.0,0.0,-0.05413,-0.05413,-0.05512,-0.0561,-0.05709,-0.05512,-0.05512,-0.05512,-0.05512,-0.05118
2023-05-23 10:49:06,-0.05413,1.29971,0.8128,0.0,-1.0,-0.05413,-0.05413,-0.05512,-0.0561,-0.05709,-0.05512,-0.05512,-0.05512,-0.05512,-0.05118
2023-05-23 10:49:08,-0.05413,1.13927,0.75785,0.0,-1.0,-0.05413,-0.05413,-0.05512,-0.0561,-0.05709,-0.05512,-0.05512,-0.05512,-0.05512,-0.05118
2023-05-23 10:49:10,-0.05413,1.07612,0.75422,0.0,0.0,-0.05413,-0.05413,-0.05512,-0.0561,-0.05709,-0.05512,-0.05512,-0.05512,-0.05512,-0.05118
2023-05-23 10:49:12,-0.05413,1.04569,0.74907,0.0,-1.0,-0.05413,-0.05413,-0.05512,-0.0561,-0.05709,-0.05512,-0.05512,-0.05512,-0.05512,-0.05118
2023-05-23 10:49:14,-0.05315,1.05934,0.75074,-1.0,-40.0,-0.05315,-0.05413,-0.05512,-0.0561,-0.05709,-0.05512,-0.05512,-0.05512,-0.05512,-0.05118
2023-05-23 10:49:15,-0.05315,0.95678,0.70603,0.0,1900.0,-0.05315,-0.05413,-0.05512,-0.0561,-0.05709,-0.05512,-0.05512,-0.05512,-0.05512,-0.05118
2023-05-23 10:49:17,-0.05413,0.92486,0.70082,0.0,29.0,-0.05413,-0.05413,-0.05512,-0.0561,-0.05709,-0.05512,-0.05512,-0.05512,-0.05512,-0.05118
2023-05-23 10:49:19,-0.05413,0.92337,0.70063,0.0,0.0,-0.05413,-0.05413,-0.05512,-0.0561,-0.05709,-0.05512,-0.05512,-0.05512,-0.05512,-0.05118
2023-05-23 10:49:21,-0.05413,0.89102,0.69595,0.0,-1.0,-0.05413,-0.05413,-0.05512,-0.0561,-0.05709,-0.05512,-0.05512,-0.05512,-0.05512,-0.05118
2023-05-23 10:49:23,-0.05315,3.01061,0.88405,0.0,-1.0,-0.05315,-0.05413,-0.05512,-0.0561,-0.05709,-0.05512,-0.05512,-0.05512,-0.05512,-0.05118
2023-05-23 10:49:25,-0.05217,2.52816,0.87109,-1.0,0.0,-0.05217,-0.05413,-0.05512,-0.0561,-0.05709,-0.05512,-0.05512,-0.05512,-0.05512,-0.05118
2023-05-23 10:49:27,-0.05217,2.72251,0.88159,-1.0,3.0,-0.05217,-0.05413,-0.05512,-0.0561,-0.05709,-0.05512,-0.05512,-0.05512,-0.05512,-0.05118
2023-05-23 10:49:28,-0.05315,2.48004,0.86948,0.0,-15.0,-0.05315,-0.05413,-0.05512,-0.0561,-0.05709,-0.05512,-0.05512,-0.05512,-0.05512,-0.05118
2023-05-23 10:49:30,-0.05217,2.42586,0.82538,550.0,0.0,-0.05217,-0.05413,-0.05512,-0.0561,-0.05709,-0.05512,-0.05512,-0.05512,-0.05512,-0.05118
2023-05-23 10:49:32,-0.05315,1.37347,0.75276,0.0,0.0,-0.05315,-0.05413,-0.05512,-0.0561,-0.05709,-0.05512,-0.05512,-0.05512,-0.05512,-0.05118
2023-05-23 10:49:34,-0.05315,1.45036,0.75762,-1.0,0.0,-0.05315,-0.05413,-0.05512,-0.0561,-0.05709,-0.05512,-0.05512,-0.05512,-0.05512,-0.05118
2023-05-23 10:49:36,-0.05315,1.39687,0.76171,10.0,0.0,-0.05315,-0.05413,-0.05512,-0.0561,-0.05709,-0.05512,-0.05512,-0.05512,-0.05512,-0.05118
2023-05-23 10:49:38,-0.05413,0.36636,0.6234,-10.0,0.0,-0.05413,-0.05413,-0.05512,-0.0561,-0.05709,-0.05512,-0.05512,-0.05512,-0.05512,-0.05118
2023-05-23 10:49:40,-0.05413,0.35045,0.61713,-1.0,0.0,-0.05413,-0.05413,-0.05512,-0.0561,-0.05709,-0.05512,-0.05512,-0.05512,-0.05512,-0.05118
2023-05-23 10:49:41,-0.05512,0.33918,0.61615,0.0,-1.0,-0.05512,-0.05413,-0.05512,-0.0561,-0.05709,-0.05512,-0.05512,-0.05512,-0.05512,-0.05118
2023-05-23 10:49:43,-0.05512,0.34873,0.62045,0.0,10.0,-0.05512,-0.05413,-0.05512,-0.0561,-0.05709,-0.05512,-0.05512,-0.05512,-0.05512,-0.05118
2023-05-23 10:49:45,-0.05512,0.35694,0.62324,0.0,-1.0,-0.05512,-0.05413,-0.05512,-0.0561,-0.05709,-0.05512,-0.05512,-0.05512,-0.05512,-0.05118
2023-05-23 10:49:47,-0.05512,0.32736,0.60774,0.0,6.0,-0.05512,-0.05413,-0.05512,-0.0561,-0.05709,-0.05512,-0.05512,-0.05512,-0.05512,-0.05118
2023-05-23 10:49:49,-0.05512,0.2986,0.59529,0.0,-1.0,-0.05512,-0.05413,-0.05512,-0.0561,-0.05709,-0.05512,-0.05512,-0.05512,-0.05512,-0.05118
2023-05-23 10:49:51,-0.05512,0.2941,0.59047,0.0,-1.0,-0.05512,-0.05413,-0.05512,-0.0561,-0.05709,-0.05512,-0.05512,-0.05512,-0.05512,-0.05118
2023-05-23 10:49:53,-0.05413,0.29186,0.58973,-1.0,0.0,-0.05413,-0.05413,-0.05512,-0.0561,-0.05709,-0.05512,-0.05512,-0.05512,-0.05512,-0.05118
2023-05-23 10:49:54,-0.05413,0.30616,0.59944,-1.0,0.0,-0.05413,-0.05413,-0.05512,-0.0561,-0.05709,-0.05512,-0.05512,-0.05512,-0.05512,-0.05118
2023-05-23 10:49:56,-0.05512,0.31171,0.60089,100.0,-1.0,-0.05512,-0.05413,-0.05512,-0.0561,-0.05709,-0.05512,-0.05512,-0.05512,-0.05512,-0.05118
2023-05-23 10:49:58,-0.05512,0.30177,0.59719,0.0,-1.0,-0.05512,-0.05413,-0.05512,-0.0561,-0.05709,-0.05512,-0.05512,-0.05512,-0.05512,-0.05118
2023-05-23 10:50:00,-0.05512,0.28239,0.58689,0.0,-1.0,-0.05512,-0.05413,-0.05512,-0.05413,-0.05512,-0.0561,-0.05709,-0.05512,-0.05512,-0.05512
2023-05-23 10:50:02,-0.05512,0.28335,0.58805,0.0,-1.0,-0.05512,-0.05413,-0.05512,-0.05413,-0.05512,-0.0561,-0.05709,-0.05512,-0.05512,-0.05512
2023-05-23 10:50:04,-0.05512,0.28627,0.58977,0.0,-1.0,-0.05512,-0.05413,-0.05512,-0.05413,-0.05512,-0.0561,-0.05709,-0.05512,-0.05512,-0.05512
2023-05-23 10:50:06,-0.05315,0.76315,0.69206,0.0,207.0,-0.05315,-0.05413,-0.05512,-0.05413,-0.05512,-0.0561,-0.05709,-0.05512,-0.05512,-0.05512
2023-05-23 10:50:07,-0.05315,0.73002,0.68763,0.0,-1.0,-0.05315,-0.05413,-0.05512,-0.05413,-0.05512,-0.0561,-0.05709,-0.05512,-0.05512,-0.05512
2023-05-23 10:50:09,-0.05315,0.70007,0.68138,0.0,28.0,-0.05315,-0.05413,-0.05512,-0.05413,-0.05512,-0.0561,-0.05709,-0.05512,-0.05512,-0.05512
2023-05-23 10:50:11,-0.05315,0.6985,0.67874,0.0,1.0,-0.05315,-0.05413,-0.05512,-0.05413,-0.05512,-0.0561,-0.05709,-0.05512,-0.05512,-0.05512
2023-05-23 10:50:13,-0.05315,0.68998,0.67691,-1.0,0.0,-0.05315,-0.05413,-0.05512,-0.05413,-0.05512,-0.0561,-0.05709,-0.05512,-0.05512,-0.05512
2023-05-23 10:50:15,-0.05315,0.71216,0.68179,-1.0,0.0,-0.05315,-0.05413,-0.05512,-0.05413,-0.05512,-0.0561,-0.05709,-0.05512,-0.05512,-0.05512
2023-05-23 10:50:17,-0.05315,0.68267,0.67814,-1.0,0.0,-0.05315,-0.05413,-0.05512,-0.05413,-0.05512,-0.0561,-0.05709,-0.05512,-0.05512,-0.05512
2023-05-23 10:50:19,-0.05315,0.70838,0.68382,-1.0,0.0,-0.05315,-0.05413,-0.05512,-0.05413,-0.05512,-0.0561,-0.05709,-0.05512,-0.05512,-0.05512
2023-05-23 10:50:20,-0.05315,0.71089,0.68463,0.0,-1.0,-0.05315,-0.05413,-0.05512,-0.05413,-0.05512,-0.0561,-0.05709,-0.05512,-0.05512,-0.05512
2023-05-23 10:50:22,-0.05315,0.71802,0.686,0.0,0.0,-0.05315,-0.05413,-0.05512,-0.05413,-0.05512,-0.0561,-0.05709,-0.05512,-0.05512,-0.05512
2023-05-23 10:50:24,-0.05315,0.71094,0.68469,0.0,200.0,-0.05315,-0.05413,-0.05512,-0.05413,-0.05512,-0.0561,-0.05709,-0.05512,-0.05512,-0.05512
2023-05-23 10:50:26,-0.05315,0.70393,0.69213,1218.0,0.0,-0.05315,-0.05413,-0.05512,-0.05413,-0.05512,-0.0561,-0.05709,-0.05512,-0.05512,-0.05512
2023-05-23 10:50:28,-0.05217,1.88563,0.82029,0.0,-1.0,-0.05217,-0.05413,-0.05512,-0.05413,-0.05512,-0.0561,-0.05709,-0.05512,-0.05512,-0.05512
2023-05-23 10:50:30,-0.05315,1.78895,0.81358,0.0,-1.0,-0.05315,-0.05413,-0.05512,-0.05413,-0.05512,-0.0561,-0.05709,-0.05512,-0.05512,-0.05512
2023-05-23 10:50:32,-0.05217,1.59869,0.80323,0.0,422.0,-0.05217,-0.05413,-0.05512,-0.05413,-0.05512,-0.0561,-0.05709,-0.05512,-0.05512,-0.05512
2023-05-23 10:50:34,-0.05315,1.611,0.8046,-1.0,0.0,-0.05315,-0.05413,-0.05512,-0.05413,-0.05512,-0.0561,-0.05709,-0.05512,-0.05512,-0.05512
2023-05-23 10:50:35,-0.05217,1.66978,0.8082,-1.0,0.0,-0.05217,-0.05413,-0.05512,-0.05413,-0.05512,-0.0561,-0.05709,-0.05512,-0.05512,-0.05512
2023-05-23 10:50:37,-0.05217,1.57674,0.8011,-1.0,0.0,-0.05217,-0.05413,-0.05512,-0.05413,-0.05512,-0.0561,-0.05709,-0.05512,-0.05512,-0.05512
2023-05-23 10:50:39,-0.05217,1.46309,0.78319,1.0,0.0,-0.05217,-0.05413,-0.05512,-0.05413,-0.05512,-0.0561,-0.05709,-0.05512,-0.05512,-0.05512
2023-05-23 10:50:41,-0.05217,1.43077,0.78033,-1.0,0.0,-0.05217,-0.05413,-0.05512,-0.05413,-0.05512,-0.0561,-0.05709,-0.05512,-0.05512,-0.05512
2023-05-23 10:50:43,-0.05217,0.75732,0.68322,0.0,872.0,-0.05217,-0.05413,-0.05512,-0.05413,-0.05512,-0.0561,-0.05709,-0.05512,-0.05512,-0.05512
2023-05-23 10:50:45,-0.05217,0.73947,0.67851,0.0,1.0,-0.05217,-0.05413,-0.05512,-0.05413,-0.05512,-0.0561,-0.05709,-0.05512,-0.05512,-0.05512
2023-05-23 10:50:47,-0.05217,0.75401,0.68252,-1.0,0.0,-0.05217,-0.05413,-0.05512,-0.05413,-0.05512,-0.0561,-0.05709,-0.05512,-0.05512,-0.05512
2023-05-23 10:50:48,-0.05217,0.71463,0.68064,-1.0,0.0,-0.05217,-0.05413,-0.05512,-0.05413,-0.05512,-0.0561,-0.05709,-0.05512,-0.05512,-0.05512
2023-05-23 10:50:50,-0.05217,0.69775,0.67609,-1.0,200.0,-0.05217,-0.05413,-0.05512,-0.05413,-0.05512,-0.0561,-0.05709,-0.05512,-0.05512,-0.05512
2023-05-23 10:50:52,-0.05217,0.68874,0.67798,-5.0,0.0,-0.05217,-0.05413,-0.05512,-0.05413,-0.05512,-0.0561,-0.05709,-0.05512,-0.05512,-0.05512
2023-05-23 10:50:54,-0.05217,0.76808,0.7566,-1.0,71.0,-0.05217,-0.05413,-0.05512,-0.05413,-0.05512,-0.0561,-0.05709,-0.05512,-0.05512,-0.05512
2023-05-23 10:50:56,-0.05217,0.7557,0.75906,-1.0,0.0,-0.05217,-0.05413,-0.05512,-0.05413,-0.05512,-0.0561,-0.05709,-0.05512,-0.05512,-0.05512
2023-05-23 10:50:58,-0.05217,0.47976,0.6553,-357.0,0.0,-0.05217,-0.05413,-0.05512,-0.05413,-0.05512,-0.0561,-0.05709,-0.05512,-0.05512,-0.05512
2023-05-23 10:51:00,-0.05315,0.39942,0.61009,0.0,-23.0,-0.05315,-0.05217,-0.05315,-0.05413,-0.05512,-0.05413,-0.05512,-0.0561,-0.05709,-0.05512
2023-05-23 10:51:02,-0.05118,0.93776,0.72098,-1.0,-1.0,-0.05118,-0.05217,-0.05315,-0.05413,-0.05512,-0.05413,-0.05512,-0.0561,-0.05709,-0.05512
2023-05-23 10:51:03,-0.05217,0.94356,0.72504,0.0,50.0,-0.05217,-0.05217,-0.05315,-0.05413,-0.05512,-0.05413,-0.05512,-0.0561,-0.05709,-0.05512
2023-05-23 10:51:05,-0.05118,0.93892,0.72477,-1.0,0.0,-0.05118,-0.05217,-0.05315,-0.05413,-0.05512,-0.05413,-0.05512,-0.0561,-0.05709,-0.05512
2023-05-23 10:51:07,-0.05118,0.87104,0.74017,-1.0,100.0,-0.05118,-0.05217,-0.05315,-0.05413,-0.05512,-0.05413,-0.05512,-0.0561,-0.05709,-0.05512
2023-05-23 10:51:09,-0.05118,0.87365,0.74079,0.0,45.0,-0.05118,-0.05217,-0.05315,-0.05413,-0.05512,-0.05413,-0.05512,-0.0561,-0.05709,-0.05512
2023-05-23 10:51:11,-0.05118,0.87437,0.73864,-1.0,0.0,-0.05118,-0.05217,-0.05315,-0.05413,-0.05512,-0.05413,-0.05512,-0.0561,-0.05709,-0.05512
2023-05-23 10:51:13,-0.05217,0.87774,0.74101,0.0,-1.0,-0.05217,-0.05217,-0.05315,-0.05413,-0.05512,-0.05413,-0.05512,-0.0561,-0.05709,-0.05512
2023-05-23 10:51:15,-0.05217,0.89166,0.74428,0.0,-1.0,-0.05217,-0.05217,-0.05315,-0.05413,-0.05512,-0.05413,-0.05512,-0.0561,-0.05709,-0.05512
2023-05-23 10:51:16,-0.05217,0.88063,0.73887,0.0,-201.0,-0.05217,-0.05217,-0.05315,-0.05413,-0.05512,-0.05413,-0.05512,-0.0561,-0.05709,-0.05512
2023-05-23 10:51:18,-0.05217,0.87886,0.7378,0.0,-1.0,-0.05217,-0.05217,-0.05315,-0.05413,-0.05512,-0.05413,-0.05512,-0.0561,-0.05709,-0.05512
2023-05-23 10:51:20,-0.05217,0.88169,0.73808,-1.0,0.0,-0.05217,-0.05217,-0.05315,-0.05413,-0.05512,-0.05413,-0.05512,-0.0561,-0.05709,-0.05512
2023-05-23 10:51:22,-0.05118,1.04973,0.77152,-1.0,0.0,-0.05118,-0.05217,-0.05315,-0.05413,-0.05512,-0.05413,-0.05512,-0.0561,-0.05709,-0.05512
2023-05-23 10:51:24,-0.05118,0.98905,0.76013,-1.0,0.0,-0.05118,-0.05217,-0.05315,-0.05413,-0.05512,-0.05413,-0.05512,-0.0561,-0.05709,-0.05512
2023-05-23 10:51:26,-0.05118,0.94323,0.7484,-289.0,0.0,-0.05118,-0.05217,-0.05315,-0.05413,-0.05512,-0.05413,-0.05512,-0.0561,-0.05709,-0.05512
2023-05-23 10:51:28,-0.0502,1.97039,0.86166,-1.0,0.0,-0.0502,-0.05217,-0.05315,-0.05413,-0.05512,-0.05413,-0.05512,-0.0561,-0.05709,-0.05512
2023-05-23 10:51:29,-0.05118,1.98512,0.84711,0.0,1.0,-0.05118,-0.05217,-0.05315,-0.05413,-0.05512,-0.05413,-0.05512,-0.0561,-0.05709,-0.05512
2023-05-23 10:51:31,-0.0502,1.90732,0.82196,0.0,13.0,-0.0502,-0.05217,-0.05315,-0.05413,-0.05512,-0.05413,-0.05512,-0.0561,-0.05709,-0.05512
2023-05-23 10:51:34,-0.05118,1.88136,0.82161,-207.0,-1.0,-0.05118,-0.05217,-0.05315,-0.05413,-0.05512,-0.05413,-0.05512,-0.0561,-0.05709,-0.05512
2023-05-23 10:51:37,-0.0502,1.86965,0.82087,0.0,616.0,-0.0502,-0.05217,-0.05315,-0.05413,-0.05512,-0.05413,-0.05512,-0.0561,-0.05709,-0.05512
2023-05-23 10:51:39,-0.05118,1.7874,0.80626,-1.0,-1.0,-0.05118,-0.05217,-0.05315,-0.05413,-0.05512,-0.05413,-0.05512,-0.0561,-0.05709,-0.05512
2023-05-23 10:51:41,-0.0502,1.62757,0.78493,0.0,51.0,-0.0502,-0.05217,-0.05315,-0.05413,-0.05512,-0.05413,-0.05512,-0.0561,-0.05709,-0.05512
2023-05-23 10:51:42,-0.05118,1.5961,0.77854,-1.0,0.0,-0.05118,-0.05217,-0.05315,-0.05413,-0.05512,-0.05413,-0.05512,-0.0561,-0.05709,-0.05512
2023-05-23 10:51:44,-0.05118,1.62685,0.77687,716.0,-1.0,-0.05118,-0.05217,-0.05315,-0.05413,-0.05512,-0.05413,-0.05512,-0.0561,-0.05709,-0.05512
2023-05-23 10:51:46,-0.04921,1.84358,1.00329,-2.0,0.0,-0.04921,-0.05217,-0.05315,-0.05413,-0.05512,-0.05413,-0.05512,-0.0561,-0.05709,-0.05512
2023-05-23 10:51:48,-0.0502,1.72403,0.98366,0.0,-1.0,-0.0502,-0.05217,-0.05315,-0.05413,-0.05512,-0.05413,-0.05512,-0.0561,-0.05709,-0.05512
2023-05-23 10:51:50,-0.04921,1.69835,0.98304,-1.0,0.0,-0.04921,-0.05217,-0.05315,-0.05413,-0.05512,-0.05413,-0.05512,-0.0561,-0.05709,-0.05512
2023-05-23 10:51:52,-0.04921,1.82055,1.00558,1000.0,0.0,-0.04921,-0.05217,-0.05315,-0.05413,-0.05512,-0.05413,-0.05512,-0.0561,-0.05709,-0.05512
2023-05-23 10:51:53,-0.04921,1.78898,1.01938,-1.0,0.0,-0.04921,-0.05217,-0.05315,-0.05413,-0.05512,-0.05413,-0.05512,-0.0561,-0.05709,-0.05512
2023-05-23 10:51:55,-0.04921,1.77661,1.018,0.0,0.0,-0.04921,-0.05217,-0.05315,-0.05413,-0.05512,-0.05413,-0.05512,-0.0561,-0.05709,-0.05512
2023-05-23 10:51:57,-0.0502,1.74541,1.02128,0.0,-1.0,-0.0502,-0.05217,-0.05315,-0.05413,-0.05512,-0.05413,-0.05512,-0.0561,-0.05709,-0.05512
2023-05-23 10:51:59,-0.04921,1.51829,0.97427,1528.0,-1.0,-0.04921,-0.05217,-0.05315,-0.05413,-0.05512,-0.05413,-0.05512,-0.0561,-0.05709,-0.05512
2023-05-23 10:52:01,-0.04921,1.47957,0.95488,23.0,0.0,-0.04921,-0.04921,-0.04921,-0.05217,-0.05315,-0.05413,-0.05512,-0.05413,-0.05512,-0.0561
2023-05-23 10:52:03,-0.04921,1.44235,0.9369,-1.0,0.0,-0.04921,-0.04921,-0.04921,-0.05217,-0.05315,-0.05413,-0.05512,-0.05413,-0.05512,-0.0561
2023-05-23 10:52:05,-0.04921,1.43723,0.93989,-1.0,0.0,-0.04921,-0.04921,-0.04921,-0.05217,-0.05315,-0.05413,-0.05512,-0.05413,-0.05512,-0.0561
2023-05-23 10:52:07,-0.04921,2.10628,1.25192,0.0,468.0,-0.04921,-0.04921,-0.04921,-0.05217,-0.05315,-0.05413,-0.05512,-0.05413,-0.05512,-0.0561
2023-05-23 10:52:08,-0.04921,2.23936,1.24859,0.0,-1.0,-0.04921,-0.04921,-0.04921,-0.05217,-0.05315,-0.05413,-0.05512,-0.05413,-0.05512,-0.0561
2023-05-23 10:52:10,-0.04921,2.29592,1.2525,0.0,-1.0,-0.04921,-0.04921,-0.04921,-0.05217,-0.05315,-0.05413,-0.05512,-0.05413,-0.05512,-0.0561
2023-05-23 10:52:12,-0.04823,2.23082,1.23884,-300.0,-10.0,-0.04823,-0.04921,-0.04921,-0.05217,-0.05315,-0.05413,-0.05512,-0.05413,-0.05512,-0.0561
2023-05-23 10:52:14,-0.04823,2.18738,1.23276,0.0,101.0,-0.04823,-0.04921,-0.04921,-0.05217,-0.05315,-0.05413,-0.05512,-0.05413,-0.05512,-0.0561
2023-05-23 10:52:16,-0.04823,2.19487,1.23654,-1.0,0.0,-0.04823,-0.04921,-0.04921,-0.05217,-0.05315,-0.05413,-0.05512,-0.05413,-0.05512,-0.0561
2023-05-23 10:52:18,-0.04921,2.1186,1.21559,-1.0,0.0,-0.04921,-0.04921,-0.04921,-0.05217,-0.05315,-0.05413,-0.05512,-0.05413,-0.05512,-0.0561
2023-05-23 10:52:19,-0.04823,2.47458,1.28536,0.0,-1000.0,-0.04823,-0.04921,-0.04921,-0.05217,-0.05315,-0.05413,-0.05512,-0.05413,-0.05512,-0.0561
2023-05-23 10:52:21,-0.04823,2.36176,1.23415,0.0,-11.0,-0.04823,-0.04921,-0.04921,-0.05217,-0.05315,-0.05413,-0.05512,-0.05413,-0.05512,-0.0561
2023-05-23 10:52:23,-0.04823,2.30035,1.21463,0.0,-2.0,-0.04823,-0.04921,-0.04921,-0.05217,-0.05315,-0.05413,-0.05512,-0.05413,-0.05512,-0.0561
2023-05-23 10:52:25,-0.04823,2.0364,1.16934,196.0,0.0,-0.04823,-0.04921,-0.04921,-0.05217,-0.05315,-0.05413,-0.05512,-0.05413,-0.05512,-0.0561
2023-05-23 10:52:27,-0.04823,2.02846,1.15313,-100.0,3.0,-0.04823,-0.04921,-0.04921,-0.05217,-0.05315,-0.05413,-0.05512,-0.05413,-0.05512,-0.0561
2023-05-23 10:52:29,-0.04921,2.01075,1.15801,815.0,0.0,-0.04921,-0.04921,-0.04921,-0.05217,-0.05315,-0.05413,-0.05512,-0.05413,-0.05512,-0.0561
2023-05-23 10:52:31,-0.04921,2.01167,1.15439,0.0,-1.0,-0.04921,-0.04921,-0.04921,-0.05217,-0.05315,-0.05413,-0.05512,-0.05413,-0.05512,-0.0561
2023-05-23 10:52:33,-0.04823,1.88066,1.13565,3.0,10.0,-0.04823,-0.04921,-0.04921,-0.05217,-0.05315,-0.05413,-0.05512,-0.05413,-0.05512,-0.0561
2023-05-23 10:52:34,-0.04823,1.81601,1.10796,-101.0,0.0,-0.04823,-0.04921,-0.04921,-0.05217,-0.05315,-0.05413,-0.05512,-0.05413,-0.05512,-0.0561
2023-05-23 10:52:36,-0.04823,1.6793,1.07593,-155.0,-242.0,-0.04823,-0.04921,-0.04921,-0.05217,-0.05315,-0.05413,-0.05512,-0.05413,-0.05512,-0.0561
2023-05-23 10:52:38,-0.04823,1.51388,1.03818,-1.0,189.0,-0.04823,-0.04921,-0.04921,-0.05217,-0.05315,-0.05413,-0.05512,-0.05413,-0.05512,-0.0561
2023-05-23 10:52:40,-0.04921,1.5643,1.0472,0.0,-1.0,-0.04921,-0.04921,-0.04921,-0.05217,-0.05315,-0.05413,-0.05512,-0.05413,-0.05512,-0.0561
2023-05-23 10:52:42,-0.04823,1.84558,1.28788,17656.0,-8184.0,-0.04823,-0.04921,-0.04921,-0.05217,-0.05315,-0.05413,-0.05512,-0.05413,-0.05512,-0.0561
2023-05-23 10:52:44,-0.04823,1.83726,1.28774,0.0,0.0,-0.04823,-0.04921,-0.04921,-0.05217,-0.05315,-0.05413,-0.05512,-0.05413,-0.05512,-0.0561
2023-05-23 10:52:46,-0.04823,1.39319,1.00393,-498.0,-500.0,-0.04823,-0.04921,-0.04921,-0.05217,-0.05315,-0.05413,-0.05512,-0.05413,-0.05512,-0.0561
2023-05-23 10:52:48,-0.04823,1.76446,1.08759,-40.0,32.0,-0.04823,-0.04921,-0.04921,-0.05217,-0.05315,-0.05413,-0.05512,-0.05413,-0.05512,-0.0561
2023-05-23 10:52:49,-0.04921,2.41427,1.17771,0.0,20.0,-0.04921,-0.04921,-0.04921,-0.05217,-0.05315,-0.05413,-0.05512,-0.05413,-0.05512,-0.0561
2023-05-23 10:52:51,-0.04921,3.65413,1.32562,0.0,497.0,-0.04921,-0.04921,-0.04921,-0.05217,-0.05315,-0.05413,-0.05512,-0.05413,-0.05512,-0.0561
2023-05-23 10:52:53,-0.04921,3.601,1.31953,0.0,-109.0,-0.04921,-0.04921,-0.04921,-0.05217,-0.05315,-0.05413,-0.05512,-0.05413,-0.05512,-0.0561
2023-05-23 10:52:55,-0.04921,3.59571,1.32221,0.0,1.0,-0.04921,-0.04921,-0.04921,-0.05217,-0.05315,-0.05413,-0.05512,-0.05413,-0.05512,-0.0561
2023-05-23 10:52:57,-0.04921,2.40273,1.0322,0.0,0.0,-0.04921,-0.04921,-0.04921,-0.05217,-0.05315,-0.05413,-0.05512,-0.05413,-0.05512,-0.0561
2023-05-23 10:52:59,-0.0502,2.39503,1.03058,0.0,-30.0,-0.0502,-0.04921,-0.04921,-0.05217,-0.05315,-0.05413,-0.05512,-0.05413,-0.05512,-0.0561
2023-05-23 10:53:01,-0.04921,1.78027,0.91311,1.0,0.0,-0.04921,-0.04921,-0.0502,-0.04921,-0.04921,-0.05217,-0.05315,-0.05413,-0.05512,-0.05413
2023-05-23 10:53:02,-0.04921,2.87741,1.24448,0.0,-1.0,-0.04921,-0.04921,-0.0502,-0.04921,-0.04921,-0.05217,-0.05315,-0.05413,-0.05512,-0.05413
2023-05-23 10:53:04,-0.04921,1.80981,0.91266,1.0,0.0,-0.04921,-0.04921,-0.0502,-0.04921,-0.04921,-0.05217,-0.05315,-0.05413,-0.05512,-0.05413
2023-05-23 10:53:06,-0.04823,2.48942,1.03664,14776.0,0.0,-0.04823,-0.04921,-0.0502,-0.04921,-0.04921,-0.05217,-0.05315,-0.05413,-0.05512,-0.05413
2023-05-23 10:53:08,-0.04921,2.77911,1.18237,1.0,0.0,-0.04921,-0.04921,-0.0502,-0.04921,-0.04921,-0.05217,-0.05315,-0.05413,-0.05512,-0.05413
2023-05-23 10:53:10,-0.04921,2.78913,1.18502,100.0,0.0,-0.04921,-0.04921,-0.0502,-0.04921,-0.04921,-0.05217,-0.05315,-0.05413,-0.05512,-0.05413
2023-05-23 10:53:12,-0.04921,1.84789,0.89023,-5.0,10.0,-0.04921,-0.04921,-0.0502,-0.04921,-0.04921,-0.05217,-0.05315,-0.05413,-0.05512,-0.05413
2023-05-23 10:53:14,-0.04921,1.8411,0.89257,-30.0,1.0,-0.04921,-0.04921,-0.0502,-0.04921,-0.04921,-0.05217,-0.05315,-0.05413,-0.05512,-0.05413
2023-05-23 10:53:16,-0.04921,1.6176,0.87587,150.0,0.0,-0.04921,-0.04921,-0.0502,-0.04921,-0.04921,-0.05217,-0.05315,-0.05413,-0.05512,-0.05413
2023-05-23 10:53:17,-0.04921,1.5917,0.86815,0.0,-40.0,-0.04921,-0.04921,-0.0502,-0.04921,-0.04921,-0.05217,-0.05315,-0.05413,-0.05512,-0.05413
2023-05-23 10:53:19,-0.04921,1.65208,0.96679,141.0,0.0,-0.04921,-0.04921,-0.0502,-0.04921,-0.04921,-0.05217,-0.05315,-0.05413,-0.05512,-0.05413
2023-05-23 10:53:21,-0.04921,1.51261,0.93851,-20.0,0.0,-0.04921,-0.04921,-0.0502,-0.04921,-0.04921,-0.05217,-0.05315,-0.05413,-0.05512,-0.05413
2023-05-23 10:53:23,-0.04921,1.35323,0.91342,960.0,0.0,-0.04921,-0.04921,-0.0502,-0.04921,-0.04921,-0.05217,-0.05315,-0.05413,-0.05512,-0.05413
2023-05-23 10:53:25,-0.04921,1.39278,0.92336,50.0,0.0,-0.04921,-0.04921,-0.0502,-0.04921,-0.04921,-0.05217,-0.05315,-0.05413,-0.05512,-0.05413
2023-05-23 10:53:27,-0.04921,1.30711,0.913,40.0,1169.0,-0.04921,-0.04921,-0.0502,-0.04921,-0.04921,-0.05217,-0.05315,-0.05413,-0.05512,-0.05413
2023-05-23 10:53:29,-0.04921,1.99916,1.15217,11809.0,-11952.0,-0.04921,-0.04921,-0.0502,-0.04921,-0.04921,-0.05217,-0.05315,-0.05413,-0.05512,-0.05413
2023-05-23 10:53:31,-0.04823,1.99537,1.1433,0.0,0.0,-0.04823,-0.04921,-0.0502,-0.04921,-0.04921,-0.05217,-0.05315,-0.05413,-0.05512,-0.05413
2023-05-23 10:53:32,-0.04823,2.03051,1.14837,0.0,0.0,-0.04823,-0.04921,-0.0502,-0.04921,-0.04921,-0.05217,-0.05315,-0.05413,-0.05512,-0.05413
2023-05-23 10:53:34,-0.04823,2.06932,1.15743,-184.0,0.0,-0.04823,-0.04921,-0.0502,-0.04921,-0.04921,-0.05217,-0.05315,-0.05413,-0.05512,-0.05413
2023-05-23 10:53:36,-0.04823,1.91837,1.13209,0.0,1974.0,-0.04823,-0.04921,-0.0502,-0.04921,-0.04921,-0.05217,-0.05315,-0.05413,-0.05512,-0.05413
2023-05-23 10:53:38,-0.04823,1.93717,1.12416,0.0,1.0,-0.04823,-0.04921,-0.0502,-0.04921,-0.04921,-0.05217,-0.05315,-0.05413,-0.05512,-0.05413
2023-05-23 10:53:40,-0.04823,1.76463,1.09309,-32.0,-32.0,-0.04823,-0.04921,-0.0502,-0.04921,-0.04921,-0.05217,-0.05315,-0.05413,-0.05512,-0.05413
2023-05-23 10:53:42,-0.04823,1.70196,1.07405,-1.0,0.0,-0.04823,-0.04921,-0.0502,-0.04921,-0.04921,-0.05217,-0.05315,-0.05413,-0.05512,-0.05413
2023-05-23 10:53:44,-0.04823,1.64739,1.06291,-1009.0,0.0,-0.04823,-0.04921,-0.0502,-0.04921,-0.04921,-0.05217,-0.05315,-0.05413,-0.05512,-0.05413
2023-05-23 10:53:45,-0.04823,1.56846,1.03652,0.0,100.0,-0.04823,-0.04921,-0.0502,-0.04921,-0.04921,-0.05217,-0.05315,-0.05413,-0.05512,-0.05413
2023-05-23 10:53:47,-0.04823,1.52615,1.02333,-201.0,0.0,-0.04823,-0.04921,-0.0502,-0.04921,-0.04921,-0.05217,-0.05315,-0.05413,-0.05512,-0.05413
2023-05-23 10:53:49,-0.04724,1.62628,1.22958,-75.0,0.0,-0.04724,-0.04921,-0.0502,-0.04921,-0.04921,-0.05217,-0.05315,-0.05413,-0.05512,-0.05413
2023-05-23 10:53:51,-0.04724,1.58441,1.21624,0.0,0.0,-0.04724,-0.04921,-0.0502,-0.04921,-0.04921,-0.05217,-0.05315,-0.05413,-0.05512,-0.05413
2023-05-23 10:53:53,-0.04724,1.5865,1.22101,-137.0,0.0,-0.04724,-0.04921,-0.0502,-0.04921,-0.04921,-0.05217,-0.05315,-0.05413,-0.05512,-0.05413
2023-05-23 10:53:55,-0.04823,1.598,1.21906,0.0,-85.0,-0.04823,-0.04921,-0.0502,-0.04921,-0.04921,-0.05217,-0.05315,-0.05413,-0.05512,-0.05413
2023-05-23 10:53:57,-0.04823,1.61557,1.22318,4.0,0.0,-0.04823,-0.04921,-0.0502,-0.04921,-0.04921,-0.05217,-0.05315,-0.05413,-0.05512,-0.05413
2023-05-23 10:53:59,-0.04823,1.56896,1.21177,0.0,10.0,-0.04823,-0.04921,-0.0502,-0.04921,-0.04921,-0.05217,-0.05315,-0.05413,-0.05512,-0.05413
2023-05-23 10:54:01,-0.04823,1.67731,1.22896,0.0,70.0,-0.04823,-0.04823,-0.04823,-0.04921,-0.0502,-0.04921,-0.04921,-0.05217,-0.05315,-0.05413
2023-05-23 10:54:02,-0.04823,1.72508,1.24485,0.0,6.0,-0.04823,-0.04823,-0.04823,-0.04921,-0.0502,-0.04921,-0.04921,-0.05217,-0.05315,-0.05413
2023-05-23 10:54:04,-0.04823,1.74762,1.25094,0.0,5.0,-0.04823,-0.04823,-0.04823,-0.04921,-0.0502,-0.04921,-0.04921,-0.05217,-0.05315,-0.05413
2023-05-23 10:54:06,-0.04823,1.68423,1.07351,4.0,0.0,-0.04823,-0.04823,-0.04823,-0.04921,-0.0502,-0.04921,-0.04921,-0.05217,-0.05315,-0.05413
2023-05-23 10:54:08,-0.04921,2.10037,1.15237,0.0,0.0,-0.04921,-0.04823,-0.04823,-0.04921,-0.0502,-0.04921,-0.04921,-0.05217,-0.05315,-0.05413
2023-05-23 10:54:10,-0.0502,1.20165,0.85899,0.0,-240.0,-0.0502,-0.04823,-0.04823,-0.04921,-0.0502,-0.04921,-0.04921,-0.05217,-0.05315,-0.05413
2023-05-23 10:54:12,-0.0502,1.21427,0.86113,0.0,0.0,-0.0502,-0.04823,-0.04823,-0.04921,-0.0502,-0.04921,-0.04921,-0.05217,-0.05315,-0.05413
2023-05-23 10:54:14,-0.0502,1.21422,0.8611,0.0,3.0,-0.0502,-0.04823,-0.04823,-0.04921,-0.0502,-0.04921,-0.04921,-0.05217,-0.05315,-0.05413
2023-05-23 10:54:15,-0.0502,1.25428,0.87069,1.0,-517.0,-0.0502,-0.04823,-0.04823,-0.04921,-0.0502,-0.04921,-0.04921,-0.05217,-0.05315,-0.05413
2023-05-23 10:54:17,-0.0502,1.5744,0.92572,0.0,0.0,-0.0502,-0.04823,-0.04823,-0.04921,-0.0502,-0.04921,-0.04921,-0.05217,-0.05315,-0.05413
2023-05-23 10:54:19,-0.04921,1.72233,0.93739,1.0,0.0,-0.04921,-0.04823,-0.04823,-0.04921,-0.0502,-0.04921,-0.04921,-0.05217,-0.05315,-0.05413
2023-05-23 10:54:21,-0.04921,1.79602,0.95343,0.0,1.0,-0.04921,-0.04823,-0.04823,-0.04921,-0.0502,-0.04921,-0.04921,-0.05217,-0.05315,-0.05413
2023-05-23 10:54:23,-0.04921,1.86311,0.95872,0.0,8.0,-0.04921,-0.04823,-0.04823,-0.04921,-0.0502,-0.04921,-0.04921,-0.05217,-0.05315,-0.05413
2023-05-23 10:54:25,-0.04921,1.87507,0.95985,0.0,4.0,-0.04921,-0.04823,-0.04823,-0.04921,-0.0502,-0.04921,-0.04921,-0.05217,-0.05315,-0.05413
2023-05-23 10:54:27,-0.04921,1.89547,0.96924,350.0,0.0,-0.04921,-0.04823,-0.04823,-0.04921,-0.0502,-0.04921,-0.04921,-0.05217,-0.05315,-0.05413
2023-05-23 10:54:28,-0.04921,1.90821,0.97193,0.0,0.0,-0.04921,-0.04823,-0.04823,-0.04921,-0.0502,-0.04921,-0.04921,-0.05217,-0.05315,-0.05413
2023-05-23 10:54:30,-0.0502,1.96229,0.97446,100.0,0.0,-0.0502,-0.04823,-0.04823,-0.04921,-0.0502,-0.04921,-0.04921,-0.05217,-0.05315,-0.05413
2023-05-23 10:54:32,-0.04921,1.9551,0.97392,0.0,5.0,-0.04921,-0.04823,-0.04823,-0.04921,-0.0502,-0.04921,-0.04921,-0.05217,-0.05315,-0.05413
2023-05-23 10:54:34,-0.04921,1.87718,0.9664,0.0,20.0,-0.04921,-0.04823,-0.04823,-0.04921,-0.0502,-0.04921,-0.04921,-0.05217,-0.05315,-0.05413
2023-05-23 10:54:36,-0.0502,1.89729,0.96966,0.0,-207.0,-0.0502,-0.04823,-0.04823,-0.04921,-0.0502,-0.04921,-0.04921,-0.05217,-0.05315,-0.05413
2023-05-23 10:54:38,-0.0502,1.95629,0.98274,10.0,0.0,-0.0502,-0.04823,-0.04823,-0.04921,-0.0502,-0.04921,-0.04921,-0.05217,-0.05315,-0.05413
2023-05-23 10:54:40,-0.0502,1.95622,0.98318,59.0,0.0,-0.0502,-0.04823,-0.04823,-0.04921,-0.0502,-0.04921,-0.04921,-0.05217,-0.05315,-0.05413
2023-05-23 10:54:42,-0.04921,1.91098,0.96958,611.0,0.0,-0.04921,-0.04823,-0.04823,-0.04921,-0.0502,-0.04921,-0.04921,-0.05217,-0.05315,-0.05413
2023-05-23 10:54:44,-0.04921,1.86874,0.96318,0.0,145.0,-0.04921,-0.04823,-0.04823,-0.04921,-0.0502,-0.04921,-0.04921,-0.05217,-0.05315,-0.05413
2023-05-23 10:54:47,-0.0502,1.62932,0.95682,0.0,-622.0,-0.0502,-0.04823,-0.04823,-0.04921,-0.0502,-0.04921,-0.04921,-0.05217,-0.05315,-0.05413
2023-05-23 10:54:49,-0.04921,1.63201,0.95913,-20.0,0.0,-0.04921,-0.04823,-0.04823,-0.04921,-0.0502,-0.04921,-0.04921,-0.05217,-0.05315,-0.05413
2023-05-23 10:54:51,-0.04921,1.67178,0.96418,-2.0,-145.0,-0.04921,-0.04823,-0.04823,-0.04921,-0.0502,-0.04921,-0.04921,-0.05217,-0.05315,-0.05413
2023-05-23 10:54:53,-0.04921,1.74976,0.97115,0.0,0.0,-0.04921,-0.04823,-0.04823,-0.04921,-0.0502,-0.04921,-0.04921,-0.05217,-0.05315,-0.05413
2023-05-23 10:54:55,-0.04921,1.72292,0.96651,382.0,10.0,-0.04921,-0.04823,-0.04823,-0.04921,-0.0502,-0.04921,-0.04921,-0.05217,-0.05315,-0.05413
2023-05-23 10:54:56,-0.0502,2.03828,1.00622,0.0,0.0,-0.0502,-0.04823,-0.04823,-0.04921,-0.0502,-0.04921,-0.04921,-0.05217,-0.05315,-0.05413
2023-05-23 10:54:58,-0.0502,1.5905,0.73254,0.0,0.0,-0.0502,-0.04823,-0.04823,-0.04921,-0.0502,-0.04921,-0.04921,-0.05217,-0.05315,-0.05413
2023-05-23 10:55:00,-0.0502,1.59873,0.73407,200.0,0.0,-0.0502,-0.04823,-0.04823,-0.04823,-0.04823,-0.04921,-0.0502,-0.04921,-0.04921,-0.05217
2023-05-23 10:55:02,-0.0502,1.3066,0.68344,-5000.0,0.0,-0.0502,-0.0502,-0.0502,-0.04823,-0.04823,-0.04921,-0.0502,-0.04921,-0.04921,-0.05217
2023-05-23 10:55:04,-0.0502,1.34884,0.68438,0.0,-249.0,-0.0502,-0.0502,-0.0502,-0.04823,-0.04823,-0.04921,-0.0502,-0.04921,-0.04921,-0.05217
2023-05-23 10:55:06,-0.05118,1.38313,0.69394,20.0,-209.0,-0.05118,-0.0502,-0.0502,-0.04823,-0.04823,-0.04921,-0.0502,-0.04921,-0.04921,-0.05217
2023-05-23 10:55:08,-0.0502,1.62145,0.74176,-20.0,0.0,-0.0502,-0.0502,-0.0502,-0.04823,-0.04823,-0.04921,-0.0502,-0.04921,-0.04921,-0.05217
2023-05-23 10:55:10,-0.05118,0.57083,0.66777,7.0,50.0,-0.05118,-0.0502,-0.0502,-0.04823,-0.04823,-0.04921,-0.0502,-0.04921,-0.04921,-0.05217
2023-05-23 10:55:12,-0.05118,0.5569,0.66638,-2.0,0.0,-0.05118,-0.0502,-0.0502,-0.04823,-0.04823,-0.04921,-0.0502,-0.04921,-0.04921,-0.05217
2023-05-23 10:55:13,-0.05118,0.58226,0.67522,0.0,0.0,-0.05118,-0.0502,-0.0502,-0.04823,-0.04823,-0.04921,-0.0502,-0.04921,-0.04921,-0.05217
2023-05-23 10:55:15,-0.05217,0.61258,0.68289,-566.0,0.0,-0.05217,-0.0502,-0.0502,-0.04823,-0.04823,-0.04921,-0.0502,-0.04921,-0.04921,-0.05217
2023-05-23 10:55:17,-0.05217,0.26959,0.55174,0.0,4.0,-0.05217,-0.0502,-0.0502,-0.04823,-0.04823,-0.04921,-0.0502,-0.04921,-0.04921,-0.05217
2023-05-23 10:55:19,-0.05315,0.272,0.55223,0.0,-135.0,-0.05315,-0.0502,-0.0502,-0.04823,-0.04823,-0.04921,-0.0502,-0.04921,-0.04921,-0.05217
2023-05-23 10:55:21,-0.05217,0.63192,0.68667,0.0,-4.0,-0.05217,-0.0502,-0.0502,-0.04823,-0.04823,-0.04921,-0.0502,-0.04921,-0.04921,-0.05217
2023-05-23 10:55:23,-0.05217,0.6273,0.68586,0.0,-9.0,-0.05217,-0.0502,-0.0502,-0.04823,-0.04823,-0.04921,-0.0502,-0.04921,-0.04921,-0.05217
2023-05-23 10:55:25,-0.05217,0.25274,0.54078,0.0,0.0,-0.05217,-0.0502,-0.0502,-0.04823,-0.04823,-0.04921,-0.0502,-0.04921,-0.04921,-0.05217
2023-05-23 10:55:27,-0.05217,0.20033,0.51916,0.0,-4.0,-0.05217,-0.0502,-0.0502,-0.04823,-0.04823,-0.04921,-0.0502,-0.04921,-0.04921,-0.05217
2023-05-23 10:55:29,-0.05315,0.22731,0.52865,175.0,0.0,-0.05315,-0.0502,-0.0502,-0.04823,-0.04823,-0.04921,-0.0502,-0.04921,-0.04921,-0.05217
2023-05-23 10:55:31,-0.05217,0.22632,0.53046,-1.0,0.0,-0.05217,-0.0502,-0.0502,-0.04823,-0.04823,-0.04921,-0.0502,-0.04921,-0.04921,-0.05217
2023-05-23 10:55:33,-0.05315,0.22631,0.53205,0.0,20.0,-0.05315,-0.0502,-0.0502,-0.04823,-0.04823,-0.04921,-0.0502,-0.04921,-0.04921,-0.05217
2023-05-23 10:55:34,-0.05315,0.22323,0.52947,0.0,20.0,-0.05315,-0.0502,-0.0502,-0.04823,-0.04823,-0.04921,-0.0502,-0.04921,-0.04921,-0.05217
2023-05-23 10:55:36,-0.05217,0.22259,0.52894,0.0,5.0,-0.05217,-0.0502,-0.0502,-0.04823,-0.04823,-0.04921,-0.0502,-0.04921,-0.04921,-0.05217
2023-05-23 10:55:38,-0.05217,0.23007,0.53292,0.0,16.0,-0.05217,-0.0502,-0.0502,-0.04823,-0.04823,-0.04921,-0.0502,-0.04921,-0.04921,-0.05217
2023-05-23 10:55:40,-0.05217,0.22199,0.5291,0.0,5.0,-0.05217,-0.0502,-0.0502,-0.04823,-0.04823,-0.04921,-0.0502,-0.04921,-0.04921,-0.05217
2023-05-23 10:55:42,-0.05315,0.22303,0.52961,48.0,0.0,-0.05315,-0.0502,-0.0502,-0.04823,-0.04823,-0.04921,-0.0502,-0.04921,-0.04921,-0.05217
2023-05-23 10:55:44,-0.05217,0.21833,0.52818,-1.0,20.0,-0.05217,-0.0502,-0.0502,-0.04823,-0.04823,-0.04921,-0.0502,-0.04921,-0.04921,-0.05217
2023-05-23 10:55:46,-0.05217,0.22032,0.53032,0.0,0.0,-0.05217,-0.0502,-0.0502,-0.04823,-0.04823,-0.04921,-0.0502,-0.04921,-0.04921,-0.05217
2023-05-23 10:55:48,-0.05315,0.2248,0.52987,288.0,0.0,-0.05315,-0.0502,-0.0502,-0.04823,-0.04823,-0.04921,-0.0502,-0.04921,-0.04921,-0.05217
2023-05-23 10:55:49,-0.05315,0.23639,0.53391,0.0,102.0,-0.05315,-0.0502,-0.0502,-0.04823,-0.04823,-0.04921,-0.0502,-0.04921,-0.04921,-0.05217
2023-05-23 10:55:51,-0.05315,0.23689,0.53438,0.0,10.0,-0.05315,-0.0502,-0.0502,-0.04823,-0.04823,-0.04921,-0.0502,-0.04921,-0.04921,-0.05217
2023-05-23 10:55:53,-0.05315,0.22163,0.51739,0.0,-1.0,-0.05315,-0.0502,-0.0502,-0.04823,-0.04823,-0.04921,-0.0502,-0.04921,-0.04921,-0.05217
2023-05-23 10:55:55,-0.05315,0.22166,0.51776,0.0,1.0,-0.05315,-0.0502,-0.0502,-0.04823,-0.04823,-0.04921,-0.0502,-0.04921,-0.04921,-0.05217
2023-05-23 10:55:57,-0.05315,0.22467,0.52061,0.0,-1.0,-0.05315,-0.0502,-0.0502,-0.04823,-0.04823,-0.04921,-0.0502,-0.04921,-0.04921,-0.05217
2023-05-23 10:55:59,-0.05217,0.43924,0.62547,-5.0,0.0,-0.05217,-0.0502,-0.0502,-0.04823,-0.04823,-0.04921,-0.0502,-0.04921,-0.04921,-0.05217
2023-05-23 10:56:01,-0.05217,0.43903,0.62521,0.0,-1.0,-0.05217,-0.05217,-0.05217,-0.0502,-0.0502,-0.04823,-0.04823,-0.04921,-0.0502,-0.04921
2023-05-23 10:56:02,-0.05217,0.42863,0.62054,0.0,20.0,-0.05217,-0.05217,-0.05217,-0.0502,-0.0502,-0.04823,-0.04823,-0.04921,-0.0502,-0.04921
2023-05-23 10:56:04,-0.05217,0.43005,0.61649,0.0,0.0,-0.05217,-0.05217,-0.05217,-0.0502,-0.0502,-0.04823,-0.04823,-0.04921,-0.0502,-0.04921
2023-05-23 10:56:06,-0.05217,0.42534,0.61594,0.0,240.0,-0.05217,-0.05217,-0.05217,-0.0502,-0.0502,-0.04823,-0.04823,-0.04921,-0.0502,-0.04921
2023-05-23 10:56:08,-0.05217,0.48912,0.63691,0.0,-1123.0,-0.05217,-0.05217,-0.05217,-0.0502,-0.0502,-0.04823,-0.04823,-0.04921,-0.0502,-0.04921
2023-05-23 10:56:10,-0.05217,0.42161,0.61508,0.0,870.0,-0.05217,-0.05217,-0.05217,-0.0502,-0.0502,-0.04823,-0.04823,-0.04921,-0.0502,-0.04921
2023-05-23 10:56:12,-0.05118,0.42088,0.61975,0.0,40.0,-0.05118,-0.05217,-0.05217,-0.0502,-0.0502,-0.04823,-0.04823,-0.04921,-0.0502,-0.04921
2023-05-23 10:56:14,-0.05118,2.00581,0.75702,-730.0,0.0,-0.05118,-0.05217,-0.05217,-0.0502,-0.0502,-0.04823,-0.04823,-0.04921,-0.0502,-0.04921
2023-05-23 10:56:16,-0.05118,2.07849,0.76064,0.0,20.0,-0.05118,-0.05217,-0.05217,-0.0502,-0.0502,-0.04823,-0.04823,-0.04921,-0.0502,-0.04921
2023-05-23 10:56:17,-0.05118,2.20336,0.76647,0.0,3.0,-0.05118,-0.05217,-0.05217,-0.0502,-0.0502,-0.04823,-0.04823,-0.04921,-0.0502,-0.04921
2023-05-23 10:56:19,-0.05118,2.14941,0.76404,0.0,0.0,-0.05118,-0.05217,-0.05217,-0.0502,-0.0502,-0.04823,-0.04823,-0.04921,-0.0502,-0.04921
2023-05-23 10:56:21,-0.05217,0.85086,0.70037,0.0,-1.0,-0.05217,-0.05217,-0.05217,-0.0502,-0.0502,-0.04823,-0.04823,-0.04921,-0.0502,-0.04921
2023-05-23 10:56:23,-0.05217,0.43775,0.61823,265.0,0.0,-0.05217,-0.05217,-0.05217,-0.0502,-0.0502,-0.04823,-0.04823,-0.04921,-0.0502,-0.04921
2023-05-23 10:56:25,-0.05217,0.43248,0.61664,1.0,0.0,-0.05217,-0.05217,-0.05217,-0.0502,-0.0502,-0.04823,-0.04823,-0.04921,-0.0502,-0.04921
2023-05-23 10:56:27,-0.05118,0.42995,0.61653,0.0,-10.0,-0.05118,-0.05217,-0.05217,-0.0502,-0.0502,-0.04823,-0.04823,-0.04921,-0.0502,-0.04921
2023-05-23 10:56:29,-0.05217,0.42063,0.61341,0.0,-6.0,-0.05217,-0.05217,-0.05217,-0.0502,-0.0502,-0.04823,-0.04823,-0.04921,-0.0502,-0.04921
2023-05-23 10:56:30,-0.05118,0.40874,0.60801,0.0,0.0,-0.05118,-0.05217,-0.05217,-0.0502,-0.0502,-0.04823,-0.04823,-0.04921,-0.0502,-0.04921
2023-05-23 10:56:32,-0.05217,0.41016,0.60927,1.0,0.0,-0.05217,-0.05217,-0.05217,-0.0502,-0.0502,-0.04823,-0.04823,-0.04921,-0.0502,-0.04921
2023-05-23 10:56:34,-0.05217,0.41141,0.60957,40.0,-7.0,-0.05217,-0.05217,-0.05217,-0.0502,-0.0502,-0.04823,-0.04823,-0.04921,-0.0502,-0.04921
2023-05-23 10:56:36,-0.05118,0.40959,0.60934,-34.0,-34.0,-0.05118,-0.05217,-0.05217,-0.0502,-0.0502,-0.04823,-0.04823,-0.04921,-0.0502,-0.04921
2023-05-23 10:56:38,-0.05118,0.45605,0.62337,-94.0,0.0,-0.05118,-0.05217,-0.05217,-0.0502,-0.0502,-0.04823,-0.04823,-0.04921,-0.0502,-0.04921
2023-05-23 10:56:40,-0.05217,0.46058,0.62605,0.0,-10.0,-0.05217,-0.05217,-0.05217,-0.0502,-0.0502,-0.04823,-0.04823,-0.04921,-0.0502,-0.04921
2023-05-23 10:56:42,-0.05217,0.46315,0.62695,0.0,0.0,-0.05217,-0.05217,-0.05217,-0.0502,-0.0502,-0.04823,-0.04823,-0.04921,-0.0502,-0.04921
2023-05-23 10:56:43,-0.05217,0.45758,0.62484,-64.0,-1.0,-0.05217,-0.05217,-0.05217,-0.0502,-0.0502,-0.04823,-0.04823,-0.04921,-0.0502,-0.04921
2023-05-23 10:56:45,-0.05217,0.46422,0.62762,0.0,-632.0,-0.05217,-0.05217,-0.05217,-0.0502,-0.0502,-0.04823,-0.04823,-0.04921,-0.0502,-0.04921
2023-05-23 10:56:47,-0.05217,0.48033,0.63404,50.0,0.0,-0.05217,-0.05217,-0.05217,-0.0502,-0.0502,-0.04823,-0.04823,-0.04921,-0.0502,-0.04921
2023-05-23 10:56:49,-0.05118,0.48652,0.63657,-50.0,0.0,-0.05118,-0.05217,-0.05217,-0.0502,-0.0502,-0.04823,-0.04823,-0.04921,-0.0502,-0.04921
2023-05-23 10:56:51,-0.05217,0.20639,0.51849,100.0,0.0,-0.05217,-0.05217,-0.05217,-0.0502,-0.0502,-0.04823,-0.04823,-0.04921,-0.0502,-0.04921
2023-05-23 10:56:53,-0.05315,0.20609,0.51815,0.0,0.0,-0.05315,-0.05217,-0.05217,-0.0502,-0.0502,-0.04823,-0.04823,-0.04921,-0.0502,-0.04921
2023-05-23 10:56:55,-0.05315,0.20624,0.52281,0.0,0.0,-0.05315,-0.05217,-0.05217,-0.0502,-0.0502,-0.04823,-0.04823,-0.04921,-0.0502,-0.04921
2023-05-23 10:56:56,-0.05315,0.20654,0.52325,1.0,0.0,-0.05315,-0.05217,-0.05217,-0.0502,-0.0502,-0.04823,-0.04823,-0.04921,-0.0502,-0.04921
2023-05-23 10:56:58,-0.05315,0.21515,0.52663,463.0,0.0,-0.05315,-0.05217,-0.05217,-0.0502,-0.0502,-0.04823,-0.04823,-0.04921,-0.0502,-0.04921
2023-05-23 10:57:00,-0.05315,0.21346,0.5248,0.0,0.0,-0.05315,-0.05315,-0.05315,-0.05217,-0.05217,-0.0502,-0.0502,-0.04823,-0.04823,-0.04921
2023-05-23 10:57:02,-0.05217,0.20569,0.52175,51.0,0.0,-0.05217,-0.05315,-0.05315,-0.05217,-0.05217,-0.0502,-0.0502,-0.04823,-0.04823,-0.04921
2023-05-23 10:57:04,-0.05217,0.50782,0.65074,0.0,-1.0,-0.05217,-0.05315,-0.05315,-0.05217,-0.05217,-0.0502,-0.0502,-0.04823,-0.04823,-0.04921
2023-05-23 10:57:06,-0.05217,0.50783,0.65069,0.0,-10.0,-0.05217,-0.05315,-0.05315,-0.05217,-0.05217,-0.0502,-0.0502,-0.04823,-0.04823,-0.04921
2023-05-23 10:57:08,-0.05217,0.52095,0.65465,0.0,-1.0,-0.05217,-0.05315,-0.05315,-0.05217,-0.05217,-0.0502,-0.0502,-0.04823,-0.04823,-0.04921
2023-05-23 10:57:09,-0.05217,0.5158,0.65635,0.0,-1.0,-0.05217,-0.05315,-0.05315,-0.05217,-0.05217,-0.0502,-0.0502,-0.04823,-0.04823,-0.04921
2023-05-23 10:57:11,-0.05315,0.34171,0.59654,0.0,1.0,-0.05315,-0.05315,-0.05315,-0.05217,-0.05217,-0.0502,-0.0502,-0.04823,-0.04823,-0.04921
2023-05-23 10:57:13,-0.05217,0.54627,0.66246,0.0,-1.0,-0.05217,-0.05315,-0.05315,-0.05217,-0.05217,-0.0502,-0.0502,-0.04823,-0.04823,-0.04921
2023-05-23 10:57:15,-0.05217,0.54882,0.66321,100.0,0.0,-0.05217,-0.05315,-0.05315,-0.05217,-0.05217,-0.0502,-0.0502,-0.04823,-0.04823,-0.04921
2023-05-23 10:57:17,-0.05118,0.54219,0.66082,0.0,0.0,-0.05118,-0.05315,-0.05315,-0.05217,-0.05217,-0.0502,-0.0502,-0.04823,-0.04823,-0.04921
2023-05-23 10:57:19,-0.05217,0.5422,0.66068,0.0,30.0,-0.05217,-0.05315,-0.05315,-0.05217,-0.05217,-0.0502,-0.0502,-0.04823,-0.04823,-0.04921
2023-05-23 10:57:21,-0.05118,0.51949,0.6541,0.0,0.0,-0.05118,-0.05315,-0.05315,-0.05217,-0.05217,-0.0502,-0.0502,-0.04823,-0.04823,-0.04921
2023-05-23 10:57:22,-0.05118,0.49427,0.64461,0.0,33.0,-0.05118,-0.05315,-0.05315,-0.05217,-0.05217,-0.0502,-0.0502,-0.04823,-0.04823,-0.04921
2023-05-23 10:57:24,-0.05217,0.48519,0.64081,0.0,10.0,-0.05217,-0.05315,-0.05315,-0.05217,-0.05217,-0.0502,-0.0502,-0.04823,-0.04823,-0.04921
2023-05-23 10:57:26,-0.05217,0.49295,0.64386,0.0,-713.0,-0.05217,-0.05315,-0.05315,-0.05217,-0.05217,-0.0502,-0.0502,-0.04823,-0.04823,-0.04921
2023-05-23 10:57:28,-0.05118,0.34246,0.60243,-100.0,0.0,-0.05118,-0.05315,-0.05315,-0.05217,-0.05217,-0.0502,-0.0502,-0.04823,-0.04823,-0.04921
2023-05-23 10:57:30,-0.05217,0.30926,0.58876,20.0,0.0,-0.05217,-0.05315,-0.05315,-0.05217,-0.05217,-0.0502,-0.0502,-0.04823,-0.04823,-0.04921
2023-05-23 10:57:32,-0.0502,0.60405,0.66209,0.0,0.0,-0.0502,-0.05315,-0.05315,-0.05217,-0.05217,-0.0502,-0.0502,-0.04823,-0.04823,-0.04921
2023-05-23 10:57:34,-0.05217,0.96974,0.73281,0.0,18.0,-0.05217,-0.05315,-0.05315,-0.05217,-0.05217,-0.0502,-0.0502,-0.04823,-0.04823,-0.04921
2023-05-23 10:57:35,-0.05118,2.80673,0.79973,0.0,-3.0,-0.05118,-0.05315,-0.05315,-0.05217,-0.05217,-0.0502,-0.0502,-0.04823,-0.04823,-0.04921
2023-05-23 10:57:37,-0.05118,2.91824,0.83313,1.0,-212.0,-0.05118,-0.05315,-0.05315,-0.05217,-0.05217,-0.0502,-0.0502,-0.04823,-0.04823,-0.04921
2023-05-23 10:57:39,-0.05118,2.91395,0.8426,16.0,-1070.0,-0.05118,-0.05315,-0.05315,-0.05217,-0.05217,-0.0502,-0.0502,-0.04823,-0.04823,-0.04921
2023-05-23 10:57:41,-0.05118,0.55477,0.67347,0.0,0.0,-0.05118,-0.05315,-0.05315,-0.05217,-0.05217,-0.0502,-0.0502,-0.04823,-0.04823,-0.04921
2023-05-23 10:57:43,-0.05118,0.53377,0.66666,-1.0,0.0,-0.05118,-0.05315,-0.05315,-0.05217,-0.05217,-0.0502,-0.0502,-0.04823,-0.04823,-0.04921
2023-05-23 10:57:45,-0.05118,0.33126,0.60163,0.0,1.0,-0.05118,-0.05315,-0.05315,-0.05217,-0.05217,-0.0502,-0.0502,-0.04823,-0.04823,-0.04921
2023-05-23 10:57:47,-0.05118,0.32865,0.59757,0.0,0.0,-0.05118,-0.05315,-0.05315,-0.05217,-0.05217,-0.0502,-0.0502,-0.04823,-0.04823,-0.04921
2023-05-23 10:57:49,-0.05315,0.32371,0.59517,0.0,0.0,-0.05315,-0.05315,-0.05315,-0.05217,-0.05217,-0.0502,-0.0502,-0.04823,-0.04823,-0.04921
2023-05-23 10:57:50,-0.05118,0.32223,0.59434,-50.0,0.0,-0.05118,-0.05315,-0.05315,-0.05217,-0.05217,-0.0502,-0.0502,-0.04823,-0.04823,-0.04921
2023-05-23 10:57:52,-0.05315,0.50474,0.65367,0.0,1039.0,-0.05315,-0.05315,-0.05315,-0.05217,-0.05217,-0.0502,-0.0502,-0.04823,-0.04823,-0.04921
2023-05-23 10:57:55,-0.05217,0.20663,0.53455,0.0,0.0,-0.05217,-0.05315,-0.05315,-0.05217,-0.05217,-0.0502,-0.0502,-0.04823,-0.04823,-0.04921
2023-05-23 10:57:58,-0.05217,0.19553,0.51815,0.0,0.0,-0.05217,-0.05315,-0.05315,-0.05217,-0.05217,-0.0502,-0.0502,-0.04823,-0.04823,-0.04921
2023-05-23 10:58:00,-0.05217,0.19552,0.51815,-1.0,0.0,-0.05217,-0.05217,-0.05315,-0.05315,-0.05315,-0.05217,-0.05217,-0.0502,-0.0502,-0.04823
2023-05-23 10:58:02,-0.05217,0.19529,0.51793,20.0,10.0,-0.05217,-0.05217,-0.05315,-0.05315,-0.05315,-0.05217,-0.05217,-0.0502,-0.0502,-0.04823
2023-05-23 10:58:04,-0.05315,0.17902,0.51106,0.0,2.0,-0.05315,-0.05217,-0.05315,-0.05315,-0.05315,-0.05217,-0.05217,-0.0502,-0.0502,-0.04823
2023-05-23 10:58:05,-0.05217,0.17638,0.50971,0.0,100.0,-0.05217,-0.05217,-0.05315,-0.05315,-0.05315,-0.05217,-0.05217,-0.0502,-0.0502,-0.04823
2023-05-23 10:58:07,-0.05217,0.17501,0.50625,-118.0,0.0,-0.05217,-0.05217,-0.05315,-0.05315,-0.05315,-0.05217,-0.05217,-0.0502,-0.0502,-0.04823
2023-05-23 10:58:09,-0.05217,0.17717,0.50711,0.0,0.0,-0.05217,-0.05217,-0.05315,-0.05315,-0.05315,-0.05217,-0.05217,-0.0502,-0.0502,-0.04823
2023-05-23 10:58:11,-0.05217,0.16398,0.49047,0.0,0.0,-0.05217,-0.05217,-0.05315,-0.05315,-0.05315,-0.05217,-0.05217,-0.0502,-0.0502,-0.04823
2023-05-23 10:58:13,-0.05315,0.15423,0.48615,0.0,-7.0,-0.05315,-0.05217,-0.05315,-0.05315,-0.05315,-0.05217,-0.05217,-0.0502,-0.0502,-0.04823
2023-05-23 10:58:15,-0.05217,0.15506,0.48503,-30.0,0.0,-0.05217,-0.05217,-0.05315,-0.05315,-0.05315,-0.05217,-0.05217,-0.0502,-0.0502,-0.04823
2023-05-23 10:58:17,-0.05217,0.15481,0.48352,0.0,10.0,-0.05217,-0.05217,-0.05315,-0.05315,-0.05315,-0.05217,-0.05217,-0.0502,-0.0502,-0.04823
2023-05-23 10:58:18,-0.05315,0.15642,0.4778,0.0,2110.0,-0.05315,-0.05217,-0.05315,-0.05315,-0.05315,-0.05217,-0.05217,-0.0502,-0.0502,-0.04823
2023-05-23 10:58:20,-0.05315,0.15053,0.46892,0.0,100.0,-0.05315,-0.05217,-0.05315,-0.05315,-0.05315,-0.05217,-0.05217,-0.0502,-0.0502,-0.04823
2023-05-23 10:58:22,-0.05217,0.37098,0.57269,0.0,138.0,-0.05217,-0.05217,-0.05315,-0.05315,-0.05315,-0.05217,-0.05217,-0.0502,-0.0502,-0.04823
2023-05-23 10:58:24,-0.05217,0.37812,0.57511,500.0,0.0,-0.05217,-0.05217,-0.05315,-0.05315,-0.05315,-0.05217,-0.05217,-0.0502,-0.0502,-0.04823
2023-05-23 10:58:26,-0.05217,0.35202,0.55951,0.0,10.0,-0.05217,-0.05217,-0.05315,-0.05315,-0.05315,-0.05217,-0.05217,-0.0502,-0.0502,-0.04823
2023-05-23 10:58:28,-0.05217,0.15023,0.47328,0.0,1.0,-0.05217,-0.05217,-0.05315,-0.05315,-0.05315,-0.05217,-0.05217,-0.0502,-0.0502,-0.04823
2023-05-23 10:58:30,-0.05217,0.14953,0.47276,-10.0,0.0,-0.05217,-0.05217,-0.05315,-0.05315,-0.05315,-0.05217,-0.05217,-0.0502,-0.0502,-0.04823
2023-05-23 10:58:32,-0.05217,0.14905,0.46272,0.0,2.0,-0.05217,-0.05217,-0.05315,-0.05315,-0.05315,-0.05217,-0.05217,-0.0502,-0.0502,-0.04823
2023-05-23 10:58:33,-0.05217,0.35596,0.56806,9913.0,-13861.0,-0.05217,-0.05217,-0.05315,-0.05315,-0.05315,-0.05217,-0.05217,-0.0502,-0.0502,-0.04823
2023-05-23 10:58:35,-0.05217,0.14971,0.4611,-10.0,-1.0,-0.05217,-0.05217,-0.05315,-0.05315,-0.05315,-0.05217,-0.05217,-0.0502,-0.0502,-0.04823
2023-05-23 10:58:37,-0.05315,0.14977,0.46208,0.0,100.0,-0.05315,-0.05217,-0.05315,-0.05315,-0.05315,-0.05217,-0.05217,-0.0502,-0.0502,-0.04823
2023-05-23 10:58:39,-0.05217,0.15088,0.46399,0.0,442.0,-0.05217,-0.05217,-0.05315,-0.05315,-0.05315,-0.05217,-0.05217,-0.0502,-0.0502,-0.04823
2023-05-23 10:58:41,-0.05315,0.15095,0.46411,0.0,-45.0,-0.05315,-0.05217,-0.05315,-0.05315,-0.05315,-0.05217,-0.05217,-0.0502,-0.0502,-0.04823
2023-05-23 10:58:43,-0.05315,0.15175,0.46449,0.0,-1.0,-0.05315,-0.05217,-0.05315,-0.05315,-0.05315,-0.05217,-0.05217,-0.0502,-0.0502,-0.04823
2023-05-23 10:58:45,-0.05315,0.15169,0.46497,0.0,30.0,-0.05315,-0.05217,-0.05315,-0.05315,-0.05315,-0.05217,-0.05217,-0.0502,-0.0502,-0.04823
2023-05-23 10:58:46,-0.05315,0.14496,0.45494,0.0,-1.0,-0.05315,-0.05217,-0.05315,-0.05315,-0.05315,-0.05217,-0.05217,-0.0502,-0.0502,-0.04823
2023-05-23 10:58:48,-0.05217,0.14441,0.45449,0.0,0.0,-0.05217,-0.05217,-0.05315,-0.05315,-0.05315,-0.05217,-0.05217,-0.0502,-0.0502,-0.04823
2023-05-23 10:58:50,-0.05217,0.14435,0.45442,-2.0,0.0,-0.05217,-0.05217,-0.05315,-0.05315,-0.05315,-0.05217,-0.05217,-0.0502,-0.0502,-0.04823
2023-05-23 10:58:52,-0.05315,0.14383,0.45361,0.0,200.0,-0.05315,-0.05217,-0.05315,-0.05315,-0.05315,-0.05217,-0.05217,-0.0502,-0.0502,-0.04823
2023-05-23 10:58:54,-0.05217,0.1436,0.45352,0.0,1.0,-0.05217,-0.05217,-0.05315,-0.05315,-0.05315,-0.05217,-0.05217,-0.0502,-0.0502,-0.04823
2023-05-23 10:58:56,-0.05217,0.36545,0.57223,0.0,-50.0,-0.05217,-0.05217,-0.05315,-0.05315,-0.05315,-0.05217,-0.05217,-0.0502,-0.0502,-0.04823
2023-05-23 10:58:58,-0.05217,0.36592,0.57249,0.0,-20.0,-0.05217,-0.05217,-0.05315,-0.05315,-0.05315,-0.05217,-0.05217,-0.0502,-0.0502,-0.04823
2023-05-23 10:59:00,-0.05217,0.36623,0.57262,0.0,-1.0,-0.05217,-0.05217,-0.05315,-0.05315,-0.05315,-0.05217,-0.05217,-0.0502,-0.0502,-0.04823
2023-05-23 10:59:01,-0.05217,0.3534,0.56518,0.0,0.0,-0.05217,-0.05217,-0.05217,-0.05217,-0.05315,-0.05315,-0.05315,-0.05217,-0.05217,-0.0502
2023-05-23 10:59:03,-0.05217,0.34752,0.56203,0.0,2.0,-0.05217,-0.05217,-0.05217,-0.05217,-0.05315,-0.05315,-0.05315,-0.05217,-0.05217,-0.0502
2023-05-23 10:59:05,-0.05217,0.34762,0.56207,6.0,0.0,-0.05217,-0.05217,-0.05217,-0.05217,-0.05315,-0.05315,-0.05315,-0.05217,-0.05217,-0.0502
2023-05-23 10:59:07,-0.05217,0.34762,0.56207,0.0,-1.0,-0.05217,-0.05217,-0.05217,-0.05217,-0.05315,-0.05315,-0.05315,-0.05217,-0.05217,-0.0502
2023-05-23 10:59:09,-0.05217,0.34682,0.56159,0.0,200.0,-0.05217,-0.05217,-0.05217,-0.05217,-0.05315,-0.05315,-0.05315,-0.05217,-0.05217,-0.0502
2023-05-23 10:59:11,-0.05217,0.34715,0.56178,0.0,-1.0,-0.05217,-0.05217,-0.05217,-0.05217,-0.05315,-0.05315,-0.05315,-0.05217,-0.05217,-0.0502
2023-05-23 10:59:13,-0.05217,0.34824,0.56224,0.0,0.0,-0.05217,-0.05217,-0.05217,-0.05217,-0.05315,-0.05315,-0.05315,-0.05217,-0.05217,-0.0502
2023-05-23 10:59:14,-0.05217,0.34686,0.5614,0.0,0.0,-0.05217,-0.05217,-0.05217,-0.05217,-0.05315,-0.05315,-0.05315,-0.05217,-0.05217,-0.0502
2023-05-23 10:59:16,-0.05118,0.34892,0.56269,-10.0,0.0,-0.05118,-0.05217,-0.05217,-0.05217,-0.05315,-0.05315,-0.05315,-0.05217,-0.05217,-0.0502
2023-05-23 10:59:18,-0.05217,0.34952,0.56306,0.0,-1.0,-0.05217,-0.05217,-0.05217,-0.05217,-0.05315,-0.05315,-0.05315,-0.05217,-0.05217,-0.0502
2023-05-23 10:59:20,-0.05217,0.35059,0.56267,0.0,0.0,-0.05217,-0.05217,-0.05217,-0.05217,-0.05315,-0.05315,-0.05315,-0.05217,-0.05217,-0.0502
2023-05-23 10:59:22,-0.05217,0.50467,0.62251,0.0,-29.0,-0.05217,-0.05217,-0.05217,-0.05217,-0.05315,-0.05315,-0.05315,-0.05217,-0.05217,-0.0502
2023-05-23 10:59:24,-0.05118,0.50704,0.62248,-15.0,0.0,-0.05118,-0.05217,-0.05217,-0.05217,-0.05315,-0.05315,-0.05315,-0.05217,-0.05217,-0.0502
2023-05-23 10:59:25,-0.05118,0.51487,0.62523,-1.0,0.0,-0.05118,-0.05217,-0.05217,-0.05217,-0.05315,-0.05315,-0.05315,-0.05217,-0.05217,-0.0502
2023-05-23 10:59:27,-0.05217,0.51278,0.6245,0.0,62.0,-0.05217,-0.05217,-0.05217,-0.05217,-0.05315,-0.05315,-0.05315,-0.05217,-0.05217,-0.0502
2023-05-23 10:59:29,-0.05217,0.50916,0.62339,0.0,10.0,-0.05217,-0.05217,-0.05217,-0.05217,-0.05315,-0.05315,-0.05315,-0.05217,-0.05217,-0.0502
2023-05-23 10:59:31,-0.05217,0.51218,0.62435,100.0,0.0,-0.05217,-0.05217,-0.05217,-0.05217,-0.05315,-0.05315,-0.05315,-0.05217,-0.05217,-0.0502
2023-05-23 10:59:33,-0.05118,0.50115,0.6205,50.0,0.0,-0.05118,-0.05217,-0.05217,-0.05217,-0.05315,-0.05315,-0.05315,-0.05217,-0.05217,-0.0502
2023-05-23 10:59:35,-0.05217,0.50116,0.6205,0.0,0.0,-0.05217,-0.05217,-0.05217,-0.05217,-0.05315,-0.05315,-0.05315,-0.05217,-0.05217,-0.0502
2023-05-23 10:59:37,-0.05118,0.32527,0.5692,9760.0,0.0,-0.05118,-0.05217,-0.05217,-0.05217,-0.05315,-0.05315,-0.05315,-0.05217,-0.05217,-0.0502
2023-05-23 10:59:39,-0.05118,0.32712,0.56899,-1.0,0.0,-0.05118,-0.05217,-0.05217,-0.05217,-0.05315,-0.05315,-0.05315,-0.05217,-0.05217,-0.0502
2023-05-23 10:59:40,-0.05315,0.18958,0.50371,0.0,0.0,-0.05315,-0.05217,-0.05217,-0.05217,-0.05315,-0.05315,-0.05315,-0.05217,-0.05217,-0.0502
2023-05-23 10:59:42,-0.05315,0.47839,0.65408,0.0,14047.0,-0.05315,-0.05217,-0.05217,-0.05217,-0.05315,-0.05315,-0.05315,-0.05217,-0.05217,-0.0502
2023-05-23 10:59:44,-0.05315,0.46401,0.64762,0.0,0.0,-0.05315,-0.05217,-0.05217,-0.05217,-0.05315,-0.05315,-0.05315,-0.05217,-0.05217,-0.0502
2023-05-23 10:59:46,-0.05315,0.50784,0.7253,0.0,30.0,-0.05315,-0.05217,-0.05217,-0.05217,-0.05315,-0.05315,-0.05315,-0.05217,-0.05217,-0.0502
2023-05-23 10:59:48,-0.05315,0.48119,0.71262,-153.0,0.0,-0.05315,-0.05217,-0.05217,-0.05217,-0.05315,-0.05315,-0.05315,-0.05217,-0.05217,-0.0502
2023-05-23 10:59:50,-0.05118,0.45067,0.70304,-1500.0,0.0,-0.05118,-0.05217,-0.05217,-0.05217,-0.05315,-0.05315,-0.05315,-0.05217,-0.05217,-0.0502
2023-05-23 10:59:52,-0.05118,0.45061,0.70301,0.0,0.0,-0.05118,-0.05217,-0.05217,-0.05217,-0.05315,-0.05315,-0.05315,-0.05217,-0.05217,-0.0502
2023-05-23 10:59:53,-0.05217,0.43578,0.69487,0.0,1412.0,-0.05217,-0.05217,-0.05217,-0.05217,-0.05315,-0.05315,-0.05315,-0.05217,-0.05217,-0.0502
2023-05-23 10:59:55,-0.05217,0.43818,0.69566,0.0,5.0,-0.05217,-0.05217,-0.05217,-0.05217,-0.05315,-0.05315,-0.05315,-0.05217,-0.05217,-0.0502
2023-05-23 10:59:57,-0.05217,0.44201,0.69763,11.0,0.0,-0.05217,-0.05217,-0.05217,-0.05217,-0.05315,-0.05315,-0.05315,-0.05217,-0.05217,-0.0502
2023-05-23 10:59:59,-0.05217,0.44203,0.69765,0.0,-1.0,-0.05217,-0.05217,-0.05217,-0.05217,-0.05315,-0.05315,-0.05315,-0.05217,-0.05217,-0.0502
2023-05-23 11:00:01,-0.05217,0.44644,0.69994,0.0,20.0,-0.05217,-0.05217,-0.05217,-0.05217,-0.05217,-0.05217,-0.05315,-0.05315,-0.05315,-0.05217
2023-05-23 11:00:19,-0.05217,0.46368,0.70262,0.0,-1.0,-0.05217,-0.05217,-0.05217,-0.05217,-0.05217,-0.05217,-0.05315,-0.05315,-0.05315,-0.05217
2023-05-23 11:00:21,-0.05217,0.46707,0.70446,0.0,-311.0,-0.05217,-0.05217,-0.05217,-0.05217,-0.05217,-0.05217,-0.05315,-0.05315,-0.05315,-0.05217
2023-05-23 11:00:23,-0.05118,0.46695,0.70454,0.0,-20.0,-0.05118,-0.05217,-0.05217,-0.05217,-0.05217,-0.05217,-0.05315,-0.05315,-0.05315,-0.05217
2023-05-23 11:00:25,-0.05118,0.43945,0.66289,-1.0,5000.0,-0.05118,-0.05217,-0.05217,-0.05217,-0.05217,-0.05217,-0.05315,-0.05315,-0.05315,-0.05217
2023-05-23 11:00:27,-0.05217,0.43734,0.66196,0.0,470.0,-0.05217,-0.05217,-0.05217,-0.05217,-0.05217,-0.05217,-0.05315,-0.05315,-0.05315,-0.05217
2023-05-23 11:00:29,-0.05118,0.45522,0.66883,3.0,0.0,-0.05118,-0.05217,-0.05217,-0.05217,-0.05217,-0.05217,-0.05315,-0.05315,-0.05315,-0.05217
2023-05-23 11:00:31,-0.05118,0.45727,0.66964,0.0,-203.0,-0.05118,-0.05217,-0.05217,-0.05217,-0.05217,-0.05217,-0.05315,-0.05315,-0.05315,-0.05217
2023-05-23 11:00:32,-0.05118,0.45251,0.66631,0.0,-30.0,-0.05118,-0.05217,-0.05217,-0.05217,-0.05217,-0.05217,-0.05315,-0.05315,-0.05315,-0.05217
2023-05-23 11:00:34,-0.05118,0.45201,0.66657,100.0,0.0,-0.05118,-0.05217,-0.05217,-0.05217,-0.05217,-0.05217,-0.05315,-0.05315,-0.05315,-0.05217
2023-05-23 11:00:36,-0.05118,0.43893,0.6621,0.0,0.0,-0.05118,-0.05217,-0.05217,-0.05217,-0.05217,-0.05217,-0.05315,-0.05315,-0.05315,-0.05217
2023-05-23 11:00:38,-0.05118,0.42689,0.65688,1.0,0.0,-0.05118,-0.05217,-0.05217,-0.05217,-0.05217,-0.05217,-0.05315,-0.05315,-0.05315,-0.05217
2023-05-23 11:00:40,-0.05118,0.43478,0.65903,-5.0,0.0,-0.05118,-0.05217,-0.05217,-0.05217,-0.05217,-0.05217,-0.05315,-0.05315,-0.05315,-0.05217
2023-05-23 11:00:42,-0.05118,0.434,0.66459,0.0,80.0,-0.05118,-0.05217,-0.05217,-0.05217,-0.05217,-0.05217,-0.05315,-0.05315,-0.05315,-0.05217
2023-05-23 11:00:44,-0.05118,0.43396,0.66457,0.0,0.0,-0.05118,-0.05217,-0.05217,-0.05217,-0.05217,-0.05217,-0.05315,-0.05315,-0.05315,-0.05217
2023-05-23 11:00:46,-0.05118,0.43798,0.6667,0.0,-207.0,-0.05118,-0.05217,-0.05217,-0.05217,-0.05217,-0.05217,-0.05315,-0.05315,-0.05315,-0.05217
2023-05-23 11:00:48,-0.05118,0.44144,0.66799,0.0,100.0,-0.05118,-0.05217,-0.05217,-0.05217,-0.05217,-0.05217,-0.05315,-0.05315,-0.05315,-0.05217
2023-05-23 11:00:50,-0.05118,1.11653,0.8502,0.0,3.0,-0.05118,-0.05217,-0.05217,-0.05217,-0.05217,-0.05217,-0.05315,-0.05315,-0.05315,-0.05217
2023-05-23 11:00:52,-0.05118,0.46947,0.67928,0.0,0.0,-0.05118,-0.05217,-0.05217,-0.05217,-0.05217,-0.05217,-0.05315,-0.05315,-0.05315,-0.05217
2023-05-23 11:00:53,-0.05118,0.4608,0.68366,0.0,0.0,-0.05118,-0.05217,-0.05217,-0.05217,-0.05217,-0.05217,-0.05315,-0.05315,-0.05315,-0.05217
2023-05-23 11:00:55,-0.05118,0.46358,0.68568,0.0,-190.0,-0.05118,-0.05217,-0.05217,-0.05217,-0.05217,-0.05217,-0.05315,-0.05315,-0.05315,-0.05217
2023-05-23 11:00:57,-0.05118,0.46627,0.6873,0.0,0.0,-0.05118,-0.05217,-0.05217,-0.05217,-0.05217,-0.05217,-0.05315,-0.05315,-0.05315,-0.05217
2023-05-23 11:00:59,-0.05118,0.47204,0.68923,285.0,0.0,-0.05118,-0.05217,-0.05217,-0.05217,-0.05217,-0.05217,-0.05315,-0.05315,-0.05315,-0.05217
2023-05-23 11:01:01,-0.05118,1.12823,0.8621,0.0,0.0,-0.05118,-0.05118,-0.05217,-0.05217,-0.05217,-0.05217,-0.05217,-0.05217,-0.05315,-0.05315
2023-05-23 11:01:03,-0.05118,1.12223,0.86077,0.0,1.0,-0.05118,-0.05118,-0.05217,-0.05217,-0.05217,-0.05217,-0.05217,-0.05217,-0.05315,-0.05315
2023-05-23 11:01:05,-0.05118,1.12202,0.84578,0.0,0.0,-0.05118,-0.05118,-0.05217,-0.05217,-0.05217,-0.05217,-0.05217,-0.05217,-0.05315,-0.05315
2023-05-23 11:01:07,-0.05118,1.11768,0.84545,0.0,2.0,-0.05118,-0.05118,-0.05217,-0.05217,-0.05217,-0.05217,-0.05217,-0.05217,-0.05315,-0.05315
2023-05-23 11:01:08,-0.05118,1.1319,0.8485,0.0,0.0,-0.05118,-0.05118,-0.05217,-0.05217,-0.05217,-0.05217,-0.05217,-0.05217,-0.05315,-0.05315
2023-05-23 11:01:10,-0.05118,1.12346,0.84743,0.0,-100.0,-0.05118,-0.05118,-0.05217,-0.05217,-0.05217,-0.05217,-0.05217,-0.05217,-0.05315,-0.05315
2023-05-23 11:01:12,-0.0502,1.11806,0.84626,-1.0,0.0,-0.0502,-0.05118,-0.05217,-0.05217,-0.05217,-0.05217,-0.05217,-0.05217,-0.05315,-0.05315
2023-05-23 11:01:14,-0.05118,1.15773,0.85466,0.0,-38.0,-0.05118,-0.05118,-0.05217,-0.05217,-0.05217,-0.05217,-0.05217,-0.05217,-0.05315,-0.05315
2023-05-23 11:01:16,-0.05118,1.09201,0.84051,0.0,0.0,-0.05118,-0.05118,-0.05217,-0.05217,-0.05217,-0.05217,-0.05217,-0.05217,-0.05315,-0.05315
2023-05-23 11:01:18,-0.05118,1.13657,0.85023,0.0,-100.0,-0.05118,-0.05118,-0.05217,-0.05217,-0.05217,-0.05217,-0.05217,-0.05217,-0.05315,-0.05315
2023-05-23 11:01:20,-0.05118,1.16588,0.85633,0.0,-304.0,-0.05118,-0.05118,-0.05217,-0.05217,-0.05217,-0.05217,-0.05217,-0.05217,-0.05315,-0.05315
2023-05-23 11:01:21,-0.05118,0.4314,0.67117,0.0,0.0,-0.05118,-0.05118,-0.05217,-0.05217,-0.05217,-0.05217,-0.05217,-0.05217,-0.05315,-0.05315
2023-05-23 11:01:23,-0.0502,0.82081,0.75007,2.0,0.0,-0.0502,-0.05118,-0.05217,-0.05217,-0.05217,-0.05217,-0.05217,-0.05217,-0.05315,-0.05315
2023-05-23 11:01:25,-0.05118,0.43939,0.67393,-9893.0,15997.0,-0.05118,-0.05118,-0.05217,-0.05217,-0.05217,-0.05217,-0.05217,-0.05217,-0.05315,-0.05315
2023-05-23 11:01:27,-0.05118,0.4716,0.68474,332.0,0.0,-0.05118,-0.05118,-0.05217,-0.05217,-0.05217,-0.05217,-0.05217,-0.05217,-0.05315,-0.05315
2023-05-23 11:01:29,-0.05118,1.17708,0.85806,57.0,0.0,-0.05118,-0.05118,-0.05217,-0.05217,-0.05217,-0.05217,-0.05217,-0.05217,-0.05315,-0.05315
2023-05-23 11:01:31,-0.05118,1.17626,0.86042,0.0,0.0,-0.05118,-0.05118,-0.05217,-0.05217,-0.05217,-0.05217,-0.05217,-0.05217,-0.05315,-0.05315
2023-05-23 11:01:33,-0.05118,1.1715,0.85906,-1.0,0.0,-0.05118,-0.05118,-0.05217,-0.05217,-0.05217,-0.05217,-0.05217,-0.05217,-0.05315,-0.05315
2023-05-23 11:01:34,-0.05118,1.18464,0.86146,0.0,-332.0,-0.05118,-0.05118,-0.05217,-0.05217,-0.05217,-0.05217,-0.05217,-0.05217,-0.05315,-0.05315
2023-05-23 11:01:36,-0.05118,1.1704,0.85879,0.0,500.0,-0.05118,-0.05118,-0.05217,-0.05217,-0.05217,-0.05217,-0.05217,-0.05217,-0.05315,-0.05315
2023-05-23 11:01:38,-0.05118,1.16981,0.85859,1.0,0.0,-0.05118,-0.05118,-0.05217,-0.05217,-0.05217,-0.05217,-0.05217,-0.05217,-0.05315,-0.05315
2023-05-23 11:01:40,-0.0502,1.17011,0.86021,0.0,-19.0,-0.0502,-0.05118,-0.05217,-0.05217,-0.05217,-0.05217,-0.05217,-0.05217,-0.05315,-0.05315
2023-05-23 11:01:42,-0.0502,1.16393,0.85847,-168.0,0.0,-0.0502,-0.05118,-0.05217,-0.05217,-0.05217,-0.05217,-0.05217,-0.05217,-0.05315,-0.05315
2023-05-23 11:01:44,-0.05118,1.1656,0.85881,0.0,0.0,-0.05118,-0.05118,-0.05217,-0.05217,-0.05217,-0.05217,-0.05217,-0.05217,-0.05315,-0.05315
2023-05-23 11:01:46,-0.0502,1.14956,0.85436,-1.0,0.0,-0.0502,-0.05118,-0.05217,-0.05217,-0.05217,-0.05217,-0.05217,-0.05217,-0.05315,-0.05315
2023-05-23 11:01:47,-0.05118,1.13311,0.84957,-593.0,0.0,-0.05118,-0.05118,-0.05217,-0.05217,-0.05217,-0.05217,-0.05217,-0.05217,-0.05315,-0.05315
2023-05-23 11:01:49,-0.0502,1.13122,0.84198,0.0,0.0,-0.0502,-0.05118,-0.05217,-0.05217,-0.05217,-0.05217,-0.05217,-0.05217,-0.05315,-0.05315
2023-05-23 11:01:51,-0.0502,1.13118,0.83884,0.0,786.0,-0.0502,-0.05118,-0.05217,-0.05217,-0.05217,-0.05217,-0.05217,-0.05217,-0.05315,-0.05315
2023-05-23 11:01:53,-0.0502,1.11647,0.8345,0.0,0.0,-0.0502,-0.05118,-0.05217,-0.05217,-0.05217,-0.05217,-0.05217,-0.05217,-0.05315,-0.05315
2023-05-23 11:01:55,-0.0502,1.11198,0.83392,0.0,0.0,-0.0502,-0.05118,-0.05217,-0.05217,-0.05217,-0.05217,-0.05217,-0.05217,-0.05315,-0.05315
2023-05-23 11:01:57,-0.0502,1.08668,0.83646,593.0,0.0,-0.0502,-0.05118,-0.05217,-0.05217,-0.05217,-0.05217,-0.05217,-0.05217,-0.05315,-0.05315
2023-05-23 11:01:59,-0.05118,1.09215,0.83795,0.0,0.0,-0.05118,-0.05118,-0.05217,-0.05217,-0.05217,-0.05217,-0.05217,-0.05217,-0.05315,-0.05315
2023-05-23 11:02:00,-0.05118,1.09049,0.83795,0.0,-6.0,-0.05118,-0.05118,-0.05118,-0.05118,-0.05217,-0.05217,-0.05217,-0.05217,-0.05217,-0.05217
2023-05-23 11:02:02,-0.05118,1.09049,0.83795,0.0,-6.0,-0.05118,-0.05118,-0.05118,-0.05118,-0.05217,-0.05217,-0.05217,-0.05217,-0.05217,-0.05217
2023-05-23 11:02:04,-0.05118,0.99746,0.8176,0.0,10.0,-0.05118,-0.05118,-0.05118,-0.05118,-0.05217,-0.05217,-0.05217,-0.05217,-0.05217,-0.05217
2023-05-23 11:02:06,-0.0502,0.97204,0.80996,0.0,0.0,-0.0502,-0.05118,-0.05118,-0.05118,-0.05217,-0.05217,-0.05217,-0.05217,-0.05217,-0.05217
2023-05-23 11:02:08,-0.0502,0.96904,0.80919,0.0,0.0,-0.0502,-0.05118,-0.05118,-0.05118,-0.05217,-0.05217,-0.05217,-0.05217,-0.05217,-0.05217
2023-05-23 11:02:10,-0.0502,0.99411,0.81043,0.0,-20.0,-0.0502,-0.05118,-0.05118,-0.05118,-0.05217,-0.05217,-0.05217,-0.05217,-0.05217,-0.05217
2023-05-23 11:02:12,-0.0502,0.98899,0.80829,-414.0,-414.0,-0.0502,-0.05118,-0.05118,-0.05118,-0.05217,-0.05217,-0.05217,-0.05217,-0.05217,-0.05217
2023-05-23 11:02:14,-0.0502,0.97717,0.80328,0.0,0.0,-0.0502,-0.05118,-0.05118,-0.05118,-0.05217,-0.05217,-0.05217,-0.05217,-0.05217,-0.05217
2023-05-23 11:02:15,-0.0502,2.52403,1.17789,0.0,0.0,-0.0502,-0.05118,-0.05118,-0.05118,-0.05217,-0.05217,-0.05217,-0.05217,-0.05217,-0.05217
2023-05-23 11:02:17,-0.0502,2.35156,1.16063,0.0,110.0,-0.0502,-0.05118,-0.05118,-0.05118,-0.05217,-0.05217,-0.05217,-0.05217,-0.05217,-0.05217
2023-05-23 11:02:19,-0.04921,2.34186,1.15882,0.0,50.0,-0.04921,-0.05118,-0.05118,-0.05118,-0.05217,-0.05217,-0.05217,-0.05217,-0.05217,-0.05217
2023-05-23 11:02:21,-0.0502,2.26767,1.15607,0.0,621.0,-0.0502,-0.05118,-0.05118,-0.05118,-0.05217,-0.05217,-0.05217,-0.05217,-0.05217,-0.05217
2023-05-23 11:02:23,-0.0502,2.21436,1.15031,0.0,1.0,-0.0502,-0.05118,-0.05118,-0.05118,-0.05217,-0.05217,-0.05217,-0.05217,-0.05217,-0.05217
2023-05-23 11:02:25,-0.0502,2.11256,1.13894,0.0,93.0,-0.0502,-0.05118,-0.05118,-0.05118,-0.05217,-0.05217,-0.05217,-0.05217,-0.05217,-0.05217
2023-05-23 11:02:27,-0.04921,2.11256,1.13894,0.0,0.0,-0.04921,-0.05118,-0.05118,-0.05118,-0.05217,-0.05217,-0.05217,-0.05217,-0.05217,-0.05217
2023-05-23 11:02:29,-0.04921,2.16399,1.15365,6.0,-16.0,-0.04921,-0.05118,-0.05118,-0.05118,-0.05217,-0.05217,-0.05217,-0.05217,-0.05217,-0.05217
2023-05-23 11:02:30,-0.04921,2.1797,1.15821,-10.0,0.0,-0.04921,-0.05118,-0.05118,-0.05118,-0.05217,-0.05217,-0.05217,-0.05217,-0.05217,-0.05217
2023-05-23 11:02:32,-0.04921,2.11024,1.14694,-467.0,158.0,-0.04921,-0.05118,-0.05118,-0.05118,-0.05217,-0.05217,-0.05217,-0.05217,-0.05217,-0.05217
2023-05-23 11:02:34,-0.04921,1.86918,1.11538,0.0,2888.0,-0.04921,-0.05118,-0.05118,-0.05118,-0.05217,-0.05217,-0.05217,-0.05217,-0.05217,-0.05217
2023-05-23 11:02:36,-0.0502,1.91643,1.12209,0.0,-621.0,-0.0502,-0.05118,-0.05118,-0.05118,-0.05217,-0.05217,-0.05217,-0.05217,-0.05217,-0.05217
2023-05-23 11:02:38,-0.04921,1.99235,1.12985,-483.0,0.0,-0.04921,-0.05118,-0.05118,-0.05118,-0.05217,-0.05217,-0.05217,-0.05217,-0.05217,-0.05217
2023-05-23 11:02:40,-0.04921,2.01656,1.12779,0.0,25.0,-0.04921,-0.05118,-0.05118,-0.05118,-0.05217,-0.05217,-0.05217,-0.05217,-0.05217,-0.05217
2023-05-23 11:02:42,-0.0502,2.11142,1.13941,0.0,0.0,-0.0502,-0.05118,-0.05118,-0.05118,-0.05217,-0.05217,-0.05217,-0.05217,-0.05217,-0.05217
2023-05-23 11:02:43,-0.0502,2.02367,1.12874,0.0,-41.0,-0.0502,-0.05118,-0.05118,-0.05118,-0.05217,-0.05217,-0.05217,-0.05217,-0.05217,-0.05217
2023-05-23 11:02:45,-0.0502,2.02791,1.13527,100.0,0.0,-0.0502,-0.05118,-0.05118,-0.05118,-0.05217,-0.05217,-0.05217,-0.05217,-0.05217,-0.05217
2023-05-23 11:02:47,-0.04921,2.05919,1.1419,0.0,-600.0,-0.04921,-0.05118,-0.05118,-0.05118,-0.05217,-0.05217,-0.05217,-0.05217,-0.05217,-0.05217
2023-05-23 11:02:49,-0.04921,2.05919,1.1419,0.0,0.0,-0.04921,-0.05118,-0.05118,-0.05118,-0.05217,-0.05217,-0.05217,-0.05217,-0.05217,-0.05217
2023-05-23 11:02:51,-0.0502,2.0631,1.14193,0.0,50.0,-0.0502,-0.05118,-0.05118,-0.05118,-0.05217,-0.05217,-0.05217,-0.05217,-0.05217,-0.05217
2023-05-23 11:02:53,-0.0502,2.03473,1.13837,0.0,0.0,-0.0502,-0.05118,-0.05118,-0.05118,-0.05217,-0.05217,-0.05217,-0.05217,-0.05217,-0.05217
2023-05-23 11:02:54,-0.0502,2.00954,1.13514,0.0,-170.0,-0.0502,-0.05118,-0.05118,-0.05118,-0.05217,-0.05217,-0.05217,-0.05217,-0.05217,-0.05217
2023-05-23 11:02:56,-0.0502,1.98081,1.13138,0.0,1.0,-0.0502,-0.05118,-0.05118,-0.05118,-0.05217,-0.05217,-0.05217,-0.05217,-0.05217,-0.05217
2023-05-23 11:02:58,-0.04921,1.95317,1.12765,0.0,-1.0,-0.04921,-0.05118,-0.05118,-0.05118,-0.05217,-0.05217,-0.05217,-0.05217,-0.05217,-0.05217
2023-05-23 11:03:00,-0.04921,1.87141,1.1085,146.0,0.0,-0.04921,-0.04921,-0.04921,-0.05118,-0.05118,-0.05118,-0.05217,-0.05217,-0.05217,-0.05217
2023-05-23 11:03:02,-0.04921,1.91319,1.11835,0.0,-2.0,-0.04921,-0.04921,-0.04921,-0.05118,-0.05118,-0.05118,-0.05217,-0.05217,-0.05217,-0.05217
2023-05-23 11:03:04,-0.04921,1.90299,1.11611,0.0,0.0,-0.04921,-0.04921,-0.04921,-0.05118,-0.05118,-0.05118,-0.05217,-0.05217,-0.05217,-0.05217
2023-05-23 11:03:06,-0.0502,1.8735,1.09743,0.0,-1.0,-0.0502,-0.04921,-0.04921,-0.05118,-0.05118,-0.05118,-0.05217,-0.05217,-0.05217,-0.05217
2023-05-23 11:03:08,-0.0502,1.8735,1.09785,0.0,-20.0,-0.0502,-0.04921,-0.04921,-0.05118,-0.05118,-0.05118,-0.05217,-0.05217,-0.05217,-0.05217
2023-05-23 11:03:09,-0.04921,1.46212,1.03208,0.0,0.0,-0.04921,-0.04921,-0.04921,-0.05118,-0.05118,-0.05118,-0.05217,-0.05217,-0.05217,-0.05217
2023-05-23 11:03:11,-0.04921,1.46212,1.03367,0.0,0.0,-0.04921,-0.04921,-0.04921,-0.05118,-0.05118,-0.05118,-0.05217,-0.05217,-0.05217,-0.05217
2023-05-23 11:03:13,-0.04921,1.47698,1.03127,-1620.0,-1620.0,-0.04921,-0.04921,-0.04921,-0.05118,-0.05118,-0.05118,-0.05217,-0.05217,-0.05217,-0.05217
2023-05-23 11:03:15,-0.04921,1.46843,1.02938,-59.0,0.0,-0.04921,-0.04921,-0.04921,-0.05118,-0.05118,-0.05118,-0.05217,-0.05217,-0.05217,-0.05217
2023-05-23 11:03:17,-0.04921,2.00644,1.23414,-424.0,0.0,-0.04921,-0.04921,-0.04921,-0.05118,-0.05118,-0.05118,-0.05217,-0.05217,-0.05217,-0.05217
2023-05-23 11:03:19,-0.04724,2.25354,1.41215,-38.0,-200.0,-0.04724,-0.04921,-0.04921,-0.05118,-0.05118,-0.05118,-0.05217,-0.05217,-0.05217,-0.05217
2023-05-23 11:03:21,-0.04823,2.22993,1.40835,0.0,11.0,-0.04823,-0.04921,-0.04921,-0.05118,-0.05118,-0.05118,-0.05217,-0.05217,-0.05217,-0.05217
2023-05-23 11:03:23,-0.04724,2.21256,1.42143,0.0,0.0,-0.04724,-0.04921,-0.04921,-0.05118,-0.05118,-0.05118,-0.05217,-0.05217,-0.05217,-0.05217
2023-05-23 11:03:24,-0.04823,2.22028,1.42095,0.0,0.0,-0.04823,-0.04921,-0.04921,-0.05118,-0.05118,-0.05118,-0.05217,-0.05217,-0.05217,-0.05217
2023-05-23 11:03:27,-0.04724,2.03672,1.38786,0.0,413.0,-0.04724,-0.04921,-0.04921,-0.05118,-0.05118,-0.05118,-0.05217,-0.05217,-0.05217,-0.05217
2023-05-23 11:03:30,-0.04724,1.97147,1.36039,50.0,0.0,-0.04724,-0.04921,-0.04921,-0.05118,-0.05118,-0.05118,-0.05217,-0.05217,-0.05217,-0.05217
2023-05-23 11:03:32,-0.04724,1.96224,1.35573,-103.0,0.0,-0.04724,-0.04921,-0.04921,-0.05118,-0.05118,-0.05118,-0.05217,-0.05217,-0.05217,-0.05217
2023-05-23 11:03:34,-0.04724,1.95169,1.35397,0.0,165.0,-0.04724,-0.04921,-0.04921,-0.05118,-0.05118,-0.05118,-0.05217,-0.05217,-0.05217,-0.05217
2023-05-23 11:03:36,-0.04724,1.90065,1.36015,-80.0,0.0,-0.04724,-0.04921,-0.04921,-0.05118,-0.05118,-0.05118,-0.05217,-0.05217,-0.05217,-0.05217
2023-05-23 11:03:38,-0.04724,1.80861,1.33765,0.0,10.0,-0.04724,-0.04921,-0.04921,-0.05118,-0.05118,-0.05118,-0.05217,-0.05217,-0.05217,-0.05217
2023-05-23 11:03:39,-0.04724,1.80445,1.33675,0.0,0.0,-0.04724,-0.04921,-0.04921,-0.05118,-0.05118,-0.05118,-0.05217,-0.05217,-0.05217,-0.05217
2023-05-23 11:03:41,-0.04724,1.82625,1.33984,70.0,0.0,-0.04724,-0.04921,-0.04921,-0.05118,-0.05118,-0.05118,-0.05217,-0.05217,-0.05217,-0.05217
2023-05-23 11:03:43,-0.04823,1.83175,1.341,0.0,-179.0,-0.04823,-0.04921,-0.04921,-0.05118,-0.05118,-0.05118,-0.05217,-0.05217,-0.05217,-0.05217
2023-05-23 11:03:45,-0.04724,1.82392,1.3388,1.0,0.0,-0.04724,-0.04921,-0.04921,-0.05118,-0.05118,-0.05118,-0.05217,-0.05217,-0.05217,-0.05217
2023-05-23 11:03:47,-0.04724,1.77853,1.32902,0.0,602.0,-0.04724,-0.04921,-0.04921,-0.05118,-0.05118,-0.05118,-0.05217,-0.05217,-0.05217,-0.05217
2023-05-23 11:03:49,-0.04823,1.76699,1.34598,2.0,0.0,-0.04823,-0.04921,-0.04921,-0.05118,-0.05118,-0.05118,-0.05217,-0.05217,-0.05217,-0.05217
2023-05-23 11:03:51,-0.04724,1.75565,1.336,1.0,0.0,-0.04724,-0.04921,-0.04921,-0.05118,-0.05118,-0.05118,-0.05217,-0.05217,-0.05217,-0.05217
2023-05-23 11:03:52,-0.04724,1.70538,1.32559,0.0,0.0,-0.04724,-0.04921,-0.04921,-0.05118,-0.05118,-0.05118,-0.05217,-0.05217,-0.05217,-0.05217
2023-05-23 11:03:54,-0.04823,1.72616,1.32996,0.0,-160.0,-0.04823,-0.04921,-0.04921,-0.05118,-0.05118,-0.05118,-0.05217,-0.05217,-0.05217,-0.05217
2023-05-23 11:03:56,-0.04724,1.71255,1.32664,-20.0,0.0,-0.04724,-0.04921,-0.04921,-0.05118,-0.05118,-0.05118,-0.05217,-0.05217,-0.05217,-0.05217
2023-05-23 11:03:58,-0.04724,1.74573,1.33285,-2.0,50.0,-0.04724,-0.04921,-0.04921,-0.05118,-0.05118,-0.05118,-0.05217,-0.05217,-0.05217,-0.05217
2023-05-23 11:04:00,-0.04724,1.77343,1.33903,-20.0,0.0,-0.04724,-0.04724,-0.04724,-0.04921,-0.04921,-0.05118,-0.05118,-0.05118,-0.05217,-0.05217
2023-05-23 11:04:02,-0.04724,1.7158,1.32535,-50.0,0.0,-0.04724,-0.04724,-0.04724,-0.04921,-0.04921,-0.05118,-0.05118,-0.05118,-0.05217,-0.05217
2023-05-23 11:04:03,-0.04724,1.74114,1.33128,-24.0,0.0,-0.04724,-0.04724,-0.04724,-0.04921,-0.04921,-0.05118,-0.05118,-0.05118,-0.05217,-0.05217
2023-05-23 11:04:05,-0.04724,1.80044,1.34711,-52.0,0.0,-0.04724,-0.04724,-0.04724,-0.04921,-0.04921,-0.05118,-0.05118,-0.05118,-0.05217,-0.05217
2023-05-23 11:04:07,-0.04724,1.77185,1.33785,-50.0,0.0,-0.04724,-0.04724,-0.04724,-0.04921,-0.04921,-0.05118,-0.05118,-0.05118,-0.05217,-0.05217
2023-05-23 11:04:09,-0.04724,1.76328,1.33046,0.0,0.0,-0.04724,-0.04724,-0.04724,-0.04921,-0.04921,-0.05118,-0.05118,-0.05118,-0.05217,-0.05217
2023-05-23 11:04:11,-0.04724,1.73288,1.32222,0.0,0.0,-0.04724,-0.04724,-0.04724,-0.04921,-0.04921,-0.05118,-0.05118,-0.05118,-0.05217,-0.05217
2023-05-23 11:04:13,-0.04724,1.60832,1.28903,-100.0,206.0,-0.04724,-0.04724,-0.04724,-0.04921,-0.04921,-0.05118,-0.05118,-0.05118,-0.05217,-0.05217
2023-05-23 11:04:15,-0.04724,1.5295,1.26701,0.0,0.0,-0.04724,-0.04724,-0.04724,-0.04921,-0.04921,-0.05118,-0.05118,-0.05118,-0.05217,-0.05217
2023-05-23 11:04:16,-0.04724,1.48922,1.27814,-1000.0,0.0,-0.04724,-0.04724,-0.04724,-0.04921,-0.04921,-0.05118,-0.05118,-0.05118,-0.05217,-0.05217
2023-05-23 11:04:18,-0.04724,1.2812,1.22049,-331.0,0.0,-0.04724,-0.04724,-0.04724,-0.04921,-0.04921,-0.05118,-0.05118,-0.05118,-0.05217,-0.05217
2023-05-23 11:04:20,-0.04724,2.42675,1.40596,0.0,200.0,-0.04724,-0.04724,-0.04724,-0.04921,-0.04921,-0.05118,-0.05118,-0.05118,-0.05217,-0.05217
2023-05-23 11:04:22,-0.04724,1.69703,1.31459,0.0,0.0,-0.04724,-0.04724,-0.04724,-0.04921,-0.04921,-0.05118,-0.05118,-0.05118,-0.05217,-0.05217
2023-05-23 11:04:24,-0.04626,1.66577,1.30709,-500.0,0.0,-0.04626,-0.04724,-0.04724,-0.04921,-0.04921,-0.05118,-0.05118,-0.05118,-0.05217,-0.05217
2023-05-23 11:04:26,-0.04626,1.62742,1.29399,0.0,500.0,-0.04626,-0.04724,-0.04724,-0.04921,-0.04921,-0.05118,-0.05118,-0.05118,-0.05217,-0.05217
2023-05-23 11:04:28,-0.04626,1.65532,1.30445,-210.0,0.0,-0.04626,-0.04724,-0.04724,-0.04921,-0.04921,-0.05118,-0.05118,-0.05118,-0.05217,-0.05217
2023-05-23 11:04:29,-0.04626,1.6044,1.29366,-44.0,0.0,-0.04626,-0.04724,-0.04724,-0.04921,-0.04921,-0.05118,-0.05118,-0.05118,-0.05217,-0.05217
2023-05-23 11:04:31,-0.04626,2.21473,1.40872,0.0,5.0,-0.04626,-0.04724,-0.04724,-0.04921,-0.04921,-0.05118,-0.05118,-0.05118,-0.05217,-0.05217
2023-05-23 11:04:33,-0.04528,2.13225,1.38843,-268.0,0.0,-0.04528,-0.04724,-0.04724,-0.04921,-0.04921,-0.05118,-0.05118,-0.05118,-0.05217,-0.05217
2023-05-23 11:04:35,-0.04528,2.07303,1.39013,-14.0,12.0,-0.04528,-0.04724,-0.04724,-0.04921,-0.04921,-0.05118,-0.05118,-0.05118,-0.05217,-0.05217
2023-05-23 11:04:37,-0.04528,1.30828,1.23376,0.0,0.0,-0.04528,-0.04724,-0.04724,-0.04921,-0.04921,-0.05118,-0.05118,-0.05118,-0.05217,-0.05217
2023-05-23 11:04:39,-0.04528,1.25189,1.2217,0.0,0.0,-0.04528,-0.04724,-0.04724,-0.04921,-0.04921,-0.05118,-0.05118,-0.05118,-0.05217,-0.05217
2023-05-23 11:04:41,-0.04528,1.12403,1.29258,-103.0,-103.0,-0.04528,-0.04724,-0.04724,-0.04921,-0.04921,-0.05118,-0.05118,-0.05118,-0.05217,-0.05217
2023-05-23 11:04:42,-0.04528,1.11706,1.29133,285.0,-15.0,-0.04528,-0.04724,-0.04724,-0.04921,-0.04921,-0.05118,-0.05118,-0.05118,-0.05217,-0.05217
2023-05-23 11:04:44,-0.04528,1.0784,1.27851,-138.0,0.0,-0.04528,-0.04724,-0.04724,-0.04921,-0.04921,-0.05118,-0.05118,-0.05118,-0.05217,-0.05217
2023-05-23 11:04:46,-0.04528,1.13074,1.28712,0.0,1028.0,-0.04528,-0.04724,-0.04724,-0.04921,-0.04921,-0.05118,-0.05118,-0.05118,-0.05217,-0.05217
2023-05-23 11:04:48,-0.04528,1.02947,1.25809,0.0,2000.0,-0.04528,-0.04724,-0.04724,-0.04921,-0.04921,-0.05118,-0.05118,-0.05118,-0.05217,-0.05217
2023-05-23 11:04:50,-0.04528,1.1228,1.29159,-206.0,-206.0,-0.04528,-0.04724,-0.04724,-0.04921,-0.04921,-0.05118,-0.05118,-0.05118,-0.05217,-0.05217
2023-05-23 11:04:52,-0.04528,1.15408,1.30333,-30.0,0.0,-0.04528,-0.04724,-0.04724,-0.04921,-0.04921,-0.05118,-0.05118,-0.05118,-0.05217,-0.05217
2023-05-23 11:04:54,-0.04528,1.17953,1.29368,-8.0,30.0,-0.04528,-0.04724,-0.04724,-0.04921,-0.04921,-0.05118,-0.05118,-0.05118,-0.05217,-0.05217
2023-05-23 11:04:55,-0.04528,0.92648,1.20639,-8330.0,-2.0,-0.04528,-0.04724,-0.04724,-0.04921,-0.04921,-0.05118,-0.05118,-0.05118,-0.05217,-0.05217
2023-05-23 11:04:57,-0.04528,0.93689,1.22002,-10.0,-37.0,-0.04528,-0.04724,-0.04724,-0.04921,-0.04921,-0.05118,-0.05118,-0.05118,-0.05217,-0.05217
2023-05-23 11:04:59,-0.04626,1.23637,1.58964,14440.0,-16027.0,-0.04626,-0.04724,-0.04724,-0.04921,-0.04921,-0.05118,-0.05118,-0.05118,-0.05217,-0.05217
2023-05-23 11:05:01,-0.04429,1.18679,1.56542,2.0,0.0,-0.04429,-0.04429,-0.04528,-0.04724,-0.04724,-0.04921,-0.04921,-0.05118,-0.05118,-0.05118
2023-05-23 11:05:03,-0.04429,1.19634,1.53288,0.0,500.0,-0.04429,-0.04429,-0.04528,-0.04724,-0.04724,-0.04921,-0.04921,-0.05118,-0.05118,-0.05118
2023-05-23 11:05:05,-0.04528,1.11065,1.50047,0.0,-1000.0,-0.04528,-0.04429,-0.04528,-0.04724,-0.04724,-0.04921,-0.04921,-0.05118,-0.05118,-0.05118
2023-05-23 11:05:07,-0.04429,1.16978,1.60612,2493.0,-17661.0,-0.04429,-0.04429,-0.04528,-0.04724,-0.04724,-0.04921,-0.04921,-0.05118,-0.05118,-0.05118
2023-05-23 11:05:08,-0.04331,1.58303,1.86997,0.0,33.0,-0.04331,-0.04429,-0.04528,-0.04724,-0.04724,-0.04921,-0.04921,-0.05118,-0.05118,-0.05118
2023-05-23 11:05:10,-0.04429,1.55984,1.86012,0.0,0.0,-0.04429,-0.04429,-0.04528,-0.04724,-0.04724,-0.04921,-0.04921,-0.05118,-0.05118,-0.05118
2023-05-23 11:05:12,-0.04429,1.74998,1.94433,0.0,0.0,-0.04429,-0.04429,-0.04528,-0.04724,-0.04724,-0.04921,-0.04921,-0.05118,-0.05118,-0.05118
2023-05-23 11:05:14,-0.04429,1.085,1.48175,50.0,0.0,-0.04429,-0.04429,-0.04528,-0.04724,-0.04724,-0.04921,-0.04921,-0.05118,-0.05118,-0.05118
2023-05-23 11:05:16,-0.04528,1.17,1.52283,0.0,0.0,-0.04528,-0.04429,-0.04528,-0.04724,-0.04724,-0.04921,-0.04921,-0.05118,-0.05118,-0.05118
2023-05-23 11:05:18,-0.04429,1.26312,1.55663,19.0,0.0,-0.04429,-0.04429,-0.04528,-0.04724,-0.04724,-0.04921,-0.04921,-0.05118,-0.05118,-0.05118
2023-05-23 11:05:20,-0.04429,1.2557,1.55829,423.0,0.0,-0.04429,-0.04429,-0.04528,-0.04724,-0.04724,-0.04921,-0.04921,-0.05118,-0.05118,-0.05118
2023-05-23 11:05:21,-0.04528,1.2865,1.65155,0.0,146.0,-0.04528,-0.04429,-0.04528,-0.04724,-0.04724,-0.04921,-0.04921,-0.05118,-0.05118,-0.05118
2023-05-23 11:05:23,-0.04528,0.86086,1.1892,-20962.0,14122.0,-0.04528,-0.04429,-0.04528,-0.04724,-0.04724,-0.04921,-0.04921,-0.05118,-0.05118,-0.05118
2023-05-23 11:05:25,-0.04528,0.86913,1.191,5.0,0.0,-0.04528,-0.04429,-0.04528,-0.04724,-0.04724,-0.04921,-0.04921,-0.05118,-0.05118,-0.05118
2023-05-23 11:05:27,-0.04528,0.88975,1.17775,-2000.0,0.0,-0.04528,-0.04429,-0.04528,-0.04724,-0.04724,-0.04921,-0.04921,-0.05118,-0.05118,-0.05118
2023-05-23 11:05:29,-0.04528,0.93324,1.2397,1.0,0.0,-0.04528,-0.04429,-0.04528,-0.04724,-0.04724,-0.04921,-0.04921,-0.05118,-0.05118,-0.05118
2023-05-23 11:05:31,-0.04528,0.92472,1.23784,0.0,0.0,-0.04528,-0.04429,-0.04528,-0.04724,-0.04724,-0.04921,-0.04921,-0.05118,-0.05118,-0.05118
2023-05-23 11:05:33,-0.04528,0.94474,1.24859,0.0,0.0,-0.04528,-0.04429,-0.04528,-0.04724,-0.04724,-0.04921,-0.04921,-0.05118,-0.05118,-0.05118
2023-05-23 11:05:34,-0.04626,1.01507,1.27653,20.0,0.0,-0.04626,-0.04429,-0.04528,-0.04724,-0.04724,-0.04921,-0.04921,-0.05118,-0.05118,-0.05118
2023-05-23 11:05:36,-0.04724,1.64953,1.46002,679.0,-20.0,-0.04724,-0.04429,-0.04528,-0.04724,-0.04724,-0.04921,-0.04921,-0.05118,-0.05118,-0.05118
2023-05-23 11:05:38,-0.04724,1.68529,1.45606,-1.0,0.0,-0.04724,-0.04429,-0.04528,-0.04724,-0.04724,-0.04921,-0.04921,-0.05118,-0.05118,-0.05118
2023-05-23 11:05:40,-0.04626,1.90301,1.51207,125.0,1.0,-0.04626,-0.04429,-0.04528,-0.04724,-0.04724,-0.04921,-0.04921,-0.05118,-0.05118,-0.05118
2023-05-23 11:05:42,-0.04724,1.70478,1.46179,0.0,0.0,-0.04724,-0.04429,-0.04528,-0.04724,-0.04724,-0.04921,-0.04921,-0.05118,-0.05118,-0.05118
2023-05-23 11:05:44,-0.04724,2.47572,1.67127,14998.0,-11617.0,-0.04724,-0.04429,-0.04528,-0.04724,-0.04724,-0.04921,-0.04921,-0.05118,-0.05118,-0.05118
2023-05-23 11:05:46,-0.04823,1.55522,1.33563,0.0,100.0,-0.04823,-0.04429,-0.04528,-0.04724,-0.04724,-0.04921,-0.04921,-0.05118,-0.05118,-0.05118
2023-05-23 11:05:48,-0.04724,1.58984,1.34411,-2.0,0.0,-0.04724,-0.04429,-0.04528,-0.04724,-0.04724,-0.04921,-0.04921,-0.05118,-0.05118,-0.05118
2023-05-23 11:05:49,-0.04724,1.54513,1.33625,-1.0,0.0,-0.04724,-0.04429,-0.04528,-0.04724,-0.04724,-0.04921,-0.04921,-0.05118,-0.05118,-0.05118
2023-05-23 11:05:51,-0.04823,1.51008,1.31188,12.0,0.0,-0.04823,-0.04429,-0.04528,-0.04724,-0.04724,-0.04921,-0.04921,-0.05118,-0.05118,-0.05118
2023-05-23 11:05:53,-0.04823,1.51578,1.3132,1.0,0.0,-0.04823,-0.04429,-0.04528,-0.04724,-0.04724,-0.04921,-0.04921,-0.05118,-0.05118,-0.05118
2023-05-23 11:05:55,-0.04724,1.49335,1.264,-1.0,-1.0,-0.04724,-0.04429,-0.04528,-0.04724,-0.04724,-0.04921,-0.04921,-0.05118,-0.05118,-0.05118
2023-05-23 11:05:57,-0.04724,1.33303,1.24394,0.0,0.0,-0.04724,-0.04429,-0.04528,-0.04724,-0.04724,-0.04921,-0.04921,-0.05118,-0.05118,-0.05118
2023-05-23 11:05:59,-0.04724,1.20018,1.20689,0.0,50.0,-0.04724,-0.04429,-0.04528,-0.04724,-0.04724,-0.04921,-0.04921,-0.05118,-0.05118,-0.05118
2023-05-23 11:06:01,-0.04823,1.22462,1.21274,0.0,-1980.0,-0.04823,-0.04823,-0.04823,-0.04429,-0.04528,-0.04724,-0.04724,-0.04921,-0.04921,-0.05118
2023-05-23 11:06:02,-0.04823,1.37742,1.27646,0.0,-3117.0,-0.04823,-0.04823,-0.04823,-0.04429,-0.04528,-0.04724,-0.04724,-0.04921,-0.04921,-0.05118
2023-05-23 11:06:04,-0.04823,1.41401,1.28295,-50.0,0.0,-0.04823,-0.04823,-0.04823,-0.04429,-0.04528,-0.04724,-0.04724,-0.04921,-0.04921,-0.05118
2023-05-23 11:06:06,-0.04724,1.42886,1.28717,305.0,0.0,-0.04724,-0.04823,-0.04823,-0.04429,-0.04528,-0.04724,-0.04724,-0.04921,-0.04921,-0.05118
2023-05-23 11:06:08,-0.04724,1.42486,1.28299,0.0,0.0,-0.04724,-0.04823,-0.04823,-0.04429,-0.04528,-0.04724,-0.04724,-0.04921,-0.04921,-0.05118
2023-05-23 11:06:10,-0.04823,0.93886,0.99891,-19376.0,7125.0,-0.04823,-0.04823,-0.04823,-0.04429,-0.04528,-0.04724,-0.04724,-0.04921,-0.04921,-0.05118
2023-05-23 11:06:12,-0.04823,0.9611,1.00549,0.0,3.0,-0.04823,-0.04823,-0.04823,-0.04429,-0.04528,-0.04724,-0.04724,-0.04921,-0.04921,-0.05118
2023-05-23 11:06:14,-0.04823,0.96103,1.00545,0.0,0.0,-0.04823,-0.04823,-0.04823,-0.04429,-0.04528,-0.04724,-0.04724,-0.04921,-0.04921,-0.05118
2023-05-23 11:06:16,-0.04823,0.94048,0.99925,-1.0,1.0,-0.04823,-0.04823,-0.04823,-0.04429,-0.04528,-0.04724,-0.04724,-0.04921,-0.04921,-0.05118
2023-05-23 11:06:17,-0.04823,0.94421,1.00038,100.0,0.0,-0.04823,-0.04823,-0.04823,-0.04429,-0.04528,-0.04724,-0.04724,-0.04921,-0.04921,-0.05118
2023-05-23 11:06:19,-0.04823,0.94065,1.00313,-10.0,0.0,-0.04823,-0.04823,-0.04823,-0.04429,-0.04528,-0.04724,-0.04724,-0.04921,-0.04921,-0.05118
2023-05-23 11:06:21,-0.04823,1.14877,1.06438,-10.0,0.0,-0.04823,-0.04823,-0.04823,-0.04429,-0.04528,-0.04724,-0.04724,-0.04921,-0.04921,-0.05118
2023-05-23 11:06:23,-0.04823,1.13286,1.05872,-200.0,0.0,-0.04823,-0.04823,-0.04823,-0.04429,-0.04528,-0.04724,-0.04724,-0.04921,-0.04921,-0.05118
2023-05-23 11:06:25,-0.04921,1.05328,1.03583,0.0,100.0,-0.04921,-0.04823,-0.04823,-0.04429,-0.04528,-0.04724,-0.04724,-0.04921,-0.04921,-0.05118
2023-05-23 11:06:27,-0.04823,1.04592,1.02483,-2.0,0.0,-0.04823,-0.04823,-0.04823,-0.04429,-0.04528,-0.04724,-0.04724,-0.04921,-0.04921,-0.05118
2023-05-23 11:06:29,-0.04921,1.17297,1.05978,0.0,20.0,-0.04921,-0.04823,-0.04823,-0.04429,-0.04528,-0.04724,-0.04724,-0.04921,-0.04921,-0.05118
2023-05-23 11:06:31,-0.04921,1.21414,1.06867,0.0,-1000.0,-0.04921,-0.04823,-0.04823,-0.04429,-0.04528,-0.04724,-0.04724,-0.04921,-0.04921,-0.05118
2023-05-23 11:06:32,-0.04921,1.37798,1.1019,0.0,-670.0,-0.04921,-0.04823,-0.04823,-0.04429,-0.04528,-0.04724,-0.04724,-0.04921,-0.04921,-0.05118
2023-05-23 11:06:34,-0.04921,1.52172,1.13728,30.0,-2.0,-0.04921,-0.04823,-0.04823,-0.04429,-0.04528,-0.04724,-0.04724,-0.04921,-0.04921,-0.05118
2023-05-23 11:06:37,-0.04921,1.00439,0.82572,-877.0,0.0,-0.04921,-0.04823,-0.04823,-0.04429,-0.04528,-0.04724,-0.04724,-0.04921,-0.04921,-0.05118
2023-05-23 11:06:40,-0.04921,1.00509,0.82896,-5.0,0.0,-0.04921,-0.04823,-0.04823,-0.04429,-0.04528,-0.04724,-0.04724,-0.04921,-0.04921,-0.05118
2023-05-23 11:06:42,-0.04921,1.00138,0.80672,0.0,0.0,-0.04921,-0.04823,-0.04823,-0.04429,-0.04528,-0.04724,-0.04724,-0.04921,-0.04921,-0.05118
2023-05-23 11:06:44,-0.04921,0.99959,0.80637,0.0,0.0,-0.04921,-0.04823,-0.04823,-0.04429,-0.04528,-0.04724,-0.04724,-0.04921,-0.04921,-0.05118
2023-05-23 11:06:45,-0.04921,0.99539,0.80641,0.0,0.0,-0.04921,-0.04823,-0.04823,-0.04429,-0.04528,-0.04724,-0.04724,-0.04921,-0.04921,-0.05118
2023-05-23 11:06:47,-0.04921,0.98858,0.89035,-264.0,0.0,-0.04921,-0.04823,-0.04823,-0.04429,-0.04528,-0.04724,-0.04724,-0.04921,-0.04921,-0.05118
2023-05-23 11:06:49,-0.04921,0.97941,0.89043,0.0,0.0,-0.04921,-0.04823,-0.04823,-0.04429,-0.04528,-0.04724,-0.04724,-0.04921,-0.04921,-0.05118
2023-05-23 11:06:51,-0.04921,0.99007,0.89618,390.0,0.0,-0.04921,-0.04823,-0.04823,-0.04429,-0.04528,-0.04724,-0.04724,-0.04921,-0.04921,-0.05118
2023-05-23 11:06:53,-0.04921,0.99311,0.90091,0.0,0.0,-0.04921,-0.04823,-0.04823,-0.04429,-0.04528,-0.04724,-0.04724,-0.04921,-0.04921,-0.05118
2023-05-23 11:06:55,-0.04921,1.01227,0.89962,1.0,0.0,-0.04921,-0.04823,-0.04823,-0.04429,-0.04528,-0.04724,-0.04724,-0.04921,-0.04921,-0.05118
2023-05-23 11:06:56,-0.0502,0.90503,0.86686,0.0,0.0,-0.0502,-0.04823,-0.04823,-0.04429,-0.04528,-0.04724,-0.04724,-0.04921,-0.04921,-0.05118
2023-05-23 11:06:58,-0.04921,0.8717,0.8546,-15.0,0.0,-0.04921,-0.04823,-0.04823,-0.04429,-0.04528,-0.04724,-0.04724,-0.04921,-0.04921,-0.05118
2023-05-23 11:07:00,-0.0502,0.86861,0.85369,0.0,-17.0,-0.0502,-0.0502,-0.0502,-0.04823,-0.04823,-0.04429,-0.04528,-0.04724,-0.04724,-0.04921
2023-05-23 11:07:02,-0.0502,0.8419,0.85166,0.0,-97.0,-0.0502,-0.0502,-0.0502,-0.04823,-0.04823,-0.04429,-0.04528,-0.04724,-0.04724,-0.04921
2023-05-23 11:07:04,-0.0502,0.83994,0.76385,-215.0,-215.0,-0.0502,-0.0502,-0.0502,-0.04823,-0.04823,-0.04429,-0.04528,-0.04724,-0.04724,-0.04921
2023-05-23 11:07:06,-0.0502,0.83318,0.7593,0.0,-30.0,-0.0502,-0.0502,-0.0502,-0.04823,-0.04823,-0.04429,-0.04528,-0.04724,-0.04724,-0.04921
2023-05-23 11:07:08,-0.0502,0.80213,0.74553,0.0,400.0,-0.0502,-0.0502,-0.0502,-0.04823,-0.04823,-0.04429,-0.04528,-0.04724,-0.04724,-0.04921
2023-05-23 11:07:09,-0.04921,0.80681,0.74618,60.0,0.0,-0.04921,-0.0502,-0.0502,-0.04823,-0.04823,-0.04429,-0.04528,-0.04724,-0.04724,-0.04921
2023-05-23 11:07:11,-0.04921,0.75484,0.73142,0.0,2000.0,-0.04921,-0.0502,-0.0502,-0.04823,-0.04823,-0.04429,-0.04528,-0.04724,-0.04724,-0.04921
2023-05-23 11:07:13,-0.04921,0.74347,0.72792,0.0,100.0,-0.04921,-0.0502,-0.0502,-0.04823,-0.04823,-0.04429,-0.04528,-0.04724,-0.04724,-0.04921
2023-05-23 11:07:15,-0.04921,0.73643,0.72454,-100.0,0.0,-0.04921,-0.0502,-0.0502,-0.04823,-0.04823,-0.04429,-0.04528,-0.04724,-0.04724,-0.04921
2023-05-23 11:07:17,-0.04921,0.86568,0.76379,-200.0,0.0,-0.04921,-0.0502,-0.0502,-0.04823,-0.04823,-0.04429,-0.04528,-0.04724,-0.04724,-0.04921
2023-05-23 11:07:19,-0.04921,0.84489,0.75698,0.0,0.0,-0.04921,-0.0502,-0.0502,-0.04823,-0.04823,-0.04429,-0.04528,-0.04724,-0.04724,-0.04921
2023-05-23 11:07:21,-0.04921,0.76289,0.73189,0.0,0.0,-0.04921,-0.0502,-0.0502,-0.04823,-0.04823,-0.04429,-0.04528,-0.04724,-0.04724,-0.04921
2023-05-23 11:07:23,-0.04921,0.77097,0.72797,-243.0,0.0,-0.04921,-0.0502,-0.0502,-0.04823,-0.04823,-0.04429,-0.04528,-0.04724,-0.04724,-0.04921
2023-05-23 11:07:24,-0.04921,0.76968,0.72759,20.0,0.0,-0.04921,-0.0502,-0.0502,-0.04823,-0.04823,-0.04429,-0.04528,-0.04724,-0.04724,-0.04921
2023-05-23 11:07:26,-0.04921,0.77692,0.72983,0.0,0.0,-0.04921,-0.0502,-0.0502,-0.04823,-0.04823,-0.04429,-0.04528,-0.04724,-0.04724,-0.04921
2023-05-23 11:07:28,-0.0502,0.77364,0.72846,0.0,20.0,-0.0502,-0.0502,-0.0502,-0.04823,-0.04823,-0.04429,-0.04528,-0.04724,-0.04724,-0.04921
2023-05-23 11:07:30,-0.04921,0.71049,0.70887,-3.0,0.0,-0.04921,-0.0502,-0.0502,-0.04823,-0.04823,-0.04429,-0.04528,-0.04724,-0.04724,-0.04921
2023-05-23 11:07:32,-0.04921,0.74194,0.71036,0.0,10.0,-0.04921,-0.0502,-0.0502,-0.04823,-0.04823,-0.04429,-0.04528,-0.04724,-0.04724,-0.04921
2023-05-23 11:07:34,-0.0502,0.74198,0.70717,0.0,20.0,-0.0502,-0.0502,-0.0502,-0.04823,-0.04823,-0.04429,-0.04528,-0.04724,-0.04724,-0.04921
2023-05-23 11:07:36,-0.04921,0.74974,0.70954,0.0,5.0,-0.04921,-0.0502,-0.0502,-0.04823,-0.04823,-0.04429,-0.04528,-0.04724,-0.04724,-0.04921
2023-05-23 11:07:37,-0.04921,0.74994,0.74893,-10.0,-10.0,-0.04921,-0.0502,-0.0502,-0.04823,-0.04823,-0.04429,-0.04528,-0.04724,-0.04724,-0.04921
2023-05-23 11:07:39,-0.0502,0.75242,0.75092,0.0,224.0,-0.0502,-0.0502,-0.0502,-0.04823,-0.04823,-0.04429,-0.04528,-0.04724,-0.04724,-0.04921
2023-05-23 11:07:41,-0.0502,0.73098,0.74414,10.0,0.0,-0.0502,-0.0502,-0.0502,-0.04823,-0.04823,-0.04429,-0.04528,-0.04724,-0.04724,-0.04921
2023-05-23 11:07:43,-0.0502,0.72692,0.74282,0.0,10.0,-0.0502,-0.0502,-0.0502,-0.04823,-0.04823,-0.04429,-0.04528,-0.04724,-0.04724,-0.04921
2023-05-23 11:07:45,-0.04921,0.28431,0.60261,-17250.0,0.0,-0.04921,-0.0502,-0.0502,-0.04823,-0.04823,-0.04429,-0.04528,-0.04724,-0.04724,-0.04921
2023-05-23 11:07:47,-0.04921,0.24989,0.5917,-3.0,0.0,-0.04921,-0.0502,-0.0502,-0.04823,-0.04823,-0.04429,-0.04528,-0.04724,-0.04724,-0.04921
2023-05-23 11:07:49,-0.04921,0.24989,0.59165,0.0,10.0,-0.04921,-0.0502,-0.0502,-0.04823,-0.04823,-0.04429,-0.04528,-0.04724,-0.04724,-0.04921
2023-05-23 11:07:51,-0.04921,0.23836,0.5861,0.0,40.0,-0.04921,-0.0502,-0.0502,-0.04823,-0.04823,-0.04429,-0.04528,-0.04724,-0.04724,-0.04921
2023-05-23 11:07:52,-0.04921,0.2383,0.58613,0.0,0.0,-0.04921,-0.0502,-0.0502,-0.04823,-0.04823,-0.04429,-0.04528,-0.04724,-0.04724,-0.04921
2023-05-23 11:07:54,-0.04921,0.51594,0.81681,13426.0,-18185.0,-0.04921,-0.0502,-0.0502,-0.04823,-0.04823,-0.04429,-0.04528,-0.04724,-0.04724,-0.04921
2023-05-23 11:07:56,-0.0502,0.51742,0.8193,0.0,10.0,-0.0502,-0.0502,-0.0502,-0.04823,-0.04823,-0.04429,-0.04528,-0.04724,-0.04724,-0.04921
2023-05-23 11:07:58,-0.04921,0.18554,0.5699,-24.0,0.0,-0.04921,-0.0502,-0.0502,-0.04823,-0.04823,-0.04429,-0.04528,-0.04724,-0.04724,-0.04921
2023-05-23 11:08:00,-0.04921,0.49708,0.81162,0.0,70.0,-0.04921,-0.0502,-0.0502,-0.0502,-0.0502,-0.04823,-0.04823,-0.04429,-0.04528,-0.04724
2023-05-23 11:08:02,-0.04921,0.5015,0.81362,0.0,0.0,-0.04921,-0.04921,-0.04921,-0.0502,-0.0502,-0.04823,-0.04823,-0.04429,-0.04528,-0.04724
2023-05-23 11:08:04,-0.04823,0.477,0.79281,-1.0,518.0,-0.04823,-0.04921,-0.04921,-0.0502,-0.0502,-0.04823,-0.04823,-0.04429,-0.04528,-0.04724
2023-05-23 11:08:05,-0.04921,0.47694,0.79277,0.0,0.0,-0.04921,-0.04921,-0.04921,-0.0502,-0.0502,-0.04823,-0.04823,-0.04429,-0.04528,-0.04724
2023-05-23 11:08:07,-0.04921,0.47404,0.79161,0.0,0.0,-0.04921,-0.04921,-0.04921,-0.0502,-0.0502,-0.04823,-0.04823,-0.04429,-0.04528,-0.04724
2023-05-23 11:08:09,-0.04921,0.48087,0.77323,0.0,200.0,-0.04921,-0.04921,-0.04921,-0.0502,-0.0502,-0.04823,-0.04823,-0.04429,-0.04528,-0.04724
2023-05-23 11:08:11,-0.04921,0.48136,0.77316,0.0,41.0,-0.04921,-0.04921,-0.04921,-0.0502,-0.0502,-0.04823,-0.04823,-0.04429,-0.04528,-0.04724
2023-05-23 11:08:13,-0.04921,0.20529,0.55619,-15566.0,14462.0,-0.04921,-0.04921,-0.04921,-0.0502,-0.0502,-0.04823,-0.04823,-0.04429,-0.04528,-0.04724
2023-05-23 11:08:15,-0.04921,0.20579,0.55675,0.0,10.0,-0.04921,-0.04921,-0.04921,-0.0502,-0.0502,-0.04823,-0.04823,-0.04429,-0.04528,-0.04724
2023-05-23 11:08:16,-0.04921,0.21551,0.55576,-13.0,-13.0,-0.04921,-0.04921,-0.04921,-0.0502,-0.0502,-0.04823,-0.04823,-0.04429,-0.04528,-0.04724
2023-05-23 11:08:18,-0.0502,0.37975,0.6091,0.0,-5.0,-0.0502,-0.04921,-0.04921,-0.0502,-0.0502,-0.04823,-0.04823,-0.04429,-0.04528,-0.04724
2023-05-23 11:08:20,-0.04921,0.37322,0.60533,0.0,0.0,-0.04921,-0.04921,-0.04921,-0.0502,-0.0502,-0.04823,-0.04823,-0.04429,-0.04528,-0.04724
2023-05-23 11:08:22,-0.0502,0.3647,0.60093,0.0,916.0,-0.0502,-0.04921,-0.04921,-0.0502,-0.0502,-0.04823,-0.04823,-0.04429,-0.04528,-0.04724
2023-05-23 11:08:24,-0.04921,0.35697,0.59961,0.0,-621.0,-0.04921,-0.04921,-0.04921,-0.0502,-0.0502,-0.04823,-0.04823,-0.04429,-0.04528,-0.04724
2023-05-23 11:08:26,-0.04921,0.3662,0.6024,-10.0,25.0,-0.04921,-0.04921,-0.04921,-0.0502,-0.0502,-0.04823,-0.04823,-0.04429,-0.04528,-0.04724
2023-05-23 11:08:28,-0.04921,0.36811,0.603,0.0,0.0,-0.04921,-0.04921,-0.04921,-0.0502,-0.0502,-0.04823,-0.04823,-0.04429,-0.04528,-0.04724
2023-05-23 11:08:29,-0.04921,0.31385,0.57749,0.0,5000.0,-0.04921,-0.04921,-0.04921,-0.0502,-0.0502,-0.04823,-0.04823,-0.04429,-0.04528,-0.04724
2023-05-23 11:08:31,-0.04921,0.31369,0.58783,0.0,10.0,-0.04921,-0.04921,-0.04921,-0.0502,-0.0502,-0.04823,-0.04823,-0.04429,-0.04528,-0.04724
2023-05-23 11:08:33,-0.0502,0.30575,0.58528,0.0,10.0,-0.0502,-0.04921,-0.04921,-0.0502,-0.0502,-0.04823,-0.04823,-0.04429,-0.04528,-0.04724
2023-05-23 11:08:35,-0.04823,0.42221,0.73309,0.0,10.0,-0.04823,-0.04921,-0.04921,-0.0502,-0.0502,-0.04823,-0.04823,-0.04429,-0.04528,-0.04724
2023-05-23 11:08:37,-0.04823,0.42,0.73202,0.0,10.0,-0.04823,-0.04921,-0.04921,-0.0502,-0.0502,-0.04823,-0.04823,-0.04429,-0.04528,-0.04724
2023-05-23 11:08:39,-0.04823,0.46652,0.75598,0.0,10.0,-0.04823,-0.04921,-0.04921,-0.0502,-0.0502,-0.04823,-0.04823,-0.04429,-0.04528,-0.04724
2023-05-23 11:08:41,-0.04823,0.4604,0.75422,-535.0,0.0,-0.04823,-0.04921,-0.04921,-0.0502,-0.0502,-0.04823,-0.04823,-0.04429,-0.04528,-0.04724
2023-05-23 11:08:42,-0.04823,0.44707,0.74917,-1.0,0.0,-0.04823,-0.04921,-0.04921,-0.0502,-0.0502,-0.04823,-0.04823,-0.04429,-0.04528,-0.04724
2023-05-23 11:08:44,-0.04921,0.44737,0.75012,0.0,0.0,-0.04921,-0.04921,-0.04921,-0.0502,-0.0502,-0.04823,-0.04823,-0.04429,-0.04528,-0.04724
2023-05-23 11:08:46,-0.04921,0.44687,0.74987,0.0,0.0,-0.04921,-0.04921,-0.04921,-0.0502,-0.0502,-0.04823,-0.04823,-0.04429,-0.04528,-0.04724
2023-05-23 11:08:48,-0.04921,0.45075,0.75315,0.0,2.0,-0.04921,-0.04921,-0.04921,-0.0502,-0.0502,-0.04823,-0.04823,-0.04429,-0.04528,-0.04724
2023-05-23 11:08:50,-0.04921,0.43574,0.74736,0.0,0.0,-0.04921,-0.04921,-0.04921,-0.0502,-0.0502,-0.04823,-0.04823,-0.04429,-0.04528,-0.04724
2023-05-23 11:08:52,-0.04823,0.43643,0.74709,0.0,100.0,-0.04823,-0.04921,-0.04921,-0.0502,-0.0502,-0.04823,-0.04823,-0.04429,-0.04528,-0.04724
2023-05-23 11:08:54,-0.04823,0.46683,0.75615,0.0,1.0,-0.04823,-0.04921,-0.04921,-0.0502,-0.0502,-0.04823,-0.04823,-0.04429,-0.04528,-0.04724
2023-05-23 11:08:56,-0.04823,0.46577,0.7558,0.0,0.0,-0.04823,-0.04921,-0.04921,-0.0502,-0.0502,-0.04823,-0.04823,-0.04429,-0.04528,-0.04724
2023-05-23 11:08:57,-0.04823,0.46662,0.75577,0.0,67.0,-0.04823,-0.04921,-0.04921,-0.0502,-0.0502,-0.04823,-0.04823,-0.04429,-0.04528,-0.04724
2023-05-23 11:08:59,-0.04921,0.46413,0.75477,0.0,20.0,-0.04921,-0.04921,-0.04921,-0.0502,-0.0502,-0.04823,-0.04823,-0.04429,-0.04528,-0.04724
2023-05-23 11:09:01,-0.04823,0.46295,0.75293,0.0,0.0,-0.04823,-0.04823,-0.04823,-0.04921,-0.04921,-0.0502,-0.0502,-0.04823,-0.04823,-0.04429
2023-05-23 11:09:03,-0.04921,0.50499,0.76539,0.0,-1.0,-0.04921,-0.04823,-0.04823,-0.04921,-0.04921,-0.0502,-0.0502,-0.04823,-0.04823,-0.04429
2023-05-23 11:09:05,-0.04823,0.49644,0.75933,-30.0,0.0,-0.04823,-0.04823,-0.04823,-0.04921,-0.04921,-0.0502,-0.0502,-0.04823,-0.04823,-0.04429
2023-05-23 11:09:07,-0.04823,0.49197,0.75752,-1.0,0.0,-0.04823,-0.04823,-0.04823,-0.04921,-0.04921,-0.0502,-0.0502,-0.04823,-0.04823,-0.04429
2023-05-23 11:09:09,-0.04921,0.50363,0.77631,62.0,0.0,-0.04921,-0.04823,-0.04823,-0.04921,-0.04921,-0.0502,-0.0502,-0.04823,-0.04823,-0.04429
2023-05-23 11:09:10,-0.04921,0.50421,0.77631,0.0,0.0,-0.04921,-0.04823,-0.04823,-0.04921,-0.04921,-0.0502,-0.0502,-0.04823,-0.04823,-0.04429
2023-05-23 11:09:12,-0.04823,0.76878,1.03329,0.0,-1.0,-0.04823,-0.04823,-0.04823,-0.04921,-0.04921,-0.0502,-0.0502,-0.04823,-0.04823,-0.04429
2023-05-23 11:09:14,-0.04724,0.76269,1.03229,-1.0,30.0,-0.04724,-0.04823,-0.04823,-0.04921,-0.04921,-0.0502,-0.0502,-0.04823,-0.04823,-0.04429
2023-05-23 11:09:16,-0.04823,0.7599,1.02845,-1.0,0.0,-0.04823,-0.04823,-0.04823,-0.04921,-0.04921,-0.0502,-0.0502,-0.04823,-0.04823,-0.04429
2023-05-23 11:09:18,-0.04626,1.73231,1.22741,0.0,49.0,-0.04626,-0.04823,-0.04823,-0.04921,-0.04921,-0.0502,-0.0502,-0.04823,-0.04823,-0.04429
2023-05-23 11:09:20,-0.04724,1.72275,1.22613,62.0,0.0,-0.04724,-0.04823,-0.04823,-0.04921,-0.04921,-0.0502,-0.0502,-0.04823,-0.04823,-0.04429
2023-05-23 11:09:22,-0.04724,1.57376,1.20928,0.0,29.0,-0.04724,-0.04823,-0.04823,-0.04921,-0.04921,-0.0502,-0.0502,-0.04823,-0.04823,-0.04429
2023-05-23 11:09:24,-0.04626,2.21185,1.46436,25766.0,0.0,-0.04626,-0.04823,-0.04823,-0.04921,-0.04921,-0.0502,-0.0502,-0.04823,-0.04823,-0.04429
2023-05-23 11:09:25,-0.04724,2.11325,1.45186,0.0,-1.0,-0.04724,-0.04823,-0.04823,-0.04921,-0.04921,-0.0502,-0.0502,-0.04823,-0.04823,-0.04429
2023-05-23 11:09:27,-0.04528,2.10949,1.45106,-1.0,0.0,-0.04528,-0.04823,-0.04823,-0.04921,-0.04921,-0.0502,-0.0502,-0.04823,-0.04823,-0.04429
2023-05-23 11:09:29,-0.04724,2.23492,1.46559,0.0,0.0,-0.04724,-0.04823,-0.04823,-0.04921,-0.04921,-0.0502,-0.0502,-0.04823,-0.04823,-0.04429
2023-05-23 11:09:31,-0.04724,2.07228,1.46713,0.0,-1.0,-0.04724,-0.04823,-0.04823,-0.04921,-0.04921,-0.0502,-0.0502,-0.04823,-0.04823,-0.04429
2023-05-23 11:09:33,-0.04528,1.79481,1.45618,-1.0,22.0,-0.04528,-0.04823,-0.04823,-0.04921,-0.04921,-0.0502,-0.0502,-0.04823,-0.04823,-0.04429
2023-05-23 11:09:35,-0.04528,1.78461,1.52976,-19.0,0.0,-0.04528,-0.04823,-0.04823,-0.04921,-0.04921,-0.0502,-0.0502,-0.04823,-0.04823,-0.04429
2023-05-23 11:09:37,-0.04528,1.76647,1.53951,499.0,0.0,-0.04528,-0.04823,-0.04823,-0.04921,-0.04921,-0.0502,-0.0502,-0.04823,-0.04823,-0.04429
2023-05-23 11:09:38,-0.04626,1.64209,1.51645,-15.0,-1.0,-0.04626,-0.04823,-0.04823,-0.04921,-0.04921,-0.0502,-0.0502,-0.04823,-0.04823,-0.04429
2023-05-23 11:09:40,-0.04528,1.5201,1.46023,-1.0,34.0,-0.04528,-0.04823,-0.04823,-0.04921,-0.04921,-0.0502,-0.0502,-0.04823,-0.04823,-0.04429
2023-05-23 11:09:42,-0.04429,1.87841,1.84329,-1.0,0.0,-0.04429,-0.04823,-0.04823,-0.04921,-0.04921,-0.0502,-0.0502,-0.04823,-0.04823,-0.04429
2023-05-23 11:09:44,-0.04528,1.82416,1.83015,0.0,10.0,-0.04528,-0.04823,-0.04823,-0.04921,-0.04921,-0.0502,-0.0502,-0.04823,-0.04823,-0.04429
2023-05-23 11:09:47,-0.04331,3.48945,2.56187,-1.0,60.0,-0.04331,-0.04823,-0.04823,-0.04921,-0.04921,-0.0502,-0.0502,-0.04823,-0.04823,-0.04429
2023-05-23 11:09:50,-0.04331,2.7925,2.47224,-30.0,433.0,-0.04331,-0.04823,-0.04823,-0.04921,-0.04921,-0.0502,-0.0502,-0.04823,-0.04823,-0.04429
2023-05-23 11:09:51,-0.04331,2.6304,2.48532,222.0,0.0,-0.04331,-0.04823,-0.04823,-0.04921,-0.04921,-0.0502,-0.0502,-0.04823,-0.04823,-0.04429
2023-05-23 11:09:53,-0.04331,2.45576,2.43825,0.0,627.0,-0.04331,-0.04823,-0.04823,-0.04921,-0.04921,-0.0502,-0.0502,-0.04823,-0.04823,-0.04429
2023-05-23 11:09:55,-0.04331,2.48956,2.44801,-1.0,0.0,-0.04331,-0.04823,-0.04823,-0.04921,-0.04921,-0.0502,-0.0502,-0.04823,-0.04823,-0.04429
2023-05-23 11:09:57,-0.04429,2.12789,2.33106,28.0,1999.0,-0.04429,-0.04823,-0.04823,-0.04921,-0.04921,-0.0502,-0.0502,-0.04823,-0.04823,-0.04429
2023-05-23 11:09:59,-0.04429,2.05068,2.32711,0.0,0.0,-0.04429,-0.04823,-0.04823,-0.04921,-0.04921,-0.0502,-0.0502,-0.04823,-0.04823,-0.04429
2023-05-23 11:10:01,-0.04429,2.32263,2.60895,-1.0,0.0,-0.04429,-0.04331,-0.04429,-0.04823,-0.04823,-0.04921,-0.04921,-0.0502,-0.0502,-0.04823
2023-05-23 11:10:03,-0.04331,2.41162,2.77528,134.0,0.0,-0.04331,-0.04331,-0.04429,-0.04823,-0.04823,-0.04921,-0.04921,-0.0502,-0.0502,-0.04823
2023-05-23 11:10:04,-0.04429,1.82543,2.41027,0.0,-1793.0,-0.04429,-0.04331,-0.04429,-0.04823,-0.04823,-0.04921,-0.04921,-0.0502,-0.0502,-0.04823
2023-05-23 11:10:06,-0.04331,1.69038,2.33915,0.0,-1.0,-0.04331,-0.04331,-0.04429,-0.04823,-0.04823,-0.04921,-0.04921,-0.0502,-0.0502,-0.04823
2023-05-23 11:10:08,-0.04429,1.73024,2.37486,0.0,-1.0,-0.04429,-0.04331,-0.04429,-0.04823,-0.04823,-0.04921,-0.04921,-0.0502,-0.0502,-0.04823
2023-05-23 11:10:10,-0.04331,1.74604,2.37103,0.0,26.0,-0.04331,-0.04331,-0.04429,-0.04823,-0.04823,-0.04921,-0.04921,-0.0502,-0.0502,-0.04823
2023-05-23 11:10:12,-0.04331,1.73207,2.43697,0.0,94.0,-0.04331,-0.04331,-0.04429,-0.04823,-0.04823,-0.04921,-0.04921,-0.0502,-0.0502,-0.04823
2023-05-23 11:10:14,-0.04429,1.50076,2.354,0.0,-1.0,-0.04429,-0.04331,-0.04429,-0.04823,-0.04823,-0.04921,-0.04921,-0.0502,-0.0502,-0.04823
2023-05-23 11:10:16,-0.04331,3.04114,3.13364,-10.0,-1.0,-0.04331,-0.04331,-0.04429,-0.04823,-0.04823,-0.04921,-0.04921,-0.0502,-0.0502,-0.04823
2023-05-23 11:10:18,-0.04331,3.18431,3.17397,0.0,0.0,-0.04331,-0.04331,-0.04429,-0.04823,-0.04823,-0.04921,-0.04921,-0.0502,-0.0502,-0.04823
2023-05-23 11:10:19,-0.04429,3.16726,3.16743,208.0,0.0,-0.04429,-0.04331,-0.04429,-0.04823,-0.04823,-0.04921,-0.04921,-0.0502,-0.0502,-0.04823
2023-05-23 11:10:21,-0.04331,3.08888,2.33321,10388.0,0.0,-0.04331,-0.04331,-0.04429,-0.04823,-0.04823,-0.04921,-0.04921,-0.0502,-0.0502,-0.04823
2023-05-23 11:10:23,-0.04429,1.83142,2.14393,100.0,0.0,-0.04429,-0.04331,-0.04429,-0.04823,-0.04823,-0.04921,-0.04921,-0.0502,-0.0502,-0.04823
2023-05-23 11:10:25,-0.04429,2.86174,3.07883,0.0,-1000.0,-0.04429,-0.04331,-0.04429,-0.04823,-0.04823,-0.04921,-0.04921,-0.0502,-0.0502,-0.04823
2023-05-23 11:10:27,-0.04429,3.00032,3.13897,621.0,-79.0,-0.04429,-0.04331,-0.04429,-0.04823,-0.04823,-0.04921,-0.04921,-0.0502,-0.0502,-0.04823
2023-05-23 11:10:29,-0.04429,2.4821,3.06318,0.0,-300.0,-0.04429,-0.04331,-0.04429,-0.04823,-0.04823,-0.04921,-0.04921,-0.0502,-0.0502,-0.04823
2023-05-23 11:10:31,-0.04331,2.43931,3.04322,-1292.0,0.0,-0.04331,-0.04331,-0.04429,-0.04823,-0.04823,-0.04921,-0.04921,-0.0502,-0.0502,-0.04823
2023-05-23 11:10:32,-0.04331,2.16482,2.89965,0.0,-46.0,-0.04331,-0.04331,-0.04429,-0.04823,-0.04823,-0.04921,-0.04921,-0.0502,-0.0502,-0.04823
2023-05-23 11:10:34,-0.04429,2.19062,2.91691,29.0,3.0,-0.04429,-0.04331,-0.04429,-0.04823,-0.04823,-0.04921,-0.04921,-0.0502,-0.0502,-0.04823
2023-05-23 11:10:36,-0.04331,2.28588,2.89855,1.0,0.0,-0.04331,-0.04331,-0.04429,-0.04823,-0.04823,-0.04921,-0.04921,-0.0502,-0.0502,-0.04823
2023-05-23 11:10:38,-0.04331,2.25673,2.88732,-408.0,0.0,-0.04331,-0.04331,-0.04429,-0.04823,-0.04823,-0.04921,-0.04921,-0.0502,-0.0502,-0.04823
2023-05-23 11:10:40,-0.04429,2.00958,2.8698,0.0,-1.0,-0.04429,-0.04331,-0.04429,-0.04823,-0.04823,-0.04921,-0.04921,-0.0502,-0.0502,-0.04823
2023-05-23 11:10:42,-0.04331,2.01769,2.87545,0.0,19.0,-0.04331,-0.04331,-0.04429,-0.04823,-0.04823,-0.04921,-0.04921,-0.0502,-0.0502,-0.04823
2023-05-23 11:10:43,-0.04331,3.1561,3.34737,0.0,-129.0,-0.04331,-0.04331,-0.04429,-0.04823,-0.04823,-0.04921,-0.04921,-0.0502,-0.0502,-0.04823
2023-05-23 11:10:45,-0.04331,2.9141,3.22903,0.0,-401.0,-0.04331,-0.04331,-0.04429,-0.04823,-0.04823,-0.04921,-0.04921,-0.0502,-0.0502,-0.04823
2023-05-23 11:10:47,-0.04331,2.62442,3.07512,0.0,-2.0,-0.04331,-0.04331,-0.04429,-0.04823,-0.04823,-0.04921,-0.04921,-0.0502,-0.0502,-0.04823
2023-05-23 11:10:49,-0.04331,2.52678,3.01799,0.0,-122.0,-0.04331,-0.04331,-0.04429,-0.04823,-0.04823,-0.04921,-0.04921,-0.0502,-0.0502,-0.04823
2023-05-23 11:10:51,-0.04331,2.40472,2.96496,0.0,666.0,-0.04331,-0.04331,-0.04429,-0.04823,-0.04823,-0.04921,-0.04921,-0.0502,-0.0502,-0.04823
2023-05-23 11:10:53,-0.04429,2.15593,2.81896,87.0,0.0,-0.04429,-0.04331,-0.04429,-0.04823,-0.04823,-0.04921,-0.04921,-0.0502,-0.0502,-0.04823
2023-05-23 11:10:55,-0.04331,2.9024,3.14405,0.0,10.0,-0.04331,-0.04331,-0.04429,-0.04823,-0.04823,-0.04921,-0.04921,-0.0502,-0.0502,-0.04823
2023-05-23 11:10:57,-0.04331,3.09788,3.31964,10.0,0.0,-0.04331,-0.04331,-0.04429,-0.04823,-0.04823,-0.04921,-0.04921,-0.0502,-0.0502,-0.04823
2023-05-23 11:10:58,-0.04429,4.70279,3.75481,0.0,-5187.0,-0.04429,-0.04331,-0.04429,-0.04823,-0.04823,-0.04921,-0.04921,-0.0502,-0.0502,-0.04823
2023-05-23 11:11:00,-0.04429,3.05726,2.37609,-102.0,300.0,-0.04429,-0.04429,-0.04429,-0.04331,-0.04429,-0.04823,-0.04823,-0.04921,-0.04921,-0.0502
2023-05-23 11:11:02,-0.04429,2.98683,2.36446,100.0,0.0,-0.04429,-0.04429,-0.04429,-0.04331,-0.04429,-0.04823,-0.04823,-0.04921,-0.04921,-0.0502
2023-05-23 11:11:04,-0.04528,3.49009,2.35576,1565.0,-25.0,-0.04528,-0.04429,-0.04429,-0.04331,-0.04429,-0.04823,-0.04823,-0.04921,-0.04921,-0.0502
2023-05-23 11:11:06,-0.04528,3.33649,2.26748,1.0,-1252.0,-0.04528,-0.04429,-0.04429,-0.04331,-0.04429,-0.04823,-0.04823,-0.04921,-0.04921,-0.0502
2023-05-23 11:11:08,-0.04528,3.14029,2.23278,0.0,0.0,-0.04528,-0.04429,-0.04429,-0.04331,-0.04429,-0.04823,-0.04823,-0.04921,-0.04921,-0.0502
2023-05-23 11:11:10,-0.04528,3.30197,2.26393,0.0,0.0,-0.04528,-0.04429,-0.04429,-0.04331,-0.04429,-0.04823,-0.04823,-0.04921,-0.04921,-0.0502
2023-05-23 11:11:11,-0.04724,1.44914,1.60083,0.0,7296.0,-0.04724,-0.04429,-0.04429,-0.04331,-0.04429,-0.04823,-0.04823,-0.04921,-0.04921,-0.0502
2023-05-23 11:11:13,-0.04528,4.53083,2.29305,0.0,0.0,-0.04528,-0.04429,-0.04429,-0.04331,-0.04429,-0.04823,-0.04823,-0.04921,-0.04921,-0.0502
2023-05-23 11:11:15,-0.04528,2.21903,1.68128,491.0,0.0,-0.04528,-0.04429,-0.04429,-0.04331,-0.04429,-0.04823,-0.04823,-0.04921,-0.04921,-0.0502
2023-05-23 11:11:17,-0.04528,2.3968,1.6953,1.0,0.0,-0.04528,-0.04429,-0.04429,-0.04331,-0.04429,-0.04823,-0.04823,-0.04921,-0.04921,-0.0502
2023-05-23 11:11:19,-0.04528,2.40788,1.69354,0.0,0.0,-0.04528,-0.04429,-0.04429,-0.04331,-0.04429,-0.04823,-0.04823,-0.04921,-0.04921,-0.0502
2023-05-23 11:11:21,-0.04528,2.40209,1.694,0.0,0.0,-0.04528,-0.04429,-0.04429,-0.04331,-0.04429,-0.04823,-0.04823,-0.04921,-0.04921,-0.0502
2023-05-23 11:11:23,-0.04626,2.22467,1.67231,0.0,759.0,-0.04626,-0.04429,-0.04429,-0.04331,-0.04429,-0.04823,-0.04823,-0.04921,-0.04921,-0.0502
2023-05-23 11:11:24,-0.04626,2.06704,1.65057,0.0,60.0,-0.04626,-0.04429,-0.04429,-0.04331,-0.04429,-0.04823,-0.04823,-0.04921,-0.04921,-0.0502
2023-05-23 11:11:26,-0.04528,2.03638,1.64704,176.0,5.0,-0.04528,-0.04429,-0.04429,-0.04331,-0.04429,-0.04823,-0.04823,-0.04921,-0.04921,-0.0502
2023-05-23 11:11:28,-0.04626,1.88804,1.67394,-20.0,0.0,-0.04626,-0.04429,-0.04429,-0.04331,-0.04429,-0.04823,-0.04823,-0.04921,-0.04921,-0.0502
2023-05-23 11:11:30,-0.04626,2.05487,1.70599,5.0,0.0,-0.04626,-0.04429,-0.04429,-0.04331,-0.04429,-0.04823,-0.04823,-0.04921,-0.04921,-0.0502
2023-05-23 11:11:32,-0.04724,1.19101,1.56779,0.0,0.0,-0.04724,-0.04429,-0.04429,-0.04331,-0.04429,-0.04823,-0.04823,-0.04921,-0.04921,-0.0502
2023-05-23 11:11:34,-0.04724,2.07735,1.67225,-9.0,-7667.0,-0.04724,-0.04429,-0.04429,-0.04331,-0.04429,-0.04823,-0.04823,-0.04921,-0.04921,-0.0502
2023-05-23 11:11:36,-0.04528,2.18301,1.68682,0.0,50.0,-0.04528,-0.04429,-0.04429,-0.04331,-0.04429,-0.04823,-0.04823,-0.04921,-0.04921,-0.0502
2023-05-23 11:11:38,-0.04626,0.73627,1.23643,20.0,0.0,-0.04626,-0.04429,-0.04429,-0.04331,-0.04429,-0.04823,-0.04823,-0.04921,-0.04921,-0.0502
2023-05-23 11:11:40,-0.04626,0.92557,1.26998,0.0,385.0,-0.04626,-0.04429,-0.04429,-0.04331,-0.04429,-0.04823,-0.04823,-0.04921,-0.04921,-0.0502
2023-05-23 11:11:41,-0.04724,0.7688,1.26691,20.0,437.0,-0.04724,-0.04429,-0.04429,-0.04331,-0.04429,-0.04823,-0.04823,-0.04921,-0.04921,-0.0502
2023-05-23 11:11:43,-0.04626,0.77724,1.27244,1.0,-892.0,-0.04626,-0.04429,-0.04429,-0.04331,-0.04429,-0.04823,-0.04823,-0.04921,-0.04921,-0.0502
2023-05-23 11:11:45,-0.04626,0.8004,1.28061,0.0,50.0,-0.04626,-0.04429,-0.04429,-0.04331,-0.04429,-0.04823,-0.04823,-0.04921,-0.04921,-0.0502
2023-05-23 11:11:47,-0.04626,0.78868,1.27203,-1090.0,0.0,-0.04626,-0.04429,-0.04429,-0.04331,-0.04429,-0.04823,-0.04823,-0.04921,-0.04921,-0.0502
2023-05-23 11:11:49,-0.04626,0.88229,1.31173,0.0,2.0,-0.04626,-0.04429,-0.04429,-0.04331,-0.04429,-0.04823,-0.04823,-0.04921,-0.04921,-0.0502
2023-05-23 11:11:51,-0.04724,0.88228,1.25357,0.0,-669.0,-0.04724,-0.04429,-0.04429,-0.04331,-0.04429,-0.04823,-0.04823,-0.04921,-0.04921,-0.0502
2023-05-23 11:11:53,-0.04724,0.92117,1.26725,0.0,-10.0,-0.04724,-0.04429,-0.04429,-0.04331,-0.04429,-0.04823,-0.04823,-0.04921,-0.04921,-0.0502
2023-05-23 11:11:54,-0.04724,0.74654,1.22175,90.0,0.0,-0.04724,-0.04429,-0.04429,-0.04331,-0.04429,-0.04823,-0.04823,-0.04921,-0.04921,-0.0502
2023-05-23 11:11:56,-0.04724,0.72144,1.2083,-200.0,0.0,-0.04724,-0.04429,-0.04429,-0.04331,-0.04429,-0.04823,-0.04823,-0.04921,-0.04921,-0.0502
2023-05-23 11:11:58,-0.04626,2.30405,1.61702,0.0,0.0,-0.04626,-0.04429,-0.04429,-0.04331,-0.04429,-0.04823,-0.04823,-0.04921,-0.04921,-0.0502
2023-05-23 11:12:00,-0.04626,2.36434,1.62215,0.0,0.0,-0.04626,-0.04429,-0.04429,-0.04429,-0.04429,-0.04331,-0.04429,-0.04823,-0.04823,-0.04921
2023-05-23 11:12:02,-0.04626,0.75934,1.21602,0.0,10.0,-0.04626,-0.04528,-0.04626,-0.04429,-0.04429,-0.04331,-0.04429,-0.04823,-0.04823,-0.04921
2023-05-23 11:12:04,-0.04626,0.77847,1.22448,-1.0,0.0,-0.04626,-0.04528,-0.04626,-0.04429,-0.04429,-0.04331,-0.04429,-0.04823,-0.04823,-0.04921
2023-05-23 11:12:06,-0.04626,0.71842,1.19966,0.0,-10.0,-0.04626,-0.04528,-0.04626,-0.04429,-0.04429,-0.04331,-0.04429,-0.04823,-0.04823,-0.04921
2023-05-23 11:12:07,-0.04626,0.72462,1.20204,0.0,0.0,-0.04626,-0.04528,-0.04626,-0.04429,-0.04429,-0.04331,-0.04429,-0.04823,-0.04823,-0.04921
2023-05-23 11:12:09,-0.04823,0.18816,0.91049,0.0,-57.0,-0.04823,-0.04528,-0.04626,-0.04429,-0.04429,-0.04331,-0.04429,-0.04823,-0.04823,-0.04921
2023-05-23 11:12:11,-0.04724,0.19658,0.91149,-1.0,0.0,-0.04724,-0.04528,-0.04626,-0.04429,-0.04429,-0.04331,-0.04429,-0.04823,-0.04823,-0.04921
2023-05-23 11:12:13,-0.04823,0.19972,0.9124,0.0,0.0,-0.04823,-0.04528,-0.04626,-0.04429,-0.04429,-0.04331,-0.04429,-0.04823,-0.04823,-0.04921
2023-05-23 11:12:15,-0.04823,0.20125,0.91531,0.0,12.0,-0.04823,-0.04528,-0.04626,-0.04429,-0.04429,-0.04331,-0.04429,-0.04823,-0.04823,-0.04921
2023-05-23 11:12:17,-0.04724,0.20858,0.9169,-211.0,0.0,-0.04724,-0.04528,-0.04626,-0.04429,-0.04429,-0.04331,-0.04429,-0.04823,-0.04823,-0.04921
2023-05-23 11:12:19,-0.04724,0.20429,0.91849,0.0,206.0,-0.04724,-0.04528,-0.04626,-0.04429,-0.04429,-0.04331,-0.04429,-0.04823,-0.04823,-0.04921
2023-05-23 11:12:20,-0.04724,0.2116,0.91921,0.0,0.0,-0.04724,-0.04528,-0.04626,-0.04429,-0.04429,-0.04331,-0.04429,-0.04823,-0.04823,-0.04921
2023-05-23 11:12:22,-0.04823,0.21068,0.95336,0.0,-1000.0,-0.04823,-0.04528,-0.04626,-0.04429,-0.04429,-0.04331,-0.04429,-0.04823,-0.04823,-0.04921
2023-05-23 11:12:24,-0.04823,0.20753,0.95236,0.0,1.0,-0.04823,-0.04528,-0.04626,-0.04429,-0.04429,-0.04331,-0.04429,-0.04823,-0.04823,-0.04921
2023-05-23 11:12:26,-0.04823,0.21414,0.95816,0.0,5.0,-0.04823,-0.04528,-0.04626,-0.04429,-0.04429,-0.04331,-0.04429,-0.04823,-0.04823,-0.04921
2023-05-23 11:12:28,-0.04626,1.05259,1.3063,-1.0,0.0,-0.04626,-0.04528,-0.04626,-0.04429,-0.04429,-0.04331,-0.04429,-0.04823,-0.04823,-0.04921
2023-05-23 11:12:30,-0.04724,1.06665,1.30947,0.0,40.0,-0.04724,-0.04528,-0.04626,-0.04429,-0.04429,-0.04331,-0.04429,-0.04823,-0.04823,-0.04921
2023-05-23 11:12:31,-0.04724,1.05336,1.3056,0.0,0.0,-0.04724,-0.04528,-0.04626,-0.04429,-0.04429,-0.04331,-0.04429,-0.04823,-0.04823,-0.04921
2023-05-23 11:12:33,-0.04724,1.0717,1.30895,0.0,5.0,-0.04724,-0.04528,-0.04626,-0.04429,-0.04429,-0.04331,-0.04429,-0.04823,-0.04823,-0.04921
2023-05-23 11:12:35,-0.04724,0.95974,1.27355,0.0,10.0,-0.04724,-0.04528,-0.04626,-0.04429,-0.04429,-0.04331,-0.04429,-0.04823,-0.04823,-0.04921
2023-05-23 11:12:37,-0.04724,0.95565,1.27211,0.0,-20.0,-0.04724,-0.04528,-0.04626,-0.04429,-0.04429,-0.04331,-0.04429,-0.04823,-0.04823,-0.04921
2023-05-23 11:12:39,-0.04724,0.88551,1.24648,0.0,-40.0,-0.04724,-0.04528,-0.04626,-0.04429,-0.04429,-0.04331,-0.04429,-0.04823,-0.04823,-0.04921
2023-05-23 11:12:41,-0.04724,0.89594,1.25625,0.0,20.0,-0.04724,-0.04528,-0.04626,-0.04429,-0.04429,-0.04331,-0.04429,-0.04823,-0.04823,-0.04921
2023-05-23 11:12:43,-0.04724,0.89357,1.25534,0.0,20.0,-0.04724,-0.04528,-0.04626,-0.04429,-0.04429,-0.04331,-0.04429,-0.04823,-0.04823,-0.04921
2023-05-23 11:12:45,-0.04724,0.9017,1.25815,0.0,-41.0,-0.04724,-0.04528,-0.04626,-0.04429,-0.04429,-0.04331,-0.04429,-0.04823,-0.04823,-0.04921
2023-05-23 11:12:46,-0.04724,0.8991,1.25717,0.0,30.0,-0.04724,-0.04528,-0.04626,-0.04429,-0.04429,-0.04331,-0.04429,-0.04823,-0.04823,-0.04921
2023-05-23 11:12:48,-0.04724,0.90114,1.25778,5.0,0.0,-0.04724,-0.04528,-0.04626,-0.04429,-0.04429,-0.04331,-0.04429,-0.04823,-0.04823,-0.04921
2023-05-23 11:12:50,-0.04626,0.90036,1.25749,0.0,20.0,-0.04626,-0.04528,-0.04626,-0.04429,-0.04429,-0.04331,-0.04429,-0.04823,-0.04823,-0.04921
2023-05-23 11:12:52,-0.04724,0.72987,1.18176,0.0,6237.0,-0.04724,-0.04528,-0.04626,-0.04429,-0.04429,-0.04331,-0.04429,-0.04823,-0.04823,-0.04921
2023-05-23 11:12:54,-0.04626,0.7669,1.20067,0.0,0.0,-0.04626,-0.04528,-0.04626,-0.04429,-0.04429,-0.04331,-0.04429,-0.04823,-0.04823,-0.04921
2023-05-23 11:12:57,-0.04724,0.79313,1.21086,277.0,0.0,-0.04724,-0.04528,-0.04626,-0.04429,-0.04429,-0.04331,-0.04429,-0.04823,-0.04823,-0.04921
2023-05-23 11:13:00,-0.04724,0.3033,0.94252,-2.0,0.0,-0.04724,-0.04528,-0.04626,-0.04429,-0.04429,-0.04331,-0.04429,-0.04823,-0.04823,-0.04921
2023-05-23 11:13:01,-0.04823,0.32029,0.94809,20.0,0.0,-0.04823,-0.04724,-0.04724,-0.04528,-0.04626,-0.04429,-0.04429,-0.04331,-0.04429,-0.04823
2023-05-23 11:13:03,-0.04823,0.31967,0.94921,0.0,30.0,-0.04823,-0.04724,-0.04724,-0.04528,-0.04626,-0.04429,-0.04429,-0.04331,-0.04429,-0.04823
2023-05-23 11:13:05,-0.04823,0.3166,0.9484,-123.0,-19.0,-0.04823,-0.04724,-0.04724,-0.04528,-0.04626,-0.04429,-0.04429,-0.04331,-0.04429,-0.04823
2023-05-23 11:13:07,-0.04823,0.31792,0.94894,0.0,-101.0,-0.04823,-0.04724,-0.04724,-0.04528,-0.04626,-0.04429,-0.04429,-0.04331,-0.04429,-0.04823
2023-05-23 11:13:09,-0.04823,0.31035,0.94062,-6.0,0.0,-0.04823,-0.04724,-0.04724,-0.04528,-0.04626,-0.04429,-0.04429,-0.04331,-0.04429,-0.04823
2023-05-23 11:13:11,-0.04823,0.29391,0.93485,0.0,0.0,-0.04823,-0.04724,-0.04724,-0.04528,-0.04626,-0.04429,-0.04429,-0.04331,-0.04429,-0.04823
2023-05-23 11:13:13,-0.04823,0.29391,0.93485,0.0,0.0,-0.04823,-0.04724,-0.04724,-0.04528,-0.04626,-0.04429,-0.04429,-0.04331,-0.04429,-0.04823
2023-05-23 11:13:14,-0.04823,0.34145,0.9851,10.0,0.0,-0.04823,-0.04724,-0.04724,-0.04528,-0.04626,-0.04429,-0.04429,-0.04331,-0.04429,-0.04823
2023-05-23 11:13:16,-0.04823,0.34141,0.98506,0.0,1.0,-0.04823,-0.04724,-0.04724,-0.04528,-0.04626,-0.04429,-0.04429,-0.04331,-0.04429,-0.04823
2023-05-23 11:13:18,-0.04823,0.34677,0.98615,0.0,0.0,-0.04823,-0.04724,-0.04724,-0.04528,-0.04626,-0.04429,-0.04429,-0.04331,-0.04429,-0.04823
2023-05-23 11:13:20,-0.04823,0.34603,0.98546,0.0,0.0,-0.04823,-0.04724,-0.04724,-0.04528,-0.04626,-0.04429,-0.04429,-0.04331,-0.04429,-0.04823
2023-05-23 11:13:22,-0.04823,0.36381,0.99048,0.0,33.0,-0.04823,-0.04724,-0.04724,-0.04528,-0.04626,-0.04429,-0.04429,-0.04331,-0.04429,-0.04823
2023-05-23 11:13:24,-0.04823,0.36205,0.99416,0.0,-140.0,-0.04823,-0.04724,-0.04724,-0.04528,-0.04626,-0.04429,-0.04429,-0.04331,-0.04429,-0.04823
2023-05-23 11:13:26,-0.04823,0.33211,0.98509,-999.0,0.0,-0.04823,-0.04724,-0.04724,-0.04528,-0.04626,-0.04429,-0.04429,-0.04331,-0.04429,-0.04823
2023-05-23 11:13:27,-0.04823,0.33213,0.9851,0.0,-2.0,-0.04823,-0.04724,-0.04724,-0.04528,-0.04626,-0.04429,-0.04429,-0.04331,-0.04429,-0.04823
2023-05-23 11:13:29,-0.04724,0.33594,0.99666,-404.0,0.0,-0.04724,-0.04724,-0.04724,-0.04528,-0.04626,-0.04429,-0.04429,-0.04331,-0.04429,-0.04823
2023-05-23 11:13:31,-0.04823,0.31015,0.98129,-1000.0,0.0,-0.04823,-0.04724,-0.04724,-0.04528,-0.04626,-0.04429,-0.04429,-0.04331,-0.04429,-0.04823
2023-05-23 11:13:33,-0.04823,0.30232,0.97355,0.0,-22.0,-0.04823,-0.04724,-0.04724,-0.04528,-0.04626,-0.04429,-0.04429,-0.04331,-0.04429,-0.04823
2023-05-23 11:13:35,-0.04823,0.30498,0.97623,0.0,1.0,-0.04823,-0.04724,-0.04724,-0.04528,-0.04626,-0.04429,-0.04429,-0.04331,-0.04429,-0.04823
2023-05-23 11:13:37,-0.04823,0.30569,0.97866,0.0,-50.0,-0.04823,-0.04724,-0.04724,-0.04528,-0.04626,-0.04429,-0.04429,-0.04331,-0.04429,-0.04823
2023-05-23 11:13:39,-0.04823,0.25792,0.96228,0.0,0.0,-0.04823,-0.04724,-0.04724,-0.04528,-0.04626,-0.04429,-0.04429,-0.04331,-0.04429,-0.04823
2023-05-23 11:13:40,-0.04921,0.23168,0.86651,-307.0,10545.0,-0.04921,-0.04724,-0.04724,-0.04528,-0.04626,-0.04429,-0.04429,-0.04331,-0.04429,-0.04823
2023-05-23 11:13:42,-0.04823,0.25492,0.95429,0.0,-9819.0,-0.04823,-0.04724,-0.04724,-0.04528,-0.04626,-0.04429,-0.04429,-0.04331,-0.04429,-0.04823
2023-05-23 11:13:44,-0.04823,0.26318,0.96376,0.0,0.0,-0.04823,-0.04724,-0.04724,-0.04528,-0.04626,-0.04429,-0.04429,-0.04331,-0.04429,-0.04823
2023-05-23 11:13:46,-0.04823,0.10956,0.73891,2.0,0.0,-0.04823,-0.04724,-0.04724,-0.04528,-0.04626,-0.04429,-0.04429,-0.04331,-0.04429,-0.04823
2023-05-23 11:13:48,-0.04921,0.10995,0.73974,0.0,0.0,-0.04921,-0.04724,-0.04724,-0.04528,-0.04626,-0.04429,-0.04429,-0.04331,-0.04429,-0.04823
2023-05-23 11:13:50,-0.04921,0.11769,0.74217,0.0,0.0,-0.04921,-0.04724,-0.04724,-0.04528,-0.04626,-0.04429,-0.04429,-0.04331,-0.04429,-0.04823
2023-05-23 11:13:52,-0.04823,0.11884,0.74482,0.0,10.0,-0.04823,-0.04724,-0.04724,-0.04528,-0.04626,-0.04429,-0.04429,-0.04331,-0.04429,-0.04823
2023-05-23 11:13:53,-0.04921,0.12365,0.75241,0.0,20.0,-0.04921,-0.04724,-0.04724,-0.04528,-0.04626,-0.04429,-0.04429,-0.04331,-0.04429,-0.04823
2023-05-23 11:13:55,-0.04921,0.13499,0.76751,0.0,-2073.0,-0.04921,-0.04724,-0.04724,-0.04528,-0.04626,-0.04429,-0.04429,-0.04331,-0.04429,-0.04823
2023-05-23 11:13:57,-0.04921,0.17103,0.79301,-1607.0,-3188.0,-0.04921,-0.04724,-0.04724,-0.04528,-0.04626,-0.04429,-0.04429,-0.04331,-0.04429,-0.04823
2023-05-23 11:13:59,-0.05118,0.31413,0.42805,-34.0,-20.0,-0.05118,-0.04724,-0.04724,-0.04528,-0.04626,-0.04429,-0.04429,-0.04331,-0.04429,-0.04823
2023-05-23 11:14:01,-0.05118,0.31377,0.42803,-30.0,0.0,-0.05118,-0.05118,-0.05118,-0.04724,-0.04724,-0.04528,-0.04626,-0.04429,-0.04429,-0.04331
2023-05-23 11:14:03,-0.05118,0.31441,0.4275,0.0,3.0,-0.05118,-0.05118,-0.05118,-0.04724,-0.04724,-0.04528,-0.04626,-0.04429,-0.04429,-0.04331
2023-05-23 11:14:05,-0.05118,0.31421,0.42751,-10.0,0.0,-0.05118,-0.05118,-0.05118,-0.04724,-0.04724,-0.04528,-0.04626,-0.04429,-0.04429,-0.04331
2023-05-23 11:14:06,-0.05217,0.33446,0.42988,0.0,-2600.0,-0.05217,-0.05118,-0.05118,-0.04724,-0.04724,-0.04528,-0.04626,-0.04429,-0.04429,-0.04331
2023-05-23 11:14:08,-0.05315,0.28553,0.29222,0.0,-310.0,-0.05315,-0.05118,-0.05118,-0.04724,-0.04724,-0.04528,-0.04626,-0.04429,-0.04429,-0.04331
2023-05-23 11:14:10,-0.05315,0.29943,0.29704,3.0,0.0,-0.05315,-0.05118,-0.05118,-0.04724,-0.04724,-0.04528,-0.04626,-0.04429,-0.04429,-0.04331
2023-05-23 11:14:12,-0.05315,0.25118,0.28049,0.0,2490.0,-0.05315,-0.05118,-0.05118,-0.04724,-0.04724,-0.04528,-0.04626,-0.04429,-0.04429,-0.04331
2023-05-23 11:14:14,-0.05217,0.24147,0.27718,-60.0,-433.0,-0.05217,-0.05118,-0.05118,-0.04724,-0.04724,-0.04528,-0.04626,-0.04429,-0.04429,-0.04331
2023-05-23 11:14:16,-0.05217,0.23099,0.27297,0.0,0.0,-0.05217,-0.05118,-0.05118,-0.04724,-0.04724,-0.04528,-0.04626,-0.04429,-0.04429,-0.04331
2023-05-23 11:14:18,-0.05217,0.23084,0.27296,5.0,250.0,-0.05217,-0.05118,-0.05118,-0.04724,-0.04724,-0.04528,-0.04626,-0.04429,-0.04429,-0.04331
2023-05-23 11:14:19,-0.05315,0.29947,0.29731,0.0,10.0,-0.05315,-0.05118,-0.05118,-0.04724,-0.04724,-0.04528,-0.04626,-0.04429,-0.04429,-0.04331
2023-05-23 11:14:21,-0.05315,0.30788,0.30019,0.0,-94.0,-0.05315,-0.05118,-0.05118,-0.04724,-0.04724,-0.04528,-0.04626,-0.04429,-0.04429,-0.04331
2023-05-23 11:14:23,-0.05217,0.3037,0.29875,0.0,0.0,-0.05217,-0.05118,-0.05118,-0.04724,-0.04724,-0.04528,-0.04626,-0.04429,-0.04429,-0.04331
2023-05-23 11:14:25,-0.05217,0.30259,0.29778,0.0,-311.0,-0.05217,-0.05118,-0.05118,-0.04724,-0.04724,-0.04528,-0.04626,-0.04429,-0.04429,-0.04331
2023-05-23 11:14:27,-0.05217,0.31188,0.29979,-80.0,0.0,-0.05217,-0.05118,-0.05118,-0.04724,-0.04724,-0.04528,-0.04626,-0.04429,-0.04429,-0.04331
2023-05-23 11:14:29,-0.05315,0.31825,0.29861,0.0,-146.0,-0.05315,-0.05118,-0.05118,-0.04724,-0.04724,-0.04528,-0.04626,-0.04429,-0.04429,-0.04331
2023-05-23 11:14:31,-0.05217,0.30189,0.29283,0.0,0.0,-0.05217,-0.05118,-0.05118,-0.04724,-0.04724,-0.04528,-0.04626,-0.04429,-0.04429,-0.04331
2023-05-23 11:14:32,-0.05315,0.07871,0.21648,15.0,0.0,-0.05315,-0.05118,-0.05118,-0.04724,-0.04724,-0.04528,-0.04626,-0.04429,-0.04429,-0.04331
2023-05-23 11:14:34,-0.05315,0.07872,0.21958,-13.0,0.0,-0.05315,-0.05118,-0.05118,-0.04724,-0.04724,-0.04528,-0.04626,-0.04429,-0.04429,-0.04331
2023-05-23 11:14:36,-0.05217,0.08243,0.21894,0.0,0.0,-0.05217,-0.05118,-0.05118,-0.04724,-0.04724,-0.04528,-0.04626,-0.04429,-0.04429,-0.04331
2023-05-23 11:14:38,-0.05217,0.07076,0.21469,-663.0,0.0,-0.05217,-0.05118,-0.05118,-0.04724,-0.04724,-0.04528,-0.04626,-0.04429,-0.04429,-0.04331
2023-05-23 11:14:40,-0.05217,0.07011,0.21258,-20.0,0.0,-0.05217,-0.05118,-0.05118,-0.04724,-0.04724,-0.04528,-0.04626,-0.04429,-0.04429,-0.04331
2023-05-23 11:14:42,-0.05315,0.04938,0.20234,0.0,-100.0,-0.05315,-0.05118,-0.05118,-0.04724,-0.04724,-0.04528,-0.04626,-0.04429,-0.04429,-0.04331
2023-05-23 11:14:44,-0.05315,0.0471,0.20058,0.0,2.0,-0.05315,-0.05118,-0.05118,-0.04724,-0.04724,-0.04528,-0.04626,-0.04429,-0.04429,-0.04331
2023-05-23 11:14:45,-0.05315,0.05454,0.20323,0.0,-54.0,-0.05315,-0.05118,-0.05118,-0.04724,-0.04724,-0.04528,-0.04626,-0.04429,-0.04429,-0.04331
2023-05-23 11:14:47,-0.05413,0.12943,0.10999,934.0,0.0,-0.05413,-0.05118,-0.05118,-0.04724,-0.04724,-0.04528,-0.04626,-0.04429,-0.04429,-0.04331
2023-05-23 11:14:49,-0.05512,0.13718,0.11163,0.0,0.0,-0.05512,-0.05118,-0.05118,-0.04724,-0.04724,-0.04528,-0.04626,-0.04429,-0.04429,-0.04331
2023-05-23 11:14:51,-0.05413,0.13455,0.11516,0.0,0.0,-0.05413,-0.05118,-0.05118,-0.04724,-0.04724,-0.04528,-0.04626,-0.04429,-0.04429,-0.04331
2023-05-23 11:14:53,-0.05512,0.13649,0.11419,-162.0,-181.0,-0.05512,-0.05118,-0.05118,-0.04724,-0.04724,-0.04528,-0.04626,-0.04429,-0.04429,-0.04331
2023-05-23 11:14:55,-0.05512,0.12059,0.11463,-80.0,0.0,-0.05512,-0.05118,-0.05118,-0.04724,-0.04724,-0.04528,-0.04626,-0.04429,-0.04429,-0.04331
2023-05-23 11:14:57,-0.05512,0.1142,0.11281,0.0,0.0,-0.05512,-0.05118,-0.05118,-0.04724,-0.04724,-0.04528,-0.04626,-0.04429,-0.04429,-0.04331
2023-05-23 11:14:58,-0.05512,0.11267,0.11134,0.0,20.0,-0.05512,-0.05118,-0.05118,-0.04724,-0.04724,-0.04528,-0.04626,-0.04429,-0.04429,-0.04331
2023-05-23 11:15:00,-0.05413,0.13103,0.19477,0.0,597.0,-0.05413,-0.05512,-0.05512,-0.05118,-0.05118,-0.04724,-0.04724,-0.04528,-0.04626,-0.04429
2023-05-23 11:15:20,-0.05217,0.18154,0.31458,-7.0,-1.0,-0.05217,-0.05512,-0.05512,-0.05118,-0.05118,-0.04724,-0.04724,-0.04528,-0.04626,-0.04429
2023-05-23 11:15:22,-0.05217,0.09569,0.23291,-1968.0,0.0,-0.05217,-0.05512,-0.05512,-0.05118,-0.05118,-0.04724,-0.04724,-0.04528,-0.04626,-0.04429
2023-05-23 11:15:24,-0.05217,0.23354,0.31247,0.0,-1.0,-0.05217,-0.05512,-0.05512,-0.05118,-0.05118,-0.04724,-0.04724,-0.04528,-0.04626,-0.04429
2023-05-23 11:15:26,-0.05118,0.27983,0.31912,-8.0,101.0,-0.05118,-0.05512,-0.05512,-0.05118,-0.05118,-0.04724,-0.04724,-0.04528,-0.04626,-0.04429
2023-05-23 11:15:28,-0.05118,0.4352,0.33632,-5.0,0.0,-0.05118,-0.05512,-0.05512,-0.05118,-0.05118,-0.04724,-0.04724,-0.04528,-0.04626,-0.04429
2023-05-23 11:15:29,-0.05217,0.43352,0.33613,0.0,-1.0,-0.05217,-0.05512,-0.05512,-0.05118,-0.05118,-0.04724,-0.04724,-0.04528,-0.04626,-0.04429
2023-05-23 11:15:31,-0.05217,0.41332,0.33934,-7.0,-1.0,-0.05217,-0.05512,-0.05512,-0.05118,-0.05118,-0.04724,-0.04724,-0.04528,-0.04626,-0.04429
2023-05-23 11:15:33,-0.05217,0.52335,0.36775,0.0,-1.0,-0.05217,-0.05512,-0.05512,-0.05118,-0.05118,-0.04724,-0.04724,-0.04528,-0.04626,-0.04429
2023-05-23 11:15:35,-0.05118,1.75356,0.6454,-7.0,199.0,-0.05118,-0.05512,-0.05512,-0.05118,-0.05118,-0.04724,-0.04724,-0.04528,-0.04626,-0.04429
2023-05-23 11:15:37,-0.0502,1.71548,0.64041,-1.0,10.0,-0.0502,-0.05512,-0.05512,-0.05118,-0.05118,-0.04724,-0.04724,-0.04528,-0.04626,-0.04429
2023-05-23 11:15:39,-0.04921,1.94588,0.78963,-7.0,0.0,-0.04921,-0.05512,-0.05512,-0.05118,-0.05118,-0.04724,-0.04724,-0.04528,-0.04626,-0.04429
2023-05-23 11:15:41,-0.05118,1.36688,0.6342,8.0,-1.0,-0.05118,-0.05512,-0.05512,-0.05118,-0.05118,-0.04724,-0.04724,-0.04528,-0.04626,-0.04429
2023-05-23 11:15:43,-0.0502,0.89954,0.60539,-648.0,0.0,-0.0502,-0.05512,-0.05512,-0.05118,-0.05118,-0.04724,-0.04724,-0.04528,-0.04626,-0.04429
2023-05-23 11:15:44,-0.05118,0.88247,0.60466,0.0,90.0,-0.05118,-0.05512,-0.05512,-0.05118,-0.05118,-0.04724,-0.04724,-0.04528,-0.04626,-0.04429
2023-05-23 11:15:46,-0.0502,0.88546,0.60237,0.0,139.0,-0.0502,-0.05512,-0.05512,-0.05118,-0.05118,-0.04724,-0.04724,-0.04528,-0.04626,-0.04429
2023-05-23 11:15:48,-0.0502,0.97586,0.93226,1218.0,0.0,-0.0502,-0.05512,-0.05512,-0.05118,-0.05118,-0.04724,-0.04724,-0.04528,-0.04626,-0.04429
2023-05-23 11:15:50,-0.0502,0.98486,0.92491,0.0,-1.0,-0.0502,-0.05512,-0.05512,-0.05118,-0.05118,-0.04724,-0.04724,-0.04528,-0.04626,-0.04429
2023-05-23 11:15:52,-0.0502,0.85545,0.61227,-1.0,0.0,-0.0502,-0.05512,-0.05512,-0.05118,-0.05118,-0.04724,-0.04724,-0.04528,-0.04626,-0.04429
2023-05-23 11:15:54,-0.0502,0.83829,0.61354,-94.0,0.0,-0.0502,-0.05512,-0.05512,-0.05118,-0.05118,-0.04724,-0.04724,-0.04528,-0.04626,-0.04429
2023-05-23 11:15:55,-0.0502,1.51658,0.98938,0.0,-1.0,-0.0502,-0.05512,-0.05512,-0.05118,-0.05118,-0.04724,-0.04724,-0.04528,-0.04626,-0.04429
2023-05-23 11:15:57,-0.04921,1.29956,0.97812,-1.0,0.0,-0.04921,-0.05512,-0.05512,-0.05118,-0.05118,-0.04724,-0.04724,-0.04528,-0.04626,-0.04429
2023-05-23 11:15:59,-0.05512,1.28637,0.9767,0.0,5.0,-0.05512,-0.05512,-0.05512,-0.05118,-0.05118,-0.04724,-0.04724,-0.04528,-0.04626,-0.04429
2023-05-23 11:16:01,-0.0502,1.34118,0.99008,595.0,0.0,-0.0502,-0.04921,-0.0502,-0.05512,-0.05512,-0.05118,-0.05118,-0.04724,-0.04724,-0.04528
2023-05-23 11:16:03,-0.04921,1.16736,0.9862,-1.0,0.0,-0.04921,-0.04921,-0.0502,-0.05512,-0.05512,-0.05118,-0.05118,-0.04724,-0.04724,-0.04528
2023-05-23 11:16:05,-0.04921,1.16885,0.98633,0.0,-202.0,-0.04921,-0.04921,-0.0502,-0.05512,-0.05512,-0.05118,-0.05118,-0.04724,-0.04724,-0.04528
2023-05-23 11:16:07,-0.0502,0.91879,0.9567,0.0,-1.0,-0.0502,-0.04921,-0.0502,-0.05512,-0.05512,-0.05118,-0.05118,-0.04724,-0.04724,-0.04528
2023-05-23 11:16:08,-0.04921,0.92678,0.95009,100.0,523.0,-0.04921,-0.04921,-0.0502,-0.05512,-0.05512,-0.05118,-0.05118,-0.04724,-0.04724,-0.04528
2023-05-23 11:16:10,-0.0502,0.93972,0.94991,-100.0,-1.0,-0.0502,-0.04921,-0.0502,-0.05512,-0.05512,-0.05118,-0.05118,-0.04724,-0.04724,-0.04528
2023-05-23 11:16:12,-0.0502,1.147,0.98615,0.0,-1.0,-0.0502,-0.04921,-0.0502,-0.05512,-0.05512,-0.05118,-0.05118,-0.04724,-0.04724,-0.04528
2023-05-23 11:16:14,-0.04921,1.14022,0.98423,-7.0,10.0,-0.04921,-0.04921,-0.0502,-0.05512,-0.05512,-0.05118,-0.05118,-0.04724,-0.04724,-0.04528
2023-05-23 11:16:16,-0.0502,1.39466,1.0278,137.0,-1.0,-0.0502,-0.04921,-0.0502,-0.05512,-0.05512,-0.05118,-0.05118,-0.04724,-0.04724,-0.04528
2023-05-23 11:16:18,-0.04921,1.60803,1.09619,-1.0,0.0,-0.04921,-0.04921,-0.0502,-0.05512,-0.05512,-0.05118,-0.05118,-0.04724,-0.04724,-0.04528
2023-05-23 11:16:20,-0.04921,1.60211,1.08879,-26.0,0.0,-0.04921,-0.04921,-0.0502,-0.05512,-0.05512,-0.05118,-0.05118,-0.04724,-0.04724,-0.04528
2023-05-23 11:16:21,-0.0502,2.16228,1.13993,-1.0,0.0,-0.0502,-0.04921,-0.0502,-0.05512,-0.05512,-0.05118,-0.05118,-0.04724,-0.04724,-0.04528
2023-05-23 11:16:23,-0.04921,2.18695,1.13905,-1.0,0.0,-0.04921,-0.04921,-0.0502,-0.05512,-0.05512,-0.05118,-0.05118,-0.04724,-0.04724,-0.04528
2023-05-23 11:16:25,-0.0502,2.46007,1.07383,-4106.0,-1.0,-0.0502,-0.04921,-0.0502,-0.05512,-0.05512,-0.05118,-0.05118,-0.04724,-0.04724,-0.04528
2023-05-23 11:16:27,-0.0502,2.30895,1.06678,0.0,0.0,-0.0502,-0.04921,-0.0502,-0.05512,-0.05512,-0.05118,-0.05118,-0.04724,-0.04724,-0.04528
2023-05-23 11:16:29,-0.04921,2.30868,1.06672,0.0,0.0,-0.04921,-0.04921,-0.0502,-0.05512,-0.05512,-0.05118,-0.05118,-0.04724,-0.04724,-0.04528
2023-05-23 11:16:31,-0.0502,2.28197,1.0637,0.0,0.0,-0.0502,-0.04921,-0.0502,-0.05512,-0.05512,-0.05118,-0.05118,-0.04724,-0.04724,-0.04528
2023-05-23 11:16:33,-0.04921,1.90021,1.03757,0.0,-1.0,-0.04921,-0.04921,-0.0502,-0.05512,-0.05512,-0.05118,-0.05118,-0.04724,-0.04724,-0.04528
2023-05-23 11:16:34,-0.0502,1.89009,1.02474,0.0,-1.0,-0.0502,-0.04921,-0.0502,-0.05512,-0.05512,-0.05118,-0.05118,-0.04724,-0.04724,-0.04528
2023-05-23 11:16:36,-0.0502,1.90947,1.02502,0.0,93.0,-0.0502,-0.04921,-0.0502,-0.05512,-0.05512,-0.05118,-0.05118,-0.04724,-0.04724,-0.04528
2023-05-23 11:16:38,-0.0502,1.32275,0.96792,0.0,10.0,-0.0502,-0.04921,-0.0502,-0.05512,-0.05512,-0.05118,-0.05118,-0.04724,-0.04724,-0.04528
2023-05-23 11:16:40,-0.04921,1.26009,0.94618,-1.0,0.0,-0.04921,-0.04921,-0.0502,-0.05512,-0.05512,-0.05118,-0.05118,-0.04724,-0.04724,-0.04528
2023-05-23 11:16:42,-0.04921,1.25183,0.94919,-3.0,-1.0,-0.04921,-0.04921,-0.0502,-0.05512,-0.05512,-0.05118,-0.05118,-0.04724,-0.04724,-0.04528
2023-05-23 11:16:44,-0.04921,1.15514,0.92901,-1525.0,0.0,-0.04921,-0.04921,-0.0502,-0.05512,-0.05512,-0.05118,-0.05118,-0.04724,-0.04724,-0.04528
2023-05-23 11:16:45,-0.04921,1.17404,0.93793,-5.0,0.0,-0.04921,-0.04921,-0.0502,-0.05512,-0.05512,-0.05118,-0.05118,-0.04724,-0.04724,-0.04528
2023-05-23 11:16:47,-0.04921,1.53475,0.97837,0.0,-1.0,-0.04921,-0.04921,-0.0502,-0.05512,-0.05512,-0.05118,-0.05118,-0.04724,-0.04724,-0.04528
2023-05-23 11:16:49,-0.04921,1.50338,0.97209,-1.0,0.0,-0.04921,-0.04921,-0.0502,-0.05512,-0.05512,-0.05118,-0.05118,-0.04724,-0.04724,-0.04528
2023-05-23 11:16:51,-0.04921,1.50088,0.97117,15.0,0.0,-0.04921,-0.04921,-0.0502,-0.05512,-0.05512,-0.05118,-0.05118,-0.04724,-0.04724,-0.04528
2023-05-23 11:16:53,-0.0502,1.48281,0.98063,-7.0,-1.0,-0.0502,-0.04921,-0.0502,-0.05512,-0.05512,-0.05118,-0.05118,-0.04724,-0.04724,-0.04528
2023-05-23 11:16:55,-0.0502,1.53184,0.97443,-5.0,-1.0,-0.0502,-0.04921,-0.0502,-0.05512,-0.05512,-0.05118,-0.05118,-0.04724,-0.04724,-0.04528
2023-05-23 11:16:57,-0.04921,1.88322,1.01427,-6.0,30.0,-0.04921,-0.04921,-0.0502,-0.05512,-0.05512,-0.05118,-0.05118,-0.04724,-0.04724,-0.04528
2023-05-23 11:16:58,-0.0502,1.89692,1.01032,0.0,-104.0,-0.0502,-0.04921,-0.0502,-0.05512,-0.05512,-0.05118,-0.05118,-0.04724,-0.04724,-0.04528
2023-05-23 11:17:00,-0.04921,1.76508,1.00087,29.0,0.0,-0.04921,-0.0502,-0.04921,-0.04921,-0.0502,-0.05512,-0.05512,-0.05118,-0.05118,-0.04724
2023-05-23 11:17:02,-0.0502,1.81592,1.00439,0.0,0.0,-0.0502,-0.0502,-0.04921,-0.04921,-0.0502,-0.05512,-0.05512,-0.05118,-0.05118,-0.04724
2023-05-23 11:17:04,-0.04921,1.80275,1.00266,-1.0,0.0,-0.04921,-0.0502,-0.04921,-0.04921,-0.0502,-0.05512,-0.05512,-0.05118,-0.05118,-0.04724
2023-05-23 11:17:06,-0.04921,1.80056,0.91976,-5.0,0.0,-0.04921,-0.0502,-0.04921,-0.04921,-0.0502,-0.05512,-0.05512,-0.05118,-0.05118,-0.04724
2023-05-23 11:17:08,-0.0502,1.85673,0.92226,0.0,-36.0,-0.0502,-0.0502,-0.04921,-0.04921,-0.0502,-0.05512,-0.05512,-0.05118,-0.05118,-0.04724
2023-05-23 11:17:10,-0.04921,1.84258,0.92052,-1.0,0.0,-0.04921,-0.0502,-0.04921,-0.04921,-0.0502,-0.05512,-0.05512,-0.05118,-0.05118,-0.04724
2023-05-23 11:17:11,-0.04921,1.80998,0.92789,0.0,-1.0,-0.04921,-0.0502,-0.04921,-0.04921,-0.0502,-0.05512,-0.05512,-0.05118,-0.05118,-0.04724
2023-05-23 11:17:13,-0.0502,1.82867,0.6407,3.0,0.0,-0.0502,-0.0502,-0.04921,-0.04921,-0.0502,-0.05512,-0.05512,-0.05118,-0.05118,-0.04724
2023-05-23 11:17:15,-0.0502,1.97664,0.64486,-8.0,0.0,-0.0502,-0.0502,-0.04921,-0.04921,-0.0502,-0.05512,-0.05512,-0.05118,-0.05118,-0.04724
2023-05-23 11:17:17,-0.05118,1.94141,0.64277,-7.0,0.0,-0.05118,-0.0502,-0.04921,-0.04921,-0.0502,-0.05512,-0.05512,-0.05118,-0.05118,-0.04724
2023-05-23 11:17:19,-0.05118,2.08346,0.64881,41.0,0.0,-0.05118,-0.0502,-0.04921,-0.04921,-0.0502,-0.05512,-0.05512,-0.05118,-0.05118,-0.04724
2023-05-23 11:17:21,-0.0502,2.07994,0.64731,-9.0,5.0,-0.0502,-0.0502,-0.04921,-0.04921,-0.0502,-0.05512,-0.05512,-0.05118,-0.05118,-0.04724
2023-05-23 11:17:23,-0.05118,2.36771,0.65154,-2.0,0.0,-0.05118,-0.0502,-0.04921,-0.04921,-0.0502,-0.05512,-0.05512,-0.05118,-0.05118,-0.04724
2023-05-23 11:17:25,-0.0502,2.38455,0.64983,-9.0,-1.0,-0.0502,-0.0502,-0.04921,-0.04921,-0.0502,-0.05512,-0.05512,-0.05118,-0.05118,-0.04724
2023-05-23 11:17:26,-0.0502,2.57894,0.62445,-8.0,0.0,-0.0502,-0.0502,-0.04921,-0.04921,-0.0502,-0.05512,-0.05512,-0.05118,-0.05118,-0.04724
2023-05-23 11:17:28,-0.05118,2.41072,0.61923,-7.0,-1.0,-0.05118,-0.0502,-0.04921,-0.04921,-0.0502,-0.05512,-0.05512,-0.05118,-0.05118,-0.04724
2023-05-23 11:17:30,-0.0502,2.35608,0.61789,0.0,-1.0,-0.0502,-0.0502,-0.04921,-0.04921,-0.0502,-0.05512,-0.05512,-0.05118,-0.05118,-0.04724
2023-05-23 11:17:32,-0.0502,2.38677,0.62396,-9.0,499.0,-0.0502,-0.0502,-0.04921,-0.04921,-0.0502,-0.05512,-0.05512,-0.05118,-0.05118,-0.04724
2023-05-23 11:17:34,-0.0502,2.23469,0.62002,-1.0,0.0,-0.0502,-0.0502,-0.04921,-0.04921,-0.0502,-0.05512,-0.05512,-0.05118,-0.05118,-0.04724
2023-05-23 11:17:36,-0.05118,2.18747,0.6157,0.0,600.0,-0.05118,-0.0502,-0.04921,-0.04921,-0.0502,-0.05512,-0.05512,-0.05118,-0.05118,-0.04724
2023-05-23 11:17:38,-0.05118,2.95142,0.63049,-5.0,0.0,-0.05118,-0.0502,-0.04921,-0.04921,-0.0502,-0.05512,-0.05512,-0.05118,-0.05118,-0.04724
2023-05-23 11:17:39,-0.05118,1.06251,0.45606,-1.0,0.0,-0.05118,-0.0502,-0.04921,-0.04921,-0.0502,-0.05512,-0.05512,-0.05118,-0.05118,-0.04724
2023-05-23 11:17:41,-0.05217,3.13002,0.65827,0.0,-14192.0,-0.05217,-0.0502,-0.04921,-0.04921,-0.0502,-0.05512,-0.05512,-0.05118,-0.05118,-0.04724
2023-05-23 11:17:43,-0.0502,3.12653,0.66035,-6.0,0.0,-0.0502,-0.0502,-0.04921,-0.04921,-0.0502,-0.05512,-0.05512,-0.05118,-0.05118,-0.04724
2023-05-23 11:17:45,-0.0502,1.36443,0.58293,-7.0,0.0,-0.0502,-0.0502,-0.04921,-0.04921,-0.0502,-0.05512,-0.05512,-0.05118,-0.05118,-0.04724
2023-05-23 11:17:47,-0.05118,3.54164,0.65324,0.0,596.0,-0.05118,-0.0502,-0.04921,-0.04921,-0.0502,-0.05512,-0.05512,-0.05118,-0.05118,-0.04724
2023-05-23 11:17:49,-0.0502,3.43213,0.65788,-1.0,0.0,-0.0502,-0.0502,-0.04921,-0.04921,-0.0502,-0.05512,-0.05512,-0.05118,-0.05118,-0.04724
2023-05-23 11:17:50,-0.0502,3.30536,0.65299,-500.0,-1.0,-0.0502,-0.0502,-0.04921,-0.04921,-0.0502,-0.05512,-0.05512,-0.05118,-0.05118,-0.04724
2023-05-23 11:17:52,-0.0502,3.2629,0.65278,-5.0,-100.0,-0.0502,-0.0502,-0.04921,-0.04921,-0.0502,-0.05512,-0.05512,-0.05118,-0.05118,-0.04724
2023-05-23 11:17:54,-0.0502,3.23416,0.6523,-5.0,0.0,-0.0502,-0.0502,-0.04921,-0.04921,-0.0502,-0.05512,-0.05512,-0.05118,-0.05118,-0.04724
2023-05-23 11:17:56,-0.0502,3.23583,0.68994,-1.0,0.0,-0.0502,-0.0502,-0.04921,-0.04921,-0.0502,-0.05512,-0.05512,-0.05118,-0.05118,-0.04724
2023-05-23 11:17:58,-0.0502,3.17883,0.68946,-1.0,0.0,-0.0502,-0.0502,-0.04921,-0.04921,-0.0502,-0.05512,-0.05512,-0.05118,-0.05118,-0.04724
2023-05-23 11:18:00,-0.05118,3.42291,0.69271,0.0,0.0,-0.05118,-0.0502,-0.05118,-0.0502,-0.04921,-0.04921,-0.0502,-0.05512,-0.05512,-0.05118
2023-05-23 11:18:02,-0.0502,3.39752,0.68223,0.0,0.0,-0.0502,-0.0502,-0.05118,-0.0502,-0.04921,-0.04921,-0.0502,-0.05512,-0.05512,-0.05118
2023-05-23 11:18:03,-0.05118,1.18718,0.47328,-1.0,0.0,-0.05118,-0.0502,-0.05118,-0.0502,-0.04921,-0.04921,-0.0502,-0.05512,-0.05512,-0.05118
2023-05-23 11:18:05,-0.05118,1.24689,0.47455,0.0,-1.0,-0.05118,-0.0502,-0.05118,-0.0502,-0.04921,-0.04921,-0.0502,-0.05512,-0.05512,-0.05118
2023-05-23 11:18:07,-0.05118,1.24689,0.46339,-1.0,100.0,-0.05118,-0.0502,-0.05118,-0.0502,-0.04921,-0.04921,-0.0502,-0.05512,-0.05512,-0.05118
2023-05-23 11:18:09,-0.05315,0.7957,0.37582,0.0,0.0,-0.05315,-0.0502,-0.05118,-0.0502,-0.04921,-0.04921,-0.0502,-0.05512,-0.05512,-0.05118
2023-05-23 11:18:11,-0.05315,0.70774,0.36085,-1.0,0.0,-0.05315,-0.0502,-0.05118,-0.0502,-0.04921,-0.04921,-0.0502,-0.05512,-0.05512,-0.05118
2023-05-23 11:18:13,-0.05315,0.65581,0.35175,0.0,-1.0,-0.05315,-0.0502,-0.05118,-0.0502,-0.04921,-0.04921,-0.0502,-0.05512,-0.05512,-0.05118
2023-05-23 11:18:14,-0.05315,0.52522,0.33697,0.0,-1.0,-0.05315,-0.0502,-0.05118,-0.0502,-0.04921,-0.04921,-0.0502,-0.05512,-0.05512,-0.05118
2023-05-23 11:18:16,-0.05217,0.5288,0.33814,-4.0,50.0,-0.05217,-0.0502,-0.05118,-0.0502,-0.04921,-0.04921,-0.0502,-0.05512,-0.05512,-0.05118
2023-05-23 11:18:18,-0.05217,0.70348,0.4135,0.0,-1.0,-0.05217,-0.0502,-0.05118,-0.0502,-0.04921,-0.04921,-0.0502,-0.05512,-0.05512,-0.05118
2023-05-23 11:18:20,-0.05315,0.59285,0.38388,0.0,8391.0,-0.05315,-0.0502,-0.05118,-0.0502,-0.04921,-0.04921,-0.0502,-0.05512,-0.05512,-0.05118
2023-05-23 11:18:22,-0.05315,0.59195,0.38164,-1.0,0.0,-0.05315,-0.0502,-0.05118,-0.0502,-0.04921,-0.04921,-0.0502,-0.05512,-0.05512,-0.05118
2023-05-23 11:18:24,-0.05217,0.83741,0.41883,0.0,-1.0,-0.05217,-0.0502,-0.05118,-0.0502,-0.04921,-0.04921,-0.0502,-0.05512,-0.05512,-0.05118
2023-05-23 11:18:26,-0.05217,0.58154,0.34307,0.0,50.0,-0.05217,-0.0502,-0.05118,-0.0502,-0.04921,-0.04921,-0.0502,-0.05512,-0.05512,-0.05118
2023-05-23 11:18:29,-0.05217,0.60914,0.35056,0.0,199.0,-0.05217,-0.0502,-0.05118,-0.0502,-0.04921,-0.04921,-0.0502,-0.05512,-0.05512,-0.05118
2023-05-23 11:18:31,-0.05315,0.62893,0.35269,-1.0,-847.0,-0.05315,-0.0502,-0.05118,-0.0502,-0.04921,-0.04921,-0.0502,-0.05512,-0.05512,-0.05118
2023-05-23 11:18:33,-0.05217,0.96487,0.43484,0.0,-10.0,-0.05217,-0.0502,-0.05118,-0.0502,-0.04921,-0.04921,-0.0502,-0.05512,-0.05512,-0.05118
2023-05-23 11:18:35,-0.05118,0.71412,0.40112,-1.0,0.0,-0.05118,-0.0502,-0.05118,-0.0502,-0.04921,-0.04921,-0.0502,-0.05512,-0.05512,-0.05118
2023-05-23 11:18:37,-0.05315,0.70911,0.40048,0.0,-1.0,-0.05315,-0.0502,-0.05118,-0.0502,-0.04921,-0.04921,-0.0502,-0.05512,-0.05512,-0.05118
2023-05-23 11:18:38,-0.05315,0.71166,0.35545,0.0,-801.0,-0.05315,-0.0502,-0.05118,-0.0502,-0.04921,-0.04921,-0.0502,-0.05512,-0.05512,-0.05118
2023-05-23 11:18:40,-0.05217,0.70507,0.3571,-1.0,0.0,-0.05217,-0.0502,-0.05118,-0.0502,-0.04921,-0.04921,-0.0502,-0.05512,-0.05512,-0.05118
2023-05-23 11:18:42,-0.05315,0.70512,0.35681,0.0,-1.0,-0.05315,-0.0502,-0.05118,-0.0502,-0.04921,-0.04921,-0.0502,-0.05512,-0.05512,-0.05118
2023-05-23 11:18:44,-0.05315,0.69964,0.35584,0.0,-1.0,-0.05315,-0.0502,-0.05118,-0.0502,-0.04921,-0.04921,-0.0502,-0.05512,-0.05512,-0.05118
2023-05-23 11:18:46,-0.05315,0.81592,0.36726,0.0,0.0,-0.05315,-0.0502,-0.05118,-0.0502,-0.04921,-0.04921,-0.0502,-0.05512,-0.05512,-0.05118
2023-05-23 11:18:48,-0.05315,0.75498,0.35945,103.0,6.0,-0.05315,-0.0502,-0.05118,-0.0502,-0.04921,-0.04921,-0.0502,-0.05512,-0.05512,-0.05118
2023-05-23 11:18:49,-0.05217,0.76838,0.36156,-1.0,0.0,-0.05217,-0.0502,-0.05118,-0.0502,-0.04921,-0.04921,-0.0502,-0.05512,-0.05512,-0.05118
2023-05-23 11:18:51,-0.05217,0.87606,0.36768,0.0,-6959.0,-0.05217,-0.0502,-0.05118,-0.0502,-0.04921,-0.04921,-0.0502,-0.05512,-0.05512,-0.05118
2023-05-23 11:18:53,-0.05217,0.87885,0.37358,-1.0,0.0,-0.05217,-0.0502,-0.05118,-0.0502,-0.04921,-0.04921,-0.0502,-0.05512,-0.05512,-0.05118
2023-05-23 11:18:55,-0.05217,0.97876,0.38993,-1.0,10.0,-0.05217,-0.0502,-0.05118,-0.0502,-0.04921,-0.04921,-0.0502,-0.05512,-0.05512,-0.05118
2023-05-23 11:18:57,-0.05413,0.35629,0.30735,30.0,0.0,-0.05413,-0.0502,-0.05118,-0.0502,-0.04921,-0.04921,-0.0502,-0.05512,-0.05512,-0.05118
2023-05-23 11:18:59,-0.05413,0.35316,0.30744,0.0,-1.0,-0.05413,-0.0502,-0.05118,-0.0502,-0.04921,-0.04921,-0.0502,-0.05512,-0.05512,-0.05118
2023-05-23 11:19:01,-0.05413,0.35253,0.3073,0.0,-1.0,-0.05413,-0.05315,-0.05413,-0.0502,-0.05118,-0.0502,-0.04921,-0.04921,-0.0502,-0.05512
2023-05-23 11:19:02,-0.05413,0.34191,0.30468,0.0,500.0,-0.05413,-0.05315,-0.05413,-0.0502,-0.05118,-0.0502,-0.04921,-0.04921,-0.0502,-0.05512
2023-05-23 11:19:04,-0.05413,0.38355,0.31585,0.0,-1.0,-0.05413,-0.05315,-0.05413,-0.0502,-0.05118,-0.0502,-0.04921,-0.04921,-0.0502,-0.05512
2023-05-23 11:19:06,-0.05315,0.43259,0.32553,-1.0,0.0,-0.05315,-0.05315,-0.05413,-0.0502,-0.05118,-0.0502,-0.04921,-0.04921,-0.0502,-0.05512
2023-05-23 11:19:08,-0.0561,0.23077,0.25978,0.0,-76.0,-0.0561,-0.05315,-0.05413,-0.0502,-0.05118,-0.0502,-0.04921,-0.04921,-0.0502,-0.05512
2023-05-23 11:19:10,-0.0561,0.23108,0.25876,16.0,-300.0,-0.0561,-0.05315,-0.05413,-0.0502,-0.05118,-0.0502,-0.04921,-0.04921,-0.0502,-0.05512
2023-05-23 11:19:12,-0.05512,0.21673,0.25242,0.0,114.0,-0.05512,-0.05315,-0.05413,-0.0502,-0.05118,-0.0502,-0.04921,-0.04921,-0.0502,-0.05512
2023-05-23 11:19:13,-0.0561,0.22067,0.25409,0.0,-12.0,-0.0561,-0.05315,-0.05413,-0.0502,-0.05118,-0.0502,-0.04921,-0.04921,-0.0502,-0.05512
2023-05-23 11:19:15,-0.0561,0.2242,0.25611,0.0,-2100.0,-0.0561,-0.05315,-0.05413,-0.0502,-0.05118,-0.0502,-0.04921,-0.04921,-0.0502,-0.05512
2023-05-23 11:19:17,-0.0561,0.23265,0.25997,0.0,-761.0,-0.0561,-0.05315,-0.05413,-0.0502,-0.05118,-0.0502,-0.04921,-0.04921,-0.0502,-0.05512
2023-05-23 11:19:19,-0.0561,0.23194,0.25965,0.0,-16.0,-0.0561,-0.05315,-0.05413,-0.0502,-0.05118,-0.0502,-0.04921,-0.04921,-0.0502,-0.05512
2023-05-23 11:19:21,-0.0561,0.10022,0.20461,-6914.0,6999.0,-0.0561,-0.05315,-0.05413,-0.0502,-0.05118,-0.0502,-0.04921,-0.04921,-0.0502,-0.05512
2023-05-23 11:19:23,-0.0561,0.23202,0.25812,0.0,20.0,-0.0561,-0.05315,-0.05413,-0.0502,-0.05118,-0.0502,-0.04921,-0.04921,-0.0502,-0.05512
2023-05-23 11:19:25,-0.05709,0.11138,0.20464,0.0,2.0,-0.05709,-0.05315,-0.05413,-0.0502,-0.05118,-0.0502,-0.04921,-0.04921,-0.0502,-0.05512
2023-05-23 11:19:26,-0.0561,0.11226,0.20548,0.0,0.0,-0.0561,-0.05315,-0.05413,-0.0502,-0.05118,-0.0502,-0.04921,-0.04921,-0.0502,-0.05512
2023-05-23 11:19:28,-0.05709,0.11068,0.21027,0.0,0.0,-0.05709,-0.05315,-0.05413,-0.0502,-0.05118,-0.0502,-0.04921,-0.04921,-0.0502,-0.05512
2023-05-23 11:19:30,-0.0561,0.11653,0.21328,0.0,-100.0,-0.0561,-0.05315,-0.05413,-0.0502,-0.05118,-0.0502,-0.04921,-0.04921,-0.0502,-0.05512
2023-05-23 11:19:32,-0.0561,0.10821,0.20976,-759.0,0.0,-0.0561,-0.05315,-0.05413,-0.0502,-0.05118,-0.0502,-0.04921,-0.04921,-0.0502,-0.05512
2023-05-23 11:19:34,-0.0561,0.126,0.21895,0.0,0.0,-0.0561,-0.05315,-0.05413,-0.0502,-0.05118,-0.0502,-0.04921,-0.04921,-0.0502,-0.05512
2023-05-23 11:19:36,-0.0561,0.12372,0.20806,-500.0,8241.0,-0.0561,-0.05315,-0.05413,-0.0502,-0.05118,-0.0502,-0.04921,-0.04921,-0.0502,-0.05512
2023-05-23 11:19:38,-0.05807,0.10144,0.20087,0.0,-500.0,-0.05807,-0.05315,-0.05413,-0.0502,-0.05118,-0.0502,-0.04921,-0.04921,-0.0502,-0.05512
2023-05-23 11:19:39,-0.05807,0.14773,0.22218,0.0,-80.0,-0.05807,-0.05315,-0.05413,-0.0502,-0.05118,-0.0502,-0.04921,-0.04921,-0.0502,-0.05512
2023-05-23 11:19:41,-0.05807,0.15119,0.22299,0.0,-99.0,-0.05807,-0.05315,-0.05413,-0.0502,-0.05118,-0.0502,-0.04921,-0.04921,-0.0502,-0.05512
2023-05-23 11:19:43,-0.05709,0.15156,0.22465,-232.0,-222.0,-0.05709,-0.05315,-0.05413,-0.0502,-0.05118,-0.0502,-0.04921,-0.04921,-0.0502,-0.05512
2023-05-23 11:19:45,-0.05807,0.13376,0.21602,0.0,50.0,-0.05807,-0.05315,-0.05413,-0.0502,-0.05118,-0.0502,-0.04921,-0.04921,-0.0502,-0.05512
2023-05-23 11:19:47,-0.05709,0.16188,0.22228,0.0,-100.0,-0.05709,-0.05315,-0.05413,-0.0502,-0.05118,-0.0502,-0.04921,-0.04921,-0.0502,-0.05512
2023-05-23 11:19:49,-0.05906,0.12245,0.20677,0.0,-2347.0,-0.05906,-0.05315,-0.05413,-0.0502,-0.05118,-0.0502,-0.04921,-0.04921,-0.0502,-0.05512
2023-05-23 11:19:51,-0.05807,0.13876,0.20895,-10.0,-10.0,-0.05807,-0.05315,-0.05413,-0.0502,-0.05118,-0.0502,-0.04921,-0.04921,-0.0502,-0.05512
2023-05-23 11:19:52,-0.05807,0.21558,0.24666,-50.0,0.0,-0.05807,-0.05315,-0.05413,-0.0502,-0.05118,-0.0502,-0.04921,-0.04921,-0.0502,-0.05512
2023-05-23 11:19:54,-0.05807,0.29124,0.27514,0.0,25.0,-0.05807,-0.05315,-0.05413,-0.0502,-0.05118,-0.0502,-0.04921,-0.04921,-0.0502,-0.05512
2023-05-23 11:19:56,-0.05906,0.29603,0.27707,0.0,-33.0,-0.05906,-0.05315,-0.05413,-0.0502,-0.05118,-0.0502,-0.04921,-0.04921,-0.0502,-0.05512
2023-05-23 11:19:58,-0.06004,0.3108,0.22964,-10.0,-783.0,-0.06004,-0.05315,-0.05413,-0.0502,-0.05118,-0.0502,-0.04921,-0.04921,-0.0502,-0.05512
2023-05-23 11:20:00,-0.06004,0.29703,0.21266,0.0,-288.0,-0.06004,-0.06004,-0.05906,-0.05315,-0.05413,-0.0502,-0.05118,-0.0502,-0.04921,-0.04921
2023-05-23 11:20:02,-0.06004,0.35782,0.23808,3000.0,0.0,-0.06004,-0.06004,-0.05906,-0.05315,-0.05413,-0.0502,-0.05118,-0.0502,-0.04921,-0.04921
2023-05-23 11:20:04,-0.06004,0.37866,0.24636,942.0,0.0,-0.06004,-0.06004,-0.05906,-0.05315,-0.05413,-0.0502,-0.05118,-0.0502,-0.04921,-0.04921
2023-05-23 11:20:05,-0.06004,0.38766,0.24579,0.0,101.0,-0.06004,-0.06004,-0.05906,-0.05315,-0.05413,-0.0502,-0.05118,-0.0502,-0.04921,-0.04921
2023-05-23 11:20:07,-0.05906,0.23292,0.23971,0.0,-115.0,-0.05906,-0.06004,-0.05906,-0.05315,-0.05413,-0.0502,-0.05118,-0.0502,-0.04921,-0.04921
2023-05-23 11:20:09,-0.05906,0.22188,0.2351,0.0,50.0,-0.05906,-0.06004,-0.05906,-0.05315,-0.05413,-0.0502,-0.05118,-0.0502,-0.04921,-0.04921
2023-05-23 11:20:11,-0.05906,0.17882,0.15708,-10.0,-10.0,-0.05906,-0.06004,-0.05906,-0.05315,-0.05413,-0.0502,-0.05118,-0.0502,-0.04921,-0.04921
2023-05-23 11:20:13,-0.05906,0.18461,0.21863,0.0,101.0,-0.05906,-0.06004,-0.05906,-0.05315,-0.05413,-0.0502,-0.05118,-0.0502,-0.04921,-0.04921
2023-05-23 11:20:15,-0.05906,0.1733,0.21272,0.0,0.0,-0.05906,-0.06004,-0.05906,-0.05315,-0.05413,-0.0502,-0.05118,-0.0502,-0.04921,-0.04921
2023-05-23 11:20:17,-0.05906,0.18804,0.22873,0.0,10.0,-0.05906,-0.06004,-0.05906,-0.05315,-0.05413,-0.0502,-0.05118,-0.0502,-0.04921,-0.04921
2023-05-23 11:20:18,-0.05906,0.19472,0.23024,0.0,-94.0,-0.05906,-0.06004,-0.05906,-0.05315,-0.05413,-0.0502,-0.05118,-0.0502,-0.04921,-0.04921
2023-05-23 11:20:20,-0.06004,0.06551,0.11357,0.0,1.0,-0.06004,-0.06004,-0.05906,-0.05315,-0.05413,-0.0502,-0.05118,-0.0502,-0.04921,-0.04921
2023-05-23 11:20:22,-0.05906,0.07928,0.19487,0.0,11.0,-0.05906,-0.06004,-0.05906,-0.05315,-0.05413,-0.0502,-0.05118,-0.0502,-0.04921,-0.04921
2023-05-23 11:20:24,-0.05906,0.0711,0.18541,0.0,20.0,-0.05906,-0.06004,-0.05906,-0.05315,-0.05413,-0.0502,-0.05118,-0.0502,-0.04921,-0.04921
2023-05-23 11:20:26,-0.05906,0.06432,0.17864,0.0,1.0,-0.05906,-0.06004,-0.05906,-0.05315,-0.05413,-0.0502,-0.05118,-0.0502,-0.04921,-0.04921
2023-05-23 11:20:28,-0.05807,0.05846,0.17268,0.0,0.0,-0.05807,-0.06004,-0.05906,-0.05315,-0.05413,-0.0502,-0.05118,-0.0502,-0.04921,-0.04921
2023-05-23 11:20:30,-0.05807,0.07297,0.18335,0.0,-4.0,-0.05807,-0.06004,-0.05906,-0.05315,-0.05413,-0.0502,-0.05118,-0.0502,-0.04921,-0.04921
2023-05-23 11:20:31,-0.05807,0.05836,0.18594,-20.0,0.0,-0.05807,-0.06004,-0.05906,-0.05315,-0.05413,-0.0502,-0.05118,-0.0502,-0.04921,-0.04921
2023-05-23 11:20:33,-0.05906,0.05513,0.18881,0.0,105.0,-0.05906,-0.06004,-0.05906,-0.05315,-0.05413,-0.0502,-0.05118,-0.0502,-0.04921,-0.04921
2023-05-23 11:20:35,-0.05807,0.06564,0.19384,0.0,2919.0,-0.05807,-0.06004,-0.05906,-0.05315,-0.05413,-0.0502,-0.05118,-0.0502,-0.04921,-0.04921
2023-05-23 11:20:37,-0.05709,0.05423,0.18874,-1.0,319.0,-0.05709,-0.06004,-0.05906,-0.05315,-0.05413,-0.0502,-0.05118,-0.0502,-0.04921,-0.04921
2023-05-23 11:20:39,-0.05709,0.05439,0.20371,-5.0,0.0,-0.05709,-0.06004,-0.05906,-0.05315,-0.05413,-0.0502,-0.05118,-0.0502,-0.04921,-0.04921
2023-05-23 11:20:41,-0.05709,0.05279,0.2015,0.0,0.0,-0.05709,-0.06004,-0.05906,-0.05315,-0.05413,-0.0502,-0.05118,-0.0502,-0.04921,-0.04921
2023-05-23 11:20:43,-0.05807,0.05559,0.20327,0.0,-22.0,-0.05807,-0.06004,-0.05906,-0.05315,-0.05413,-0.0502,-0.05118,-0.0502,-0.04921,-0.04921
2023-05-23 11:20:44,-0.05807,0.03489,0.19818,-560.0,318.0,-0.05807,-0.06004,-0.05906,-0.05315,-0.05413,-0.0502,-0.05118,-0.0502,-0.04921,-0.04921
2023-05-23 11:20:46,-0.0561,0.05647,0.24453,-6.0,0.0,-0.0561,-0.06004,-0.05906,-0.05315,-0.05413,-0.0502,-0.05118,-0.0502,-0.04921,-0.04921
2023-05-23 11:20:48,-0.0561,0.04895,0.23152,0.0,2342.0,-0.0561,-0.06004,-0.05906,-0.05315,-0.05413,-0.0502,-0.05118,-0.0502,-0.04921,-0.04921
2023-05-23 11:20:50,-0.0561,0.18733,0.25874,1673.0,-7942.0,-0.0561,-0.06004,-0.05906,-0.05315,-0.05413,-0.0502,-0.05118,-0.0502,-0.04921,-0.04921
2023-05-23 11:20:52,-0.0561,0.11529,0.25636,-100.0,0.0,-0.0561,-0.06004,-0.05906,-0.05315,-0.05413,-0.0502,-0.05118,-0.0502,-0.04921,-0.04921
2023-05-23 11:20:54,-0.0561,0.11795,0.25839,0.0,-109.0,-0.0561,-0.06004,-0.05906,-0.05315,-0.05413,-0.0502,-0.05118,-0.0502,-0.04921,-0.04921
2023-05-23 11:20:55,-0.0561,0.10367,0.24287,0.0,2.0,-0.0561,-0.06004,-0.05906,-0.05315,-0.05413,-0.0502,-0.05118,-0.0502,-0.04921,-0.04921
2023-05-23 11:20:57,-0.0561,0.11117,0.24506,0.0,0.0,-0.0561,-0.06004,-0.05906,-0.05315,-0.05413,-0.0502,-0.05118,-0.0502,-0.04921,-0.04921
2023-05-23 11:20:59,-0.0561,0.10896,0.24351,-30.0,0.0,-0.0561,-0.06004,-0.05906,-0.05315,-0.05413,-0.0502,-0.05118,-0.0502,-0.04921,-0.04921
2023-05-23 11:21:01,-0.0561,0.10728,0.24603,0.0,-3550.0,-0.0561,-0.0561,-0.0561,-0.06004,-0.05906,-0.05315,-0.05413,-0.0502,-0.05118,-0.0502
2023-05-23 11:21:03,-0.0561,0.04974,0.22437,0.0,0.0,-0.0561,-0.0561,-0.0561,-0.06004,-0.05906,-0.05315,-0.05413,-0.0502,-0.05118,-0.0502
2023-05-23 11:21:05,-0.05807,0.06518,0.20209,-1.0,0.0,-0.05807,-0.0561,-0.0561,-0.06004,-0.05906,-0.05315,-0.05413,-0.0502,-0.05118,-0.0502
2023-05-23 11:21:07,-0.05709,0.06797,0.20292,-1.0,0.0,-0.05709,-0.0561,-0.0561,-0.06004,-0.05906,-0.05315,-0.05413,-0.0502,-0.05118,-0.0502
2023-05-23 11:21:08,-0.05709,0.06813,0.20273,-1.0,50.0,-0.05709,-0.0561,-0.0561,-0.06004,-0.05906,-0.05315,-0.05413,-0.0502,-0.05118,-0.0502
2023-05-23 11:21:10,-0.05807,0.06788,0.2031,-2.0,-1.0,-0.05807,-0.0561,-0.0561,-0.06004,-0.05906,-0.05315,-0.05413,-0.0502,-0.05118,-0.0502
2023-05-23 11:21:12,-0.0561,0.05939,0.23593,0.0,-16274.0,-0.0561,-0.0561,-0.0561,-0.06004,-0.05906,-0.05315,-0.05413,-0.0502,-0.05118,-0.0502
2023-05-23 11:21:14,-0.05709,0.06025,0.23724,0.0,-1.0,-0.05709,-0.0561,-0.0561,-0.06004,-0.05906,-0.05315,-0.05413,-0.0502,-0.05118,-0.0502
2023-05-23 11:21:16,-0.0561,0.05932,0.23869,-1.0,10.0,-0.0561,-0.0561,-0.0561,-0.06004,-0.05906,-0.05315,-0.05413,-0.0502,-0.05118,-0.0502
2023-05-23 11:21:18,-0.0561,0.05786,0.23789,-1.0,0.0,-0.0561,-0.0561,-0.0561,-0.06004,-0.05906,-0.05315,-0.05413,-0.0502,-0.05118,-0.0502
2023-05-23 11:21:20,-0.05709,0.10403,0.26183,0.0,-1.0,-0.05709,-0.0561,-0.0561,-0.06004,-0.05906,-0.05315,-0.05413,-0.0502,-0.05118,-0.0502
2023-05-23 11:21:21,-0.05512,0.14355,0.28411,-6.0,0.0,-0.05512,-0.0561,-0.0561,-0.06004,-0.05906,-0.05315,-0.05413,-0.0502,-0.05118,-0.0502
2023-05-23 11:21:23,-0.0561,0.16379,0.29734,0.0,-1.0,-0.0561,-0.0561,-0.0561,-0.06004,-0.05906,-0.05315,-0.05413,-0.0502,-0.05118,-0.0502
2023-05-23 11:21:25,-0.05512,0.16206,0.29602,-1.0,0.0,-0.05512,-0.0561,-0.0561,-0.06004,-0.05906,-0.05315,-0.05413,-0.0502,-0.05118,-0.0502
2023-05-23 11:21:27,-0.0561,0.18364,0.30079,-20.0,-1.0,-0.0561,-0.0561,-0.0561,-0.06004,-0.05906,-0.05315,-0.05413,-0.0502,-0.05118,-0.0502
2023-05-23 11:21:29,-0.05512,0.42364,0.30099,-1.0,1.0,-0.05512,-0.0561,-0.0561,-0.06004,-0.05906,-0.05315,-0.05413,-0.0502,-0.05118,-0.0502
2023-05-23 11:21:31,-0.05512,0.40529,0.29765,0.0,0.0,-0.05512,-0.0561,-0.0561,-0.06004,-0.05906,-0.05315,-0.05413,-0.0502,-0.05118,-0.0502
2023-05-23 11:21:32,-0.0561,0.4079,0.29927,-1.0,-500.0,-0.0561,-0.0561,-0.0561,-0.06004,-0.05906,-0.05315,-0.05413,-0.0502,-0.05118,-0.0502
2023-05-23 11:21:35,-0.0561,0.35564,0.28624,1000.0,-1.0,-0.0561,-0.0561,-0.0561,-0.06004,-0.05906,-0.05315,-0.05413,-0.0502,-0.05118,-0.0502
2023-05-23 11:21:38,-0.05709,0.35791,0.28624,0.0,430.0,-0.05709,-0.0561,-0.0561,-0.06004,-0.05906,-0.05315,-0.05413,-0.0502,-0.05118,-0.0502
2023-05-23 11:21:40,-0.0561,0.33894,0.28157,-1.0,0.0,-0.0561,-0.0561,-0.0561,-0.06004,-0.05906,-0.05315,-0.05413,-0.0502,-0.05118,-0.0502
2023-05-23 11:21:42,-0.0561,0.34018,0.28244,20.0,0.0,-0.0561,-0.0561,-0.0561,-0.06004,-0.05906,-0.05315,-0.05413,-0.0502,-0.05118,-0.0502
2023-05-23 11:21:43,-0.0561,0.33556,0.28154,0.0,10.0,-0.0561,-0.0561,-0.0561,-0.06004,-0.05906,-0.05315,-0.05413,-0.0502,-0.05118,-0.0502
2023-05-23 11:21:45,-0.05709,0.32435,0.27855,0.0,1000.0,-0.05709,-0.0561,-0.0561,-0.06004,-0.05906,-0.05315,-0.05413,-0.0502,-0.05118,-0.0502
2023-05-23 11:21:47,-0.0561,0.32515,0.28031,4.0,0.0,-0.0561,-0.0561,-0.0561,-0.06004,-0.05906,-0.05315,-0.05413,-0.0502,-0.05118,-0.0502
2023-05-23 11:21:49,-0.0561,0.31876,0.28206,49.0,-1000.0,-0.0561,-0.0561,-0.0561,-0.06004,-0.05906,-0.05315,-0.05413,-0.0502,-0.05118,-0.0502
2023-05-23 11:21:51,-0.05709,0.32001,0.28162,0.0,-1.0,-0.05709,-0.0561,-0.0561,-0.06004,-0.05906,-0.05315,-0.05413,-0.0502,-0.05118,-0.0502
2023-05-23 11:21:53,-0.0561,0.3408,0.28651,0.0,-1.0,-0.0561,-0.0561,-0.0561,-0.06004,-0.05906,-0.05315,-0.05413,-0.0502,-0.05118,-0.0502
2023-05-23 11:21:55,-0.05709,0.35226,0.28911,0.0,-1.0,-0.05709,-0.0561,-0.0561,-0.06004,-0.05906,-0.05315,-0.05413,-0.0502,-0.05118,-0.0502
2023-05-23 11:21:56,-0.0561,0.34667,0.28787,-1.0,0.0,-0.0561,-0.0561,-0.0561,-0.06004,-0.05906,-0.05315,-0.05413,-0.0502,-0.05118,-0.0502
2023-05-23 11:21:58,-0.05709,0.33874,0.28582,0.0,-1.0,-0.05709,-0.0561,-0.0561,-0.06004,-0.05906,-0.05315,-0.05413,-0.0502,-0.05118,-0.0502
2023-05-23 11:22:00,-0.05709,0.22814,0.22119,-1.0,0.0,-0.05709,-0.0561,-0.05709,-0.0561,-0.0561,-0.06004,-0.05906,-0.05315,-0.05413,-0.0502
2023-05-23 11:22:02,-0.05709,0.36026,0.25733,0.0,-1.0,-0.05709,-0.0561,-0.05709,-0.0561,-0.0561,-0.06004,-0.05906,-0.05315,-0.05413,-0.0502
2023-05-23 11:22:04,-0.05709,0.20097,0.19867,0.0,0.0,-0.05709,-0.0561,-0.05709,-0.0561,-0.0561,-0.06004,-0.05906,-0.05315,-0.05413,-0.0502
2023-05-23 11:22:06,-0.05709,0.32575,0.2512,0.0,136.0,-0.05709,-0.0561,-0.05709,-0.0561,-0.0561,-0.06004,-0.05906,-0.05315,-0.05413,-0.0502
2023-05-23 11:22:07,-0.0561,0.29729,0.24348,-6.0,0.0,-0.0561,-0.0561,-0.05709,-0.0561,-0.0561,-0.06004,-0.05906,-0.05315,-0.05413,-0.0502
2023-05-23 11:22:09,-0.05709,0.17285,0.18975,64.0,0.0,-0.05709,-0.0561,-0.05709,-0.0561,-0.0561,-0.06004,-0.05906,-0.05315,-0.05413,-0.0502
2023-05-23 11:22:11,-0.05709,0.16763,0.18794,0.0,0.0,-0.05709,-0.0561,-0.05709,-0.0561,-0.0561,-0.06004,-0.05906,-0.05315,-0.05413,-0.0502
2023-05-23 11:22:13,-0.05807,0.15359,0.18361,0.0,-1.0,-0.05807,-0.0561,-0.05709,-0.0561,-0.0561,-0.06004,-0.05906,-0.05315,-0.05413,-0.0502
2023-05-23 11:22:15,-0.05807,0.15291,0.18316,0.0,5.0,-0.05807,-0.0561,-0.05709,-0.0561,-0.0561,-0.06004,-0.05906,-0.05315,-0.05413,-0.0502
2023-05-23 11:22:17,-0.05709,0.14718,0.18117,250.0,0.0,-0.05709,-0.0561,-0.05709,-0.0561,-0.0561,-0.06004,-0.05906,-0.05315,-0.05413,-0.0502
2023-05-23 11:22:19,-0.05807,0.14405,0.17993,0.0,-60.0,-0.05807,-0.0561,-0.05709,-0.0561,-0.0561,-0.06004,-0.05906,-0.05315,-0.05413,-0.0502
2023-05-23 11:22:21,-0.05709,0.14175,0.17913,1.0,0.0,-0.05709,-0.0561,-0.05709,-0.0561,-0.0561,-0.06004,-0.05906,-0.05315,-0.05413,-0.0502
2023-05-23 11:22:22,-0.05807,0.14112,0.17876,0.0,-1.0,-0.05807,-0.0561,-0.05709,-0.0561,-0.0561,-0.06004,-0.05906,-0.05315,-0.05413,-0.0502
2023-05-23 11:22:24,-0.05709,0.12043,0.17112,0.0,9.0,-0.05709,-0.0561,-0.05709,-0.0561,-0.0561,-0.06004,-0.05906,-0.05315,-0.05413,-0.0502
2023-05-23 11:22:26,-0.05709,0.11174,0.16811,-383.0,0.0,-0.05709,-0.0561,-0.05709,-0.0561,-0.0561,-0.06004,-0.05906,-0.05315,-0.05413,-0.0502
2023-05-23 11:22:28,-0.05709,0.09409,0.15742,0.0,0.0,-0.05709,-0.0561,-0.05709,-0.0561,-0.0561,-0.06004,-0.05906,-0.05315,-0.05413,-0.0502
2023-05-23 11:22:30,-0.05709,0.07697,0.15057,0.0,0.0,-0.05709,-0.0561,-0.05709,-0.0561,-0.0561,-0.06004,-0.05906,-0.05315,-0.05413,-0.0502
2023-05-23 11:22:32,-0.05709,0.07027,0.17736,0.0,0.0,-0.05709,-0.0561,-0.05709,-0.0561,-0.0561,-0.06004,-0.05906,-0.05315,-0.05413,-0.0502
2023-05-23 11:22:34,-0.05709,0.06719,0.17584,-64.0,-64.0,-0.05709,-0.0561,-0.05709,-0.0561,-0.0561,-0.06004,-0.05906,-0.05315,-0.05413,-0.0502
2023-05-23 11:22:35,-0.05709,0.06648,0.17528,0.0,367.0,-0.05709,-0.0561,-0.05709,-0.0561,-0.0561,-0.06004,-0.05906,-0.05315,-0.05413,-0.0502
2023-05-23 11:22:37,-0.0561,0.06019,0.17252,0.0,5.0,-0.0561,-0.0561,-0.05709,-0.0561,-0.0561,-0.06004,-0.05906,-0.05315,-0.05413,-0.0502
2023-05-23 11:22:39,-0.0561,0.05805,0.17188,-1.0,-1.0,-0.0561,-0.0561,-0.05709,-0.0561,-0.0561,-0.06004,-0.05906,-0.05315,-0.05413,-0.0502
2023-05-23 11:22:41,-0.05512,0.10951,0.20694,0.0,-7961.0,-0.05512,-0.0561,-0.05709,-0.0561,-0.0561,-0.06004,-0.05906,-0.05315,-0.05413,-0.0502
2023-05-23 11:22:43,-0.05512,0.10311,0.20762,-170.0,0.0,-0.05512,-0.0561,-0.05709,-0.0561,-0.0561,-0.06004,-0.05906,-0.05315,-0.05413,-0.0502
2023-05-23 11:22:45,-0.05512,0.10246,0.20744,-16.0,16.0,-0.05512,-0.0561,-0.05709,-0.0561,-0.0561,-0.06004,-0.05906,-0.05315,-0.05413,-0.0502
2023-05-23 11:22:47,-0.0561,0.10194,0.20716,0.0,208.0,-0.0561,-0.0561,-0.05709,-0.0561,-0.0561,-0.06004,-0.05906,-0.05315,-0.05413,-0.0502
2023-05-23 11:22:48,-0.05512,0.09992,0.20646,0.0,1.0,-0.05512,-0.0561,-0.05709,-0.0561,-0.0561,-0.06004,-0.05906,-0.05315,-0.05413,-0.0502
2023-05-23 11:22:50,-0.05512,0.28873,0.38218,-1.0,0.0,-0.05512,-0.0561,-0.05709,-0.0561,-0.0561,-0.06004,-0.05906,-0.05315,-0.05413,-0.0502
2023-05-23 11:22:52,-0.05512,0.08363,0.20133,0.0,10.0,-0.05512,-0.0561,-0.05709,-0.0561,-0.0561,-0.06004,-0.05906,-0.05315,-0.05413,-0.0502
2023-05-23 11:22:54,-0.05512,0.11027,0.20829,0.0,3.0,-0.05512,-0.0561,-0.05709,-0.0561,-0.0561,-0.06004,-0.05906,-0.05315,-0.05413,-0.0502
2023-05-23 11:22:56,-0.05512,0.10436,0.20697,12.0,0.0,-0.05512,-0.0561,-0.05709,-0.0561,-0.0561,-0.06004,-0.05906,-0.05315,-0.05413,-0.0502
2023-05-23 11:22:58,-0.05512,0.31086,0.3885,0.0,-330.0,-0.05512,-0.0561,-0.05709,-0.0561,-0.0561,-0.06004,-0.05906,-0.05315,-0.05413,-0.0502
2023-05-23 11:22:59,-0.05709,0.30723,0.389,-30.0,0.0,-0.05709,-0.05709,-0.05709,-0.0561,-0.0561,-0.06004,-0.05906,-0.05315,-0.05413,-0.0502
2023-05-23 11:23:01,-0.05512,0.29456,0.38618,8.0,0.0,-0.05512,-0.05413,-0.05512,-0.0561,-0.05709,-0.0561,-0.0561,-0.06004,-0.05906,-0.05315
2023-05-23 11:23:03,-0.05512,0.33605,0.39391,1000.0,1000.0,-0.05512,-0.05413,-0.05512,-0.0561,-0.05709,-0.0561,-0.0561,-0.06004,-0.05906,-0.05315
2023-05-23 11:23:05,-0.05512,0.27622,0.37698,0.0,-100.0,-0.05512,-0.05413,-0.05512,-0.0561,-0.05709,-0.0561,-0.0561,-0.06004,-0.05906,-0.05315
2023-05-23 11:23:07,-0.05512,0.2847,0.37946,0.0,0.0,-0.05512,-0.05413,-0.05512,-0.0561,-0.05709,-0.0561,-0.0561,-0.06004,-0.05906,-0.05315
2023-05-23 11:23:09,-0.05512,0.31331,0.38826,0.0,329.0,-0.05512,-0.05413,-0.05512,-0.0561,-0.05709,-0.0561,-0.0561,-0.06004,-0.05906,-0.05315
2023-05-23 11:23:10,-0.05413,0.86891,0.45858,0.0,-179.0,-0.05413,-0.05413,-0.05512,-0.0561,-0.05709,-0.0561,-0.0561,-0.06004,-0.05906,-0.05315
2023-05-23 11:23:12,-0.05413,1.72622,0.49068,0.0,10.0,-0.05413,-0.05413,-0.05512,-0.0561,-0.05709,-0.0561,-0.0561,-0.06004,-0.05906,-0.05315
2023-05-23 11:23:14,-0.05315,1.70627,0.4858,-20.0,0.0,-0.05315,-0.05413,-0.05512,-0.0561,-0.05709,-0.0561,-0.0561,-0.06004,-0.05906,-0.05315
2023-05-23 11:23:16,-0.05315,1.52968,0.49221,0.0,50.0,-0.05315,-0.05413,-0.05512,-0.0561,-0.05709,-0.0561,-0.0561,-0.06004,-0.05906,-0.05315
2023-05-23 11:23:18,-0.05315,1.54017,0.49389,0.0,1.0,-0.05315,-0.05413,-0.05512,-0.0561,-0.05709,-0.0561,-0.0561,-0.06004,-0.05906,-0.05315
2023-05-23 11:23:20,-0.05413,0.3114,0.40296,16.0,0.0,-0.05413,-0.05413,-0.05512,-0.0561,-0.05709,-0.0561,-0.0561,-0.06004,-0.05906,-0.05315
2023-05-23 11:23:22,-0.05413,0.33381,0.40653,0.0,2.0,-0.05413,-0.05413,-0.05512,-0.0561,-0.05709,-0.0561,-0.0561,-0.06004,-0.05906,-0.05315
2023-05-23 11:23:23,-0.05413,0.3054,0.39954,125.0,0.0,-0.05413,-0.05413,-0.05512,-0.0561,-0.05709,-0.0561,-0.0561,-0.06004,-0.05906,-0.05315
2023-05-23 11:23:25,-0.05512,0.32546,0.40476,0.0,2.0,-0.05512,-0.05413,-0.05512,-0.0561,-0.05709,-0.0561,-0.0561,-0.06004,-0.05906,-0.05315
2023-05-23 11:23:27,-0.05512,0.34781,0.41141,0.0,0.0,-0.05512,-0.05413,-0.05512,-0.0561,-0.05709,-0.0561,-0.0561,-0.06004,-0.05906,-0.05315
2023-05-23 11:23:29,-0.05413,0.34317,0.41045,-40.0,1.0,-0.05413,-0.05413,-0.05512,-0.0561,-0.05709,-0.0561,-0.0561,-0.06004,-0.05906,-0.05315
2023-05-23 11:23:31,-0.05413,0.33872,0.4355,0.0,220.0,-0.05413,-0.05413,-0.05512,-0.0561,-0.05709,-0.0561,-0.0561,-0.06004,-0.05906,-0.05315
2023-05-23 11:23:33,-0.05413,0.35078,0.43665,250.0,0.0,-0.05413,-0.05413,-0.05512,-0.0561,-0.05709,-0.0561,-0.0561,-0.06004,-0.05906,-0.05315
2023-05-23 11:23:35,-0.05413,0.48033,0.46874,3.0,20.0,-0.05413,-0.05413,-0.05512,-0.0561,-0.05709,-0.0561,-0.0561,-0.06004,-0.05906,-0.05315
2023-05-23 11:23:37,-0.05413,0.48033,0.46874,0.0,0.0,-0.05413,-0.05413,-0.05512,-0.0561,-0.05709,-0.0561,-0.0561,-0.06004,-0.05906,-0.05315
2023-05-23 11:23:38,-0.05413,0.48044,0.46871,50.0,0.0,-0.05413,-0.05413,-0.05512,-0.0561,-0.05709,-0.0561,-0.0561,-0.06004,-0.05906,-0.05315
2023-05-23 11:23:40,-0.05512,0.26272,0.25362,-62.0,0.0,-0.05512,-0.05413,-0.05512,-0.0561,-0.05709,-0.0561,-0.0561,-0.06004,-0.05906,-0.05315
2023-05-23 11:23:42,-0.05512,0.26272,0.25362,0.0,0.0,-0.05512,-0.05413,-0.05512,-0.0561,-0.05709,-0.0561,-0.0561,-0.06004,-0.05906,-0.05315
2023-05-23 11:23:44,-0.05512,0.32488,0.26908,1320.0,0.0,-0.05512,-0.05413,-0.05512,-0.0561,-0.05709,-0.0561,-0.0561,-0.06004,-0.05906,-0.05315
2023-05-23 11:23:46,-0.05512,0.34621,0.38705,0.0,24509.0,-0.05512,-0.05413,-0.05512,-0.0561,-0.05709,-0.0561,-0.0561,-0.06004,-0.05906,-0.05315
2023-05-23 11:23:48,-0.05413,0.36284,0.39121,0.0,-5.0,-0.05413,-0.05413,-0.05512,-0.0561,-0.05709,-0.0561,-0.0561,-0.06004,-0.05906,-0.05315
2023-05-23 11:23:50,-0.05413,0.362,0.39081,0.0,0.0,-0.05413,-0.05413,-0.05512,-0.0561,-0.05709,-0.0561,-0.0561,-0.06004,-0.05906,-0.05315
2023-05-23 11:23:51,-0.05512,0.32701,0.27532,-1.0,0.0,-0.05512,-0.05413,-0.05512,-0.0561,-0.05709,-0.0561,-0.0561,-0.06004,-0.05906,-0.05315
2023-05-23 11:23:53,-0.0561,0.35127,0.28046,0.0,0.0,-0.0561,-0.05413,-0.05512,-0.0561,-0.05709,-0.0561,-0.0561,-0.06004,-0.05906,-0.05315
2023-05-23 11:23:55,-0.05709,0.2886,0.27074,-13938.0,0.0,-0.05709,-0.05413,-0.05512,-0.0561,-0.05709,-0.0561,-0.0561,-0.06004,-0.05906,-0.05315
2023-05-23 11:23:57,-0.05512,1.02591,0.53963,0.0,-150.0,-0.05512,-0.05413,-0.05512,-0.0561,-0.05709,-0.0561,-0.0561,-0.06004,-0.05906,-0.05315
2023-05-23 11:23:59,-0.05512,0.43928,0.29553,-5.0,-5.0,-0.05512,-0.05413,-0.05512,-0.0561,-0.05709,-0.0561,-0.0561,-0.06004,-0.05906,-0.05315
2023-05-23 11:24:01,-0.05512,0.44822,0.3065,300.0,0.0,-0.05512,-0.05512,-0.05512,-0.05413,-0.05512,-0.0561,-0.05709,-0.0561,-0.0561,-0.06004
2023-05-23 11:24:03,-0.05512,0.44601,0.30603,-1.0,0.0,-0.05512,-0.05512,-0.05512,-0.05413,-0.05512,-0.0561,-0.05709,-0.0561,-0.0561,-0.06004
2023-05-23 11:24:04,-0.05709,0.30495,0.28333,10.0,0.0,-0.05709,-0.05512,-0.05512,-0.05413,-0.05512,-0.0561,-0.05709,-0.0561,-0.0561,-0.06004
2023-05-23 11:24:06,-0.05709,0.30903,0.28441,100.0,0.0,-0.05709,-0.05512,-0.05512,-0.05413,-0.05512,-0.0561,-0.05709,-0.0561,-0.0561,-0.06004
2023-05-23 11:24:08,-0.05512,0.29428,0.28029,0.0,5.0,-0.05512,-0.05512,-0.05512,-0.05413,-0.05512,-0.0561,-0.05709,-0.0561,-0.0561,-0.06004
2023-05-23 11:24:10,-0.05512,0.30875,0.27863,500.0,1.0,-0.05512,-0.05512,-0.05512,-0.05413,-0.05512,-0.0561,-0.05709,-0.0561,-0.0561,-0.06004
2023-05-23 11:24:12,-0.05709,0.2667,0.2271,-6769.0,0.0,-0.05709,-0.05512,-0.05512,-0.05413,-0.05512,-0.0561,-0.05709,-0.0561,-0.0561,-0.06004
2023-05-23 11:24:14,-0.05709,0.26866,0.22759,0.0,0.0,-0.05709,-0.05512,-0.05512,-0.05413,-0.05512,-0.0561,-0.05709,-0.0561,-0.0561,-0.06004
2023-05-23 11:24:16,-0.05709,0.27536,0.22955,0.0,0.0,-0.05709,-0.05512,-0.05512,-0.05413,-0.05512,-0.0561,-0.05709,-0.0561,-0.0561,-0.06004
2023-05-23 11:24:17,-0.05709,0.27689,0.23001,0.0,105.0,-0.05709,-0.05512,-0.05512,-0.05413,-0.05512,-0.0561,-0.05709,-0.0561,-0.0561,-0.06004
2023-05-23 11:24:19,-0.05709,0.22864,0.21594,0.0,27.0,-0.05709,-0.05512,-0.05512,-0.05413,-0.05512,-0.0561,-0.05709,-0.0561,-0.0561,-0.06004
2023-05-23 11:24:21,-0.0561,0.26723,0.22761,517.0,0.0,-0.0561,-0.05512,-0.05512,-0.05413,-0.05512,-0.0561,-0.05709,-0.0561,-0.0561,-0.06004
2023-05-23 11:24:23,-0.0561,0.24034,0.21948,0.0,1.0,-0.0561,-0.05512,-0.05512,-0.05413,-0.05512,-0.0561,-0.05709,-0.0561,-0.0561,-0.06004
2023-05-23 11:24:25,-0.05709,0.24237,0.21989,0.0,105.0,-0.05709,-0.05512,-0.05512,-0.05413,-0.05512,-0.0561,-0.05709,-0.0561,-0.0561,-0.06004
2023-05-23 11:24:27,-0.05709,0.24684,0.22119,0.0,-418.0,-0.05709,-0.05512,-0.05512,-0.05413,-0.05512,-0.0561,-0.05709,-0.0561,-0.0561,-0.06004
2023-05-23 11:24:29,-0.05709,0.25983,0.22475,0.0,-2000.0,-0.05709,-0.05512,-0.05512,-0.05413,-0.05512,-0.0561,-0.05709,-0.0561,-0.0561,-0.06004
2023-05-23 11:24:30,-0.05709,0.26194,0.22511,0.0,-206.0,-0.05709,-0.05512,-0.05512,-0.05413,-0.05512,-0.0561,-0.05709,-0.0561,-0.0561,-0.06004
2023-05-23 11:24:32,-0.05709,0.16162,0.19429,-1283.0,19531.0,-0.05709,-0.05512,-0.05512,-0.05413,-0.05512,-0.0561,-0.05709,-0.0561,-0.0561,-0.06004
2023-05-23 11:24:34,-0.05807,0.15774,0.19287,3.0,-20.0,-0.05807,-0.05512,-0.05512,-0.05413,-0.05512,-0.0561,-0.05709,-0.0561,-0.0561,-0.06004
2023-05-23 11:24:36,-0.05807,0.1578,0.1929,0.0,-30.0,-0.05807,-0.05512,-0.05512,-0.05413,-0.05512,-0.0561,-0.05709,-0.0561,-0.0561,-0.06004
2023-05-23 11:24:38,-0.05807,0.18891,0.19798,0.0,10.0,-0.05807,-0.05512,-0.05512,-0.05413,-0.05512,-0.0561,-0.05709,-0.0561,-0.0561,-0.06004
2023-05-23 11:24:40,-0.05807,0.19867,0.20112,0.0,400.0,-0.05807,-0.05512,-0.05512,-0.05413,-0.05512,-0.0561,-0.05709,-0.0561,-0.0561,-0.06004
2023-05-23 11:24:42,-0.05807,0.21042,0.20454,0.0,-305.0,-0.05807,-0.05512,-0.05512,-0.05413,-0.05512,-0.0561,-0.05709,-0.0561,-0.0561,-0.06004
2023-05-23 11:24:44,-0.05807,0.21391,0.20536,-19.0,-206.0,-0.05807,-0.05512,-0.05512,-0.05413,-0.05512,-0.0561,-0.05709,-0.0561,-0.0561,-0.06004
2023-05-23 11:24:47,-0.05709,0.2135,0.20524,-20.0,0.0,-0.05709,-0.05512,-0.05512,-0.05413,-0.05512,-0.0561,-0.05709,-0.0561,-0.0561,-0.06004
2023-05-23 11:24:49,-0.05807,0.21258,0.20492,1.0,0.0,-0.05807,-0.05512,-0.05512,-0.05413,-0.05512,-0.0561,-0.05709,-0.0561,-0.0561,-0.06004
2023-05-23 11:24:51,-0.05807,0.21437,0.20534,0.0,-180.0,-0.05807,-0.05512,-0.05512,-0.05413,-0.05512,-0.0561,-0.05709,-0.0561,-0.0561,-0.06004
2023-05-23 11:24:53,-0.05807,0.21865,0.20084,1.0,0.0,-0.05807,-0.05512,-0.05512,-0.05413,-0.05512,-0.0561,-0.05709,-0.0561,-0.0561,-0.06004
2023-05-23 11:24:54,-0.05906,0.14096,0.16762,300.0,0.0,-0.05906,-0.05512,-0.05512,-0.05413,-0.05512,-0.0561,-0.05709,-0.0561,-0.0561,-0.06004
2023-05-23 11:24:56,-0.05906,0.14096,0.16762,0.0,-1.0,-0.05906,-0.05512,-0.05512,-0.05413,-0.05512,-0.0561,-0.05709,-0.0561,-0.0561,-0.06004
2023-05-23 11:24:58,-0.05906,0.14102,0.156,0.0,20.0,-0.05906,-0.05512,-0.05512,-0.05413,-0.05512,-0.0561,-0.05709,-0.0561,-0.0561,-0.06004
2023-05-23 11:25:00,-0.05807,0.14037,0.15578,-20.0,0.0,-0.05807,-0.05512,-0.05512,-0.05512,-0.05512,-0.05413,-0.05512,-0.0561,-0.05709,-0.0561
2023-05-23 11:25:02,-0.05906,0.14218,0.15643,0.0,1.0,-0.05906,-0.05906,-0.05807,-0.05512,-0.05512,-0.05413,-0.05512,-0.0561,-0.05709,-0.0561
2023-05-23 11:25:04,-0.05807,0.13556,0.15413,0.0,-10.0,-0.05807,-0.05906,-0.05807,-0.05512,-0.05512,-0.05413,-0.05512,-0.0561,-0.05709,-0.0561
2023-05-23 11:25:06,-0.05709,0.21988,0.18567,0.0,10.0,-0.05709,-0.05906,-0.05807,-0.05512,-0.05512,-0.05413,-0.05512,-0.0561,-0.05709,-0.0561
2023-05-23 11:25:07,-0.05807,0.12263,0.14988,0.0,0.0,-0.05807,-0.05906,-0.05807,-0.05512,-0.05512,-0.05413,-0.05512,-0.0561,-0.05709,-0.0561
2023-05-23 11:25:09,-0.05807,0.21759,0.1847,0.0,0.0,-0.05807,-0.05906,-0.05807,-0.05512,-0.05512,-0.05413,-0.05512,-0.0561,-0.05709,-0.0561
2023-05-23 11:25:11,-0.05807,0.16791,0.18005,0.0,3164.0,-0.05807,-0.05906,-0.05807,-0.05512,-0.05512,-0.05413,-0.05512,-0.0561,-0.05709,-0.0561
2023-05-23 11:25:13,-0.05906,0.15526,0.16057,0.0,-38.0,-0.05906,-0.05906,-0.05807,-0.05512,-0.05512,-0.05413,-0.05512,-0.0561,-0.05709,-0.0561
2023-05-23 11:25:15,-0.05906,0.15493,0.15987,0.0,0.0,-0.05906,-0.05906,-0.05807,-0.05512,-0.05512,-0.05413,-0.05512,-0.0561,-0.05709,-0.0561
2023-05-23 11:25:17,-0.05906,0.15375,0.15654,0.0,-100.0,-0.05906,-0.05906,-0.05807,-0.05512,-0.05512,-0.05413,-0.05512,-0.0561,-0.05709,-0.0561
2023-05-23 11:25:19,-0.05906,0.15544,0.15704,0.0,50.0,-0.05906,-0.05906,-0.05807,-0.05512,-0.05512,-0.05413,-0.05512,-0.0561,-0.05709,-0.0561
2023-05-23 11:25:21,-0.05906,0.15441,0.15669,0.0,300.0,-0.05906,-0.05906,-0.05807,-0.05512,-0.05512,-0.05413,-0.05512,-0.0561,-0.05709,-0.0561
2023-05-23 11:25:22,-0.05906,0.15442,0.15669,2.0,0.0,-0.05906,-0.05906,-0.05807,-0.05512,-0.05512,-0.05413,-0.05512,-0.0561,-0.05709,-0.0561
2023-05-23 11:25:24,-0.05807,0.15567,0.15712,-10.0,0.0,-0.05807,-0.05906,-0.05807,-0.05512,-0.05512,-0.05413,-0.05512,-0.0561,-0.05709,-0.0561
2023-05-23 11:25:26,-0.05906,0.15924,0.15831,0.0,100.0,-0.05906,-0.05906,-0.05807,-0.05512,-0.05512,-0.05413,-0.05512,-0.0561,-0.05709,-0.0561
2023-05-23 11:25:28,-0.05807,0.16307,0.15965,-10.0,0.0,-0.05807,-0.05906,-0.05807,-0.05512,-0.05512,-0.05413,-0.05512,-0.0561,-0.05709,-0.0561
2023-05-23 11:25:30,-0.05906,0.16435,0.16006,0.0,-410.0,-0.05906,-0.05906,-0.05807,-0.05512,-0.05512,-0.05413,-0.05512,-0.0561,-0.05709,-0.0561
2023-05-23 11:25:32,-0.05906,0.16419,0.15976,0.0,-1.0,-0.05906,-0.05906,-0.05807,-0.05512,-0.05512,-0.05413,-0.05512,-0.0561,-0.05709,-0.0561
2023-05-23 11:25:34,-0.05906,0.15609,0.15704,0.0,-1.0,-0.05906,-0.05906,-0.05807,-0.05512,-0.05512,-0.05413,-0.05512,-0.0561,-0.05709,-0.0561
2023-05-23 11:25:35,-0.05906,0.15742,0.15751,0.0,62.0,-0.05906,-0.05906,-0.05807,-0.05512,-0.05512,-0.05413,-0.05512,-0.0561,-0.05709,-0.0561
2023-05-23 11:25:37,-0.05807,0.21305,0.18336,0.0,-97.0,-0.05807,-0.05906,-0.05807,-0.05512,-0.05512,-0.05413,-0.05512,-0.0561,-0.05709,-0.0561
2023-05-23 11:25:39,-0.05807,0.21348,0.18896,0.0,-120.0,-0.05807,-0.05906,-0.05807,-0.05512,-0.05512,-0.05413,-0.05512,-0.0561,-0.05709,-0.0561
2023-05-23 11:25:41,-0.05807,0.23872,0.18578,0.0,0.0,-0.05807,-0.05906,-0.05807,-0.05512,-0.05512,-0.05413,-0.05512,-0.0561,-0.05709,-0.0561
2023-05-23 11:25:43,-0.05807,0.20925,0.17977,0.0,1.0,-0.05807,-0.05906,-0.05807,-0.05512,-0.05512,-0.05413,-0.05512,-0.0561,-0.05709,-0.0561
2023-05-23 11:25:45,-0.05807,0.2018,0.17784,0.0,0.0,-0.05807,-0.05906,-0.05807,-0.05512,-0.05512,-0.05413,-0.05512,-0.0561,-0.05709,-0.0561
2023-05-23 11:25:47,-0.05709,0.16331,0.1662,31.0,0.0,-0.05709,-0.05906,-0.05807,-0.05512,-0.05512,-0.05413,-0.05512,-0.0561,-0.05709,-0.0561
2023-05-23 11:25:48,-0.05807,0.16219,0.16585,0.0,0.0,-0.05807,-0.05906,-0.05807,-0.05512,-0.05512,-0.05413,-0.05512,-0.0561,-0.05709,-0.0561
2023-05-23 11:25:50,-0.05807,0.16211,0.16579,11.0,20.0,-0.05807,-0.05906,-0.05807,-0.05512,-0.05512,-0.05413,-0.05512,-0.0561,-0.05709,-0.0561
2023-05-23 11:25:52,-0.05807,0.1266,0.15495,9.0,-42.0,-0.05807,-0.05906,-0.05807,-0.05512,-0.05512,-0.05413,-0.05512,-0.0561,-0.05709,-0.0561
2023-05-23 11:25:54,-0.05709,0.1334,0.15697,0.0,1.0,-0.05709,-0.05906,-0.05807,-0.05512,-0.05512,-0.05413,-0.05512,-0.0561,-0.05709,-0.0561
2023-05-23 11:25:56,-0.05709,0.13969,0.15883,0.0,2.0,-0.05709,-0.05906,-0.05807,-0.05512,-0.05512,-0.05413,-0.05512,-0.0561,-0.05709,-0.0561
2023-05-23 11:25:58,-0.05807,0.14724,0.15576,0.0,-1000.0,-0.05807,-0.05906,-0.05807,-0.05512,-0.05512,-0.05413,-0.05512,-0.0561,-0.05709,-0.0561
2023-05-23 11:26:00,-0.05807,0.14769,0.1559,0.0,0.0,-0.05807,-0.05807,-0.05807,-0.05906,-0.05807,-0.05512,-0.05512,-0.05413,-0.05512,-0.0561
2023-05-23 11:26:02,-0.05709,0.16494,0.15644,0.0,0.0,-0.05709,-0.05807,-0.05807,-0.05906,-0.05807,-0.05512,-0.05512,-0.05413,-0.05512,-0.0561
2023-05-23 11:26:03,-0.0561,0.2336,0.2097,-1.0,0.0,-0.0561,-0.05807,-0.05807,-0.05906,-0.05807,-0.05512,-0.05512,-0.05413,-0.05512,-0.0561
2023-05-23 11:26:05,-0.05807,0.23227,0.2094,0.0,-23447.0,-0.05807,-0.05807,-0.05807,-0.05906,-0.05807,-0.05512,-0.05512,-0.05413,-0.05512,-0.0561
2023-05-23 11:26:07,-0.05709,0.23221,0.20939,0.0,-2.0,-0.05709,-0.05807,-0.05807,-0.05906,-0.05807,-0.05512,-0.05512,-0.05413,-0.05512,-0.0561
2023-05-23 11:26:09,-0.05709,0.23336,0.21556,1.0,0.0,-0.05709,-0.05807,-0.05807,-0.05906,-0.05807,-0.05512,-0.05512,-0.05413,-0.05512,-0.0561
2023-05-23 11:26:11,-0.05709,0.22477,0.21339,0.0,0.0,-0.05709,-0.05807,-0.05807,-0.05906,-0.05807,-0.05512,-0.05512,-0.05413,-0.05512,-0.0561
2023-05-23 11:26:13,-0.05709,0.19128,0.16953,412.0,-140.0,-0.05709,-0.05807,-0.05807,-0.05906,-0.05807,-0.05512,-0.05512,-0.05413,-0.05512,-0.0561
2023-05-23 11:26:15,-0.05709,0.20057,0.25199,0.0,0.0,-0.05709,-0.05807,-0.05807,-0.05906,-0.05807,-0.05512,-0.05512,-0.05413,-0.05512,-0.0561
2023-05-23 11:26:16,-0.05709,0.20045,0.25195,0.0,20.0,-0.05709,-0.05807,-0.05807,-0.05906,-0.05807,-0.05512,-0.05512,-0.05413,-0.05512,-0.0561
2023-05-23 11:26:18,-0.05709,0.20033,0.2519,0.0,20.0,-0.05709,-0.05807,-0.05807,-0.05906,-0.05807,-0.05512,-0.05512,-0.05413,-0.05512,-0.0561
2023-05-23 11:26:20,-0.05709,0.19593,0.25034,0.0,11.0,-0.05709,-0.05807,-0.05807,-0.05906,-0.05807,-0.05512,-0.05512,-0.05413,-0.05512,-0.0561
2023-05-23 11:26:22,-0.05709,0.19596,0.2546,0.0,5.0,-0.05709,-0.05807,-0.05807,-0.05906,-0.05807,-0.05512,-0.05512,-0.05413,-0.05512,-0.0561
2023-05-23 11:26:24,-0.05709,0.15766,0.19828,0.0,0.0,-0.05709,-0.05807,-0.05807,-0.05906,-0.05807,-0.05512,-0.05512,-0.05413,-0.05512,-0.0561
2023-05-23 11:26:26,-0.0561,0.15741,0.19821,0.0,3.0,-0.0561,-0.05807,-0.05807,-0.05906,-0.05807,-0.05512,-0.05512,-0.05413,-0.05512,-0.0561
2023-05-23 11:26:28,-0.05709,0.16362,0.19995,200.0,0.0,-0.05709,-0.05807,-0.05807,-0.05906,-0.05807,-0.05512,-0.05512,-0.05413,-0.05512,-0.0561
2023-05-23 11:26:29,-0.05709,0.16417,0.20014,0.0,-17.0,-0.05709,-0.05807,-0.05807,-0.05906,-0.05807,-0.05512,-0.05512,-0.05413,-0.05512,-0.0561
2023-05-23 11:26:31,-0.05709,0.16713,0.20114,0.0,0.0,-0.05709,-0.05807,-0.05807,-0.05906,-0.05807,-0.05512,-0.05512,-0.05413,-0.05512,-0.0561
2023-05-23 11:26:33,-0.05709,0.1643,0.2003,0.0,-76.0,-0.05709,-0.05807,-0.05807,-0.05906,-0.05807,-0.05512,-0.05512,-0.05413,-0.05512,-0.0561
2023-05-23 11:26:35,-0.05709,0.16297,0.20069,100.0,0.0,-0.05709,-0.05807,-0.05807,-0.05906,-0.05807,-0.05512,-0.05512,-0.05413,-0.05512,-0.0561
2023-05-23 11:26:37,-0.0561,0.16031,0.19979,0.0,1.0,-0.0561,-0.05807,-0.05807,-0.05906,-0.05807,-0.05512,-0.05512,-0.05413,-0.05512,-0.0561
2023-05-23 11:26:39,-0.05709,0.16007,0.19969,0.0,0.0,-0.05709,-0.05807,-0.05807,-0.05906,-0.05807,-0.05512,-0.05512,-0.05413,-0.05512,-0.0561
2023-05-23 11:26:40,-0.0561,0.16184,0.197,0.0,4.0,-0.0561,-0.05807,-0.05807,-0.05906,-0.05807,-0.05512,-0.05512,-0.05413,-0.05512,-0.0561
2023-05-23 11:26:42,-0.05709,0.16185,0.197,0.0,-50.0,-0.05709,-0.05807,-0.05807,-0.05906,-0.05807,-0.05512,-0.05512,-0.05413,-0.05512,-0.0561
2023-05-23 11:26:44,-0.05709,0.1611,0.19674,1.0,0.0,-0.05709,-0.05807,-0.05807,-0.05906,-0.05807,-0.05512,-0.05512,-0.05413,-0.05512,-0.0561
2023-05-23 11:26:46,-0.05709,0.16206,0.19708,0.0,1.0,-0.05709,-0.05807,-0.05807,-0.05906,-0.05807,-0.05512,-0.05512,-0.05413,-0.05512,-0.0561
2023-05-23 11:26:48,-0.05709,0.15886,0.19635,0.0,100.0,-0.05709,-0.05807,-0.05807,-0.05906,-0.05807,-0.05512,-0.05512,-0.05413,-0.05512,-0.0561
2023-05-23 11:26:50,-0.0561,0.56298,0.31212,-10.0,-10.0,-0.0561,-0.05807,-0.05807,-0.05906,-0.05807,-0.05512,-0.05512,-0.05413,-0.05512,-0.0561
2023-05-23 11:26:51,-0.05807,0.59591,0.31715,0.0,-1682.0,-0.05807,-0.05807,-0.05807,-0.05906,-0.05807,-0.05512,-0.05512,-0.05413,-0.05512,-0.0561
2023-05-23 11:26:53,-0.05709,0.39838,0.23728,-3734.0,23452.0,-0.05709,-0.05807,-0.05807,-0.05906,-0.05807,-0.05512,-0.05512,-0.05413,-0.05512,-0.0561
2023-05-23 11:26:55,-0.05807,0.39808,0.23722,0.0,1.0,-0.05807,-0.05807,-0.05807,-0.05906,-0.05807,-0.05512,-0.05512,-0.05413,-0.05512,-0.0561
2023-05-23 11:26:57,-0.05807,0.39753,0.23641,0.0,0.0,-0.05807,-0.05807,-0.05807,-0.05906,-0.05807,-0.05512,-0.05512,-0.05413,-0.05512,-0.0561
2023-05-23 11:26:59,-0.05709,0.56297,0.30998,0.0,1313.0,-0.05709,-0.05807,-0.05807,-0.05906,-0.05807,-0.05512,-0.05512,-0.05413,-0.05512,-0.0561
2023-05-23 11:27:01,-0.05709,0.38607,0.23416,132.0,0.0,-0.05709,-0.05709,-0.05709,-0.05807,-0.05807,-0.05906,-0.05807,-0.05512,-0.05512,-0.05413
2023-05-23 11:27:03,-0.05709,0.38607,0.23416,0.0,1.0,-0.05709,-0.05709,-0.05709,-0.05807,-0.05807,-0.05906,-0.05807,-0.05512,-0.05512,-0.05413
2023-05-23 11:27:04,-0.05807,0.5639,0.31012,0.0,1.0,-0.05807,-0.05709,-0.05709,-0.05807,-0.05807,-0.05906,-0.05807,-0.05512,-0.05512,-0.05413
2023-05-23 11:27:06,-0.05807,0.40124,0.23783,0.0,0.0,-0.05807,-0.05709,-0.05709,-0.05807,-0.05807,-0.05906,-0.05807,-0.05512,-0.05512,-0.05413
2023-05-23 11:27:08,-0.05807,0.40108,0.23814,1.0,0.0,-0.05807,-0.05709,-0.05709,-0.05807,-0.05807,-0.05906,-0.05807,-0.05512,-0.05512,-0.05413
2023-05-23 11:27:10,-0.05807,0.41998,0.24424,0.0,1.0,-0.05807,-0.05709,-0.05709,-0.05807,-0.05807,-0.05906,-0.05807,-0.05512,-0.05512,-0.05413
2023-05-23 11:27:12,-0.05807,0.41783,0.24362,0.0,210.0,-0.05807,-0.05709,-0.05709,-0.05807,-0.05807,-0.05906,-0.05807,-0.05512,-0.05512,-0.05413
2023-05-23 11:27:14,-0.05807,0.52205,0.28213,0.0,0.0,-0.05807,-0.05709,-0.05709,-0.05807,-0.05807,-0.05906,-0.05807,-0.05512,-0.05512,-0.05413
2023-05-23 11:27:16,-0.05906,0.52286,0.28229,0.0,0.0,-0.05906,-0.05709,-0.05709,-0.05807,-0.05807,-0.05906,-0.05807,-0.05512,-0.05512,-0.05413
2023-05-23 11:27:17,-0.05807,0.51249,0.27382,-1075.0,0.0,-0.05807,-0.05709,-0.05709,-0.05807,-0.05807,-0.05906,-0.05807,-0.05512,-0.05512,-0.05413
2023-05-23 11:27:19,-0.05906,0.5198,0.27472,0.0,0.0,-0.05906,-0.05709,-0.05709,-0.05807,-0.05807,-0.05906,-0.05807,-0.05512,-0.05512,-0.05413
2023-05-23 11:27:21,-0.05807,0.51849,0.27425,-10.0,0.0,-0.05807,-0.05709,-0.05709,-0.05807,-0.05807,-0.05906,-0.05807,-0.05512,-0.05512,-0.05413
2023-05-23 11:27:23,-0.05906,0.52076,0.27468,0.0,-47.0,-0.05906,-0.05709,-0.05709,-0.05807,-0.05807,-0.05906,-0.05807,-0.05512,-0.05512,-0.05413
2023-05-23 11:27:25,-0.05906,0.62927,0.31363,0.0,2.0,-0.05906,-0.05709,-0.05709,-0.05807,-0.05807,-0.05906,-0.05807,-0.05512,-0.05512,-0.05413
2023-05-23 11:27:27,-0.05906,0.61557,0.31047,0.0,7.0,-0.05906,-0.05709,-0.05709,-0.05807,-0.05807,-0.05906,-0.05807,-0.05512,-0.05512,-0.05413
2023-05-23 11:27:28,-0.05807,0.51034,0.27235,0.0,1.0,-0.05807,-0.05709,-0.05709,-0.05807,-0.05807,-0.05906,-0.05807,-0.05512,-0.05512,-0.05413
2023-05-23 11:27:30,-0.06004,0.34373,0.21533,622.0,0.0,-0.06004,-0.05709,-0.05709,-0.05807,-0.05807,-0.05906,-0.05807,-0.05512,-0.05512,-0.05413
2023-05-23 11:27:32,-0.05906,0.32397,0.20553,1.0,-210.0,-0.05906,-0.05709,-0.05709,-0.05807,-0.05807,-0.05906,-0.05807,-0.05512,-0.05512,-0.05413
2023-05-23 11:27:34,-0.06004,0.32402,0.20554,1.0,0.0,-0.06004,-0.05709,-0.05709,-0.05807,-0.05807,-0.05906,-0.05807,-0.05512,-0.05512,-0.05413
2023-05-23 11:27:36,-0.05906,0.33143,0.20718,0.0,5.0,-0.05906,-0.05709,-0.05709,-0.05807,-0.05807,-0.05906,-0.05807,-0.05512,-0.05512,-0.05413
2023-05-23 11:27:38,-0.05906,0.33635,0.21044,0.0,0.0,-0.05906,-0.05709,-0.05709,-0.05807,-0.05807,-0.05906,-0.05807,-0.05512,-0.05512,-0.05413
2023-05-23 11:27:40,-0.05906,0.33635,0.21043,0.0,1.0,-0.05906,-0.05709,-0.05709,-0.05807,-0.05807,-0.05906,-0.05807,-0.05512,-0.05512,-0.05413
2023-05-23 11:27:42,-0.05906,0.33231,0.2094,0.0,470.0,-0.05906,-0.05709,-0.05709,-0.05807,-0.05807,-0.05906,-0.05807,-0.05512,-0.05512,-0.05413
2023-05-23 11:27:43,-0.05906,0.3498,0.21636,1013.0,0.0,-0.05906,-0.05709,-0.05709,-0.05807,-0.05807,-0.05906,-0.05807,-0.05512,-0.05512,-0.05413
2023-05-23 11:27:45,-0.05906,0.34889,0.21618,0.0,1.0,-0.05906,-0.05709,-0.05709,-0.05807,-0.05807,-0.05906,-0.05807,-0.05512,-0.05512,-0.05413
2023-05-23 11:27:47,-0.06004,0.31753,0.20407,0.0,-22.0,-0.06004,-0.05709,-0.05709,-0.05807,-0.05807,-0.05906,-0.05807,-0.05512,-0.05512,-0.05413
2023-05-23 11:27:49,-0.05906,0.22953,0.16912,0.0,100.0,-0.05906,-0.05709,-0.05709,-0.05807,-0.05807,-0.05906,-0.05807,-0.05512,-0.05512,-0.05413
2023-05-23 11:27:51,-0.05906,0.2249,0.16759,-759.0,0.0,-0.05906,-0.05709,-0.05709,-0.05807,-0.05807,-0.05906,-0.05807,-0.05512,-0.05512,-0.05413
2023-05-23 11:27:53,-0.06004,0.21979,0.1648,0.0,0.0,-0.06004,-0.05709,-0.05709,-0.05807,-0.05807,-0.05906,-0.05807,-0.05512,-0.05512,-0.05413
2023-05-23 11:27:56,-0.06004,0.19509,0.15646,0.0,3.0,-0.06004,-0.05709,-0.05709,-0.05807,-0.05807,-0.05906,-0.05807,-0.05512,-0.05512,-0.05413
2023-05-23 11:27:58,-0.06004,0.17681,0.15038,0.0,839.0,-0.06004,-0.05709,-0.05709,-0.05807,-0.05807,-0.05906,-0.05807,-0.05512,-0.05512,-0.05413
2023-05-23 11:28:00,-0.06004,0.17602,0.15015,0.0,-10.0,-0.06004,-0.06004,-0.06004,-0.05709,-0.05709,-0.05807,-0.05807,-0.05906,-0.05807,-0.05512
2023-05-23 11:28:02,-0.06004,0.18372,0.15261,-20.0,0.0,-0.06004,-0.06004,-0.06004,-0.05709,-0.05709,-0.05807,-0.05807,-0.05906,-0.05807,-0.05512
2023-05-23 11:28:04,-0.06004,0.18414,0.15584,0.0,-11.0,-0.06004,-0.06004,-0.06004,-0.05709,-0.05709,-0.05807,-0.05807,-0.05906,-0.05807,-0.05512
2023-05-23 11:28:06,-0.06004,0.18544,0.15622,0.0,0.0,-0.06004,-0.06004,-0.06004,-0.05709,-0.05709,-0.05807,-0.05807,-0.05906,-0.05807,-0.05512
2023-05-23 11:28:07,-0.06004,0.187,0.15673,0.0,0.0,-0.06004,-0.06004,-0.06004,-0.05709,-0.05709,-0.05807,-0.05807,-0.05906,-0.05807,-0.05512
2023-05-23 11:28:09,-0.06004,0.1825,0.15619,0.0,1050.0,-0.06004,-0.06004,-0.06004,-0.05709,-0.05709,-0.05807,-0.05807,-0.05906,-0.05807,-0.05512
2023-05-23 11:28:11,-0.06004,0.18157,0.15592,0.0,5.0,-0.06004,-0.06004,-0.06004,-0.05709,-0.05709,-0.05807,-0.05807,-0.05906,-0.05807,-0.05512
2023-05-23 11:28:13,-0.06004,0.15021,0.14502,0.0,-1250.0,-0.06004,-0.06004,-0.06004,-0.05709,-0.05709,-0.05807,-0.05807,-0.05906,-0.05807,-0.05512
2023-05-23 11:28:15,-0.05906,0.1533,0.146,-30.0,0.0,-0.05906,-0.06004,-0.06004,-0.05709,-0.05709,-0.05807,-0.05807,-0.05906,-0.05807,-0.05512
2023-05-23 11:28:17,-0.06004,0.15602,0.14674,0.0,-398.0,-0.06004,-0.06004,-0.06004,-0.05709,-0.05709,-0.05807,-0.05807,-0.05906,-0.05807,-0.05512
2023-05-23 11:28:19,-0.06004,0.18616,0.15686,0.0,0.0,-0.06004,-0.06004,-0.06004,-0.05709,-0.05709,-0.05807,-0.05807,-0.05906,-0.05807,-0.05512
2023-05-23 11:28:20,-0.06004,0.19029,0.15801,0.0,-952.0,-0.06004,-0.06004,-0.06004,-0.05709,-0.05709,-0.05807,-0.05807,-0.05906,-0.05807,-0.05512
2023-05-23 11:28:22,-0.06004,0.16994,0.1513,0.0,-70.0,-0.06004,-0.06004,-0.06004,-0.05709,-0.05709,-0.05807,-0.05807,-0.05906,-0.05807,-0.05512
2023-05-23 11:28:24,-0.06004,0.14345,0.14243,0.0,1.0,-0.06004,-0.06004,-0.06004,-0.05709,-0.05709,-0.05807,-0.05807,-0.05906,-0.05807,-0.05512
2023-05-23 11:28:26,-0.06004,0.14445,0.14279,0.0,0.0,-0.06004,-0.06004,-0.06004,-0.05709,-0.05709,-0.05807,-0.05807,-0.05906,-0.05807,-0.05512
2023-05-23 11:28:28,-0.06004,0.14677,0.14364,0.0,-100.0,-0.06004,-0.06004,-0.06004,-0.05709,-0.05709,-0.05807,-0.05807,-0.05906,-0.05807,-0.05512
2023-05-23 11:28:30,-0.06004,0.14307,0.14227,0.0,-9.0,-0.06004,-0.06004,-0.06004,-0.05709,-0.05709,-0.05807,-0.05807,-0.05906,-0.05807,-0.05512
2023-05-23 11:28:31,-0.06004,0.14448,0.1429,0.0,-100.0,-0.06004,-0.06004,-0.06004,-0.05709,-0.05709,-0.05807,-0.05807,-0.05906,-0.05807,-0.05512
2023-05-23 11:28:33,-0.05906,0.14622,0.14353,405.0,0.0,-0.05906,-0.06004,-0.06004,-0.05709,-0.05709,-0.05807,-0.05807,-0.05906,-0.05807,-0.05512
2023-05-23 11:28:35,-0.05906,0.1458,0.14315,0.0,0.0,-0.05906,-0.06004,-0.06004,-0.05709,-0.05709,-0.05807,-0.05807,-0.05906,-0.05807,-0.05512
2023-05-23 11:28:37,-0.05906,0.19244,0.16098,0.0,2.0,-0.05906,-0.06004,-0.06004,-0.05709,-0.05709,-0.05807,-0.05807,-0.05906,-0.05807,-0.05512
2023-05-23 11:28:39,-0.05906,0.18928,0.16012,0.0,208.0,-0.05906,-0.06004,-0.06004,-0.05709,-0.05709,-0.05807,-0.05807,-0.05906,-0.05807,-0.05512
2023-05-23 11:28:41,-0.05906,0.19337,0.16108,0.0,0.0,-0.05906,-0.06004,-0.06004,-0.05709,-0.05709,-0.05807,-0.05807,-0.05906,-0.05807,-0.05512
2023-05-23 11:28:43,-0.05906,0.19156,0.16055,0.0,10.0,-0.05906,-0.06004,-0.06004,-0.05709,-0.05709,-0.05807,-0.05807,-0.05906,-0.05807,-0.05512
2023-05-23 11:28:45,-0.05906,0.17803,0.15697,0.0,0.0,-0.05906,-0.06004,-0.06004,-0.05709,-0.05709,-0.05807,-0.05807,-0.05906,-0.05807,-0.05512
2023-05-23 11:28:46,-0.05807,0.17136,0.15437,0.0,0.0,-0.05807,-0.06004,-0.06004,-0.05709,-0.05709,-0.05807,-0.05807,-0.05906,-0.05807,-0.05512
2023-05-23 11:28:48,-0.05807,0.17121,0.15432,0.0,2.0,-0.05807,-0.06004,-0.06004,-0.05709,-0.05709,-0.05807,-0.05807,-0.05906,-0.05807,-0.05512
2023-05-23 11:28:50,-0.05807,0.17085,0.15421,-10.0,0.0,-0.05807,-0.06004,-0.06004,-0.05709,-0.05709,-0.05807,-0.05807,-0.05906,-0.05807,-0.05512
2023-05-23 11:28:52,-0.05906,0.17422,0.15502,0.0,-798.0,-0.05906,-0.06004,-0.06004,-0.05709,-0.05709,-0.05807,-0.05807,-0.05906,-0.05807,-0.05512
2023-05-23 11:28:54,-0.05906,0.17222,0.15446,0.0,437.0,-0.05906,-0.06004,-0.06004,-0.05709,-0.05709,-0.05807,-0.05807,-0.05906,-0.05807,-0.05512
2023-05-23 11:28:56,-0.05906,0.17913,0.15662,0.0,-42.0,-0.05906,-0.06004,-0.06004,-0.05709,-0.05709,-0.05807,-0.05807,-0.05906,-0.05807,-0.05512
2023-05-23 11:28:57,-0.05906,0.17683,0.15589,0.0,-50.0,-0.05906,-0.06004,-0.06004,-0.05709,-0.05709,-0.05807,-0.05807,-0.05906,-0.05807,-0.05512
2023-05-23 11:28:59,-0.06004,0.15393,0.14901,0.0,-168.0,-0.06004,-0.06004,-0.06004,-0.05709,-0.05709,-0.05807,-0.05807,-0.05906,-0.05807,-0.05512
2023-05-23 11:29:01,-0.05807,0.14259,0.14502,-1.0,0.0,-0.05807,-0.05807,-0.05906,-0.06004,-0.06004,-0.05709,-0.05709,-0.05807,-0.05807,-0.05906
2023-05-23 11:29:03,-0.05906,0.1426,0.14826,208.0,0.0,-0.05906,-0.05807,-0.05906,-0.06004,-0.06004,-0.05709,-0.05709,-0.05807,-0.05807,-0.05906
2023-05-23 11:29:05,-0.05807,0.14055,0.14756,-104.0,0.0,-0.05807,-0.05807,-0.05906,-0.06004,-0.06004,-0.05709,-0.05709,-0.05807,-0.05807,-0.05906
2023-05-23 11:29:07,-0.05906,0.13852,0.14652,0.0,0.0,-0.05906,-0.05807,-0.05906,-0.06004,-0.06004,-0.05709,-0.05709,-0.05807,-0.05807,-0.05906
2023-05-23 11:29:09,-0.05906,0.13767,0.14624,0.0,-29.0,-0.05906,-0.05807,-0.05906,-0.06004,-0.06004,-0.05709,-0.05709,-0.05807,-0.05807,-0.05906
2023-05-23 11:29:10,-0.05807,0.10454,0.13356,-200.0,0.0,-0.05807,-0.05807,-0.05906,-0.06004,-0.06004,-0.05709,-0.05709,-0.05807,-0.05807,-0.05906
2023-05-23 11:29:12,-0.05807,0.09914,0.13169,-209.0,117.0,-0.05807,-0.05807,-0.05906,-0.06004,-0.06004,-0.05709,-0.05709,-0.05807,-0.05807,-0.05906
2023-05-23 11:29:14,-0.05807,0.08887,0.12802,0.0,1.0,-0.05807,-0.05807,-0.05906,-0.06004,-0.06004,-0.05709,-0.05709,-0.05807,-0.05807,-0.05906
2023-05-23 11:29:16,-0.05807,0.08793,0.12768,0.0,-16.0,-0.05807,-0.05807,-0.05906,-0.06004,-0.06004,-0.05709,-0.05709,-0.05807,-0.05807,-0.05906
2023-05-23 11:29:18,-0.05807,0.06969,0.11742,-50.0,0.0,-0.05807,-0.05807,-0.05906,-0.06004,-0.06004,-0.05709,-0.05709,-0.05807,-0.05807,-0.05906
2023-05-23 11:29:20,-0.05807,0.0781,0.12086,0.0,500.0,-0.05807,-0.05807,-0.05906,-0.06004,-0.06004,-0.05709,-0.05709,-0.05807,-0.05807,-0.05906
2023-05-23 11:29:22,-0.05807,0.07808,0.12086,0.0,0.0,-0.05807,-0.05807,-0.05906,-0.06004,-0.06004,-0.05709,-0.05709,-0.05807,-0.05807,-0.05906
2023-05-23 11:29:23,-0.05807,0.07711,0.12028,-5.0,0.0,-0.05807,-0.05807,-0.05906,-0.06004,-0.06004,-0.05709,-0.05709,-0.05807,-0.05807,-0.05906
2023-05-23 11:29:25,-0.05807,0.07727,0.1204,-626.0,0.0,-0.05807,-0.05807,-0.05906,-0.06004,-0.06004,-0.05709,-0.05709,-0.05807,-0.05807,-0.05906
2023-05-23 11:29:27,-0.05807,0.11877,0.18581,0.0,0.0,-0.05807,-0.05807,-0.05906,-0.06004,-0.06004,-0.05709,-0.05709,-0.05807,-0.05807,-0.05906
2023-05-23 11:29:29,-0.05807,0.11661,0.1847,0.0,0.0,-0.05807,-0.05807,-0.05906,-0.06004,-0.06004,-0.05709,-0.05709,-0.05807,-0.05807,-0.05906
2023-05-23 11:29:31,-0.05807,0.11522,0.18432,0.0,15.0,-0.05807,-0.05807,-0.05906,-0.06004,-0.06004,-0.05709,-0.05709,-0.05807,-0.05807,-0.05906
2023-05-23 11:29:33,-0.05807,0.11022,0.1816,0.0,2.0,-0.05807,-0.05807,-0.05906,-0.06004,-0.06004,-0.05709,-0.05709,-0.05807,-0.05807,-0.05906
2023-05-23 11:29:35,-0.05807,0.24382,0.22693,0.0,15.0,-0.05807,-0.05807,-0.05906,-0.06004,-0.06004,-0.05709,-0.05709,-0.05807,-0.05807,-0.05906
2023-05-23 11:29:36,-0.05709,0.24318,0.2267,0.0,2.0,-0.05709,-0.05807,-0.05906,-0.06004,-0.06004,-0.05709,-0.05709,-0.05807,-0.05807,-0.05906
2023-05-23 11:29:38,-0.05709,0.23999,0.22492,0.0,17.0,-0.05709,-0.05807,-0.05906,-0.06004,-0.06004,-0.05709,-0.05709,-0.05807,-0.05807,-0.05906
2023-05-23 11:29:40,-0.05709,0.2155,0.2165,-100.0,0.0,-0.05709,-0.05807,-0.05906,-0.06004,-0.06004,-0.05709,-0.05709,-0.05807,-0.05807,-0.05906
2023-05-23 11:29:42,-0.05709,0.2154,0.21647,0.0,20.0,-0.05709,-0.05807,-0.05906,-0.06004,-0.06004,-0.05709,-0.05709,-0.05807,-0.05807,-0.05906
2023-05-23 11:29:44,-0.05709,0.22956,0.2216,-10.0,0.0,-0.05709,-0.05807,-0.05906,-0.06004,-0.06004,-0.05709,-0.05709,-0.05807,-0.05807,-0.05906
2023-05-23 11:29:46,-0.05807,0.23479,0.22342,0.0,0.0,-0.05807,-0.05807,-0.05906,-0.06004,-0.06004,-0.05709,-0.05709,-0.05807,-0.05807,-0.05906
2023-05-23 11:29:48,-0.05807,0.23516,0.22338,0.0,0.0,-0.05807,-0.05807,-0.05906,-0.06004,-0.06004,-0.05709,-0.05709,-0.05807,-0.05807,-0.05906
2023-05-23 11:29:49,-0.05807,0.23533,0.2238,0.0,0.0,-0.05807,-0.05807,-0.05906,-0.06004,-0.06004,-0.05709,-0.05709,-0.05807,-0.05807,-0.05906
2023-05-23 11:29:51,-0.05807,0.23411,0.22335,0.0,20.0,-0.05807,-0.05807,-0.05906,-0.06004,-0.06004,-0.05709,-0.05709,-0.05807,-0.05807,-0.05906
2023-05-23 11:29:53,-0.05807,0.21934,0.21803,0.0,-2.0,-0.05807,-0.05807,-0.05906,-0.06004,-0.06004,-0.05709,-0.05709,-0.05807,-0.05807,-0.05906
2023-05-23 11:29:55,-0.05709,0.21919,0.21799,0.0,-10.0,-0.05709,-0.05807,-0.05906,-0.06004,-0.06004,-0.05709,-0.05709,-0.05807,-0.05807,-0.05906
2023-05-23 11:29:57,-0.05807,0.21964,0.2222,0.0,0.0,-0.05807,-0.05807,-0.05906,-0.06004,-0.06004,-0.05709,-0.05709,-0.05807,-0.05807,-0.05906
2023-05-23 11:29:59,-0.05807,0.22791,0.22519,3.0,-1.0,-0.05807,-0.05807,-0.05906,-0.06004,-0.06004,-0.05709,-0.05709,-0.05807,-0.05807,-0.05906
2023-05-23 11:30:01,-0.05807,0.17763,0.16539,-100.0,0.0,-0.05807,-0.05807,-0.05807,-0.05807,-0.05906,-0.06004,-0.06004,-0.05709,-0.05709,-0.05807
2023-05-23 11:30:19,-0.05807,0.23059,0.22835,0.0,3.0,-0.05807,-0.05807,-0.05807,-0.05807,-0.05906,-0.06004,-0.06004,-0.05709,-0.05709,-0.05807
2023-05-23 11:30:21,-0.05807,0.22319,0.22561,0.0,1913.0,-0.05807,-0.05807,-0.05807,-0.05807,-0.05906,-0.06004,-0.06004,-0.05709,-0.05709,-0.05807
2023-05-23 11:30:22,-0.05807,0.22319,0.22603,0.0,0.0,-0.05807,-0.05807,-0.05807,-0.05807,-0.05906,-0.06004,-0.06004,-0.05709,-0.05709,-0.05807
2023-05-23 11:30:24,-0.05709,0.22317,0.22609,-1.0,0.0,-0.05709,-0.05807,-0.05807,-0.05807,-0.05906,-0.06004,-0.06004,-0.05709,-0.05709,-0.05807
2023-05-23 11:30:26,-0.05807,0.22311,0.226,0.0,0.0,-0.05807,-0.05807,-0.05807,-0.05807,-0.05906,-0.06004,-0.06004,-0.05709,-0.05709,-0.05807
2023-05-23 11:30:28,-0.05807,0.22136,0.22533,0.0,421.0,-0.05807,-0.05807,-0.05807,-0.05807,-0.05906,-0.06004,-0.06004,-0.05709,-0.05709,-0.05807
2023-05-23 11:30:30,-0.05807,0.22138,0.2252,0.0,0.0,-0.05807,-0.05807,-0.05807,-0.05807,-0.05906,-0.06004,-0.06004,-0.05709,-0.05709,-0.05807
2023-05-23 11:30:32,-0.05807,0.22928,0.22816,0.0,0.0,-0.05807,-0.05807,-0.05807,-0.05807,-0.05906,-0.06004,-0.06004,-0.05709,-0.05709,-0.05807
2023-05-23 11:30:33,-0.05709,0.22891,0.22802,0.0,0.0,-0.05709,-0.05807,-0.05807,-0.05807,-0.05906,-0.06004,-0.06004,-0.05709,-0.05709,-0.05807
2023-05-23 11:30:35,-0.05709,0.22787,0.22763,-2.0,0.0,-0.05709,-0.05807,-0.05807,-0.05807,-0.05906,-0.06004,-0.06004,-0.05709,-0.05709,-0.05807
2023-05-23 11:30:37,-0.05709,0.2367,0.23092,0.0,318.0,-0.05709,-0.05807,-0.05807,-0.05807,-0.05906,-0.06004,-0.06004,-0.05709,-0.05709,-0.05807
2023-05-23 11:30:39,-0.05709,0.23222,0.22929,177.0,0.0,-0.05709,-0.05807,-0.05807,-0.05807,-0.05906,-0.06004,-0.06004,-0.05709,-0.05709,-0.05807
2023-05-23 11:30:41,-0.05709,0.18067,0.21115,-11.0,100.0,-0.05709,-0.05807,-0.05807,-0.05807,-0.05906,-0.06004,-0.06004,-0.05709,-0.05709,-0.05807
2023-05-23 11:30:43,-0.05807,0.1867,0.21342,300.0,0.0,-0.05807,-0.05807,-0.05807,-0.05807,-0.05906,-0.06004,-0.06004,-0.05709,-0.05709,-0.05807
2023-05-23 11:30:45,-0.05709,0.18666,0.2134,0.0,0.0,-0.05709,-0.05807,-0.05807,-0.05807,-0.05906,-0.06004,-0.06004,-0.05709,-0.05709,-0.05807
2023-05-23 11:30:47,-0.05807,0.18673,0.21189,1.0,0.0,-0.05807,-0.05807,-0.05807,-0.05807,-0.05906,-0.06004,-0.06004,-0.05709,-0.05709,-0.05807
2023-05-23 11:30:48,-0.05807,0.18733,0.2122,0.0,-1.0,-0.05807,-0.05807,-0.05807,-0.05807,-0.05906,-0.06004,-0.06004,-0.05709,-0.05709,-0.05807
2023-05-23 11:30:50,-0.05807,0.19144,0.21392,0.0,0.0,-0.05807,-0.05807,-0.05807,-0.05807,-0.05906,-0.06004,-0.06004,-0.05709,-0.05709,-0.05807
2023-05-23 11:30:52,-0.05709,0.18924,0.213,-1.0,0.0,-0.05709,-0.05807,-0.05807,-0.05807,-0.05906,-0.06004,-0.06004,-0.05709,-0.05709,-0.05807
2023-05-23 11:30:54,-0.05709,0.18424,0.21114,-307.0,-176.0,-0.05709,-0.05807,-0.05807,-0.05807,-0.05906,-0.06004,-0.06004,-0.05709,-0.05709,-0.05807
2023-05-23 11:30:56,-0.05807,0.1863,0.21202,0.0,-609.0,-0.05807,-0.05807,-0.05807,-0.05807,-0.05906,-0.06004,-0.06004,-0.05709,-0.05709,-0.05807
2023-05-23 11:30:58,-0.05807,0.17483,0.20696,0.0,10.0,-0.05807,-0.05807,-0.05807,-0.05807,-0.05906,-0.06004,-0.06004,-0.05709,-0.05709,-0.05807
2023-05-23 11:31:00,-0.05807,0.17447,0.2068,0.0,109.0,-0.05807,-0.05807,-0.05807,-0.05807,-0.05807,-0.05807,-0.05906,-0.06004,-0.06004,-0.05709
2023-05-23 11:31:02,-0.05807,0.17447,0.2068,0.0,109.0,-0.05807,-0.05807,-0.05807,-0.05807,-0.05807,-0.05807,-0.05906,-0.06004,-0.06004,-0.05709
2023-05-23 11:31:03,-0.05709,0.16595,0.20348,-246.0,0.0,-0.05709,-0.05709,-0.05807,-0.05807,-0.05807,-0.05807,-0.05906,-0.06004,-0.06004,-0.05709
2023-05-23 11:31:05,-0.05709,0.16592,0.20347,0.0,0.0,-0.05709,-0.05709,-0.05807,-0.05807,-0.05807,-0.05807,-0.05906,-0.06004,-0.06004,-0.05709
2023-05-23 11:31:07,-0.05807,0.16559,0.20331,0.0,4.0,-0.05807,-0.05709,-0.05807,-0.05807,-0.05807,-0.05807,-0.05906,-0.06004,-0.06004,-0.05709
2023-05-23 11:31:09,-0.05709,0.16593,0.20348,0.0,300.0,-0.05709,-0.05709,-0.05807,-0.05807,-0.05807,-0.05807,-0.05906,-0.06004,-0.06004,-0.05709
2023-05-23 11:31:11,-0.05709,0.16593,0.20358,0.0,0.0,-0.05709,-0.05709,-0.05807,-0.05807,-0.05807,-0.05807,-0.05906,-0.06004,-0.06004,-0.05709
2023-05-23 11:31:13,-0.05709,0.16597,0.20371,0.0,-20.0,-0.05709,-0.05709,-0.05807,-0.05807,-0.05807,-0.05807,-0.05906,-0.06004,-0.06004,-0.05709
2023-05-23 11:31:15,-0.05709,0.1614,0.20342,10.0,0.0,-0.05709,-0.05709,-0.05807,-0.05807,-0.05807,-0.05807,-0.05906,-0.06004,-0.06004,-0.05709
2023-05-23 11:31:17,-0.05807,0.16965,0.20664,1000.0,0.0,-0.05807,-0.05709,-0.05807,-0.05807,-0.05807,-0.05807,-0.05906,-0.06004,-0.06004,-0.05709
2023-05-23 11:31:18,-0.05807,0.16372,0.20271,0.0,0.0,-0.05807,-0.05709,-0.05807,-0.05807,-0.05807,-0.05807,-0.05906,-0.06004,-0.06004,-0.05709
2023-05-23 11:31:20,-0.05807,0.16399,0.20285,0.0,-100.0,-0.05807,-0.05709,-0.05807,-0.05807,-0.05807,-0.05807,-0.05906,-0.06004,-0.06004,-0.05709
2023-05-23 11:31:22,-0.05807,0.16396,0.20283,0.0,1.0,-0.05807,-0.05709,-0.05807,-0.05807,-0.05807,-0.05807,-0.05906,-0.06004,-0.06004,-0.05709
2023-05-23 11:31:24,-0.05807,0.15472,0.19815,0.0,3619.0,-0.05807,-0.05709,-0.05807,-0.05807,-0.05807,-0.05807,-0.05906,-0.06004,-0.06004,-0.05709
2023-05-23 11:31:26,-0.05807,0.1552,0.20887,0.0,0.0,-0.05807,-0.05709,-0.05807,-0.05807,-0.05807,-0.05807,-0.05906,-0.06004,-0.06004,-0.05709
2023-05-23 11:31:28,-0.05807,0.15518,0.20885,0.0,0.0,-0.05807,-0.05709,-0.05807,-0.05807,-0.05807,-0.05807,-0.05906,-0.06004,-0.06004,-0.05709
2023-05-23 11:31:30,-0.05807,0.15542,0.20899,0.0,-100.0,-0.05807,-0.05709,-0.05807,-0.05807,-0.05807,-0.05807,-0.05906,-0.06004,-0.06004,-0.05709
2023-05-23 11:31:31,-0.05807,0.15532,0.20893,0.0,0.0,-0.05807,-0.05709,-0.05807,-0.05807,-0.05807,-0.05807,-0.05906,-0.06004,-0.06004,-0.05709
2023-05-23 11:31:33,-0.05709,0.1299,0.19894,-417.0,-417.0,-0.05709,-0.05709,-0.05807,-0.05807,-0.05807,-0.05807,-0.05906,-0.06004,-0.06004,-0.05709
2023-05-23 11:31:35,-0.05709,0.1299,0.19893,0.0,0.0,-0.05709,-0.05709,-0.05807,-0.05807,-0.05807,-0.05807,-0.05906,-0.06004,-0.06004,-0.05709
2023-05-23 11:31:37,-0.05807,0.13292,0.20046,100.0,0.0,-0.05807,-0.05709,-0.05807,-0.05807,-0.05807,-0.05807,-0.05906,-0.06004,-0.06004,-0.05709
2023-05-23 11:31:39,-0.05807,0.13333,0.2007,0.0,-181.0,-0.05807,-0.05709,-0.05807,-0.05807,-0.05807,-0.05807,-0.05906,-0.06004,-0.06004,-0.05709
2023-05-23 11:31:41,-0.05807,0.13353,0.20083,0.0,-100.0,-0.05807,-0.05709,-0.05807,-0.05807,-0.05807,-0.05807,-0.05906,-0.06004,-0.06004,-0.05709
2023-05-23 11:31:43,-0.05807,0.13354,0.20083,0.0,0.0,-0.05807,-0.05709,-0.05807,-0.05807,-0.05807,-0.05807,-0.05906,-0.06004,-0.06004,-0.05709
2023-05-23 11:31:45,-0.05807,0.13309,0.20056,0.0,0.0,-0.05807,-0.05709,-0.05807,-0.05807,-0.05807,-0.05807,-0.05906,-0.06004,-0.06004,-0.05709
2023-05-23 11:31:46,-0.05709,0.11625,0.1935,0.0,1.0,-0.05709,-0.05709,-0.05807,-0.05807,-0.05807,-0.05807,-0.05906,-0.06004,-0.06004,-0.05709
2023-05-23 11:31:48,-0.05709,0.11625,0.1935,0.0,0.0,-0.05709,-0.05709,-0.05807,-0.05807,-0.05807,-0.05807,-0.05906,-0.06004,-0.06004,-0.05709
2023-05-23 11:31:50,-0.05709,0.09084,0.18436,-1812.0,0.0,-0.05709,-0.05709,-0.05807,-0.05807,-0.05807,-0.05807,-0.05906,-0.06004,-0.06004,-0.05709
2023-05-23 11:31:52,-0.05807,0.0796,0.17988,0.0,0.0,-0.05807,-0.05709,-0.05807,-0.05807,-0.05807,-0.05807,-0.05906,-0.06004,-0.06004,-0.05709
2023-05-23 11:31:54,-0.05709,0.07927,0.17975,0.0,0.0,-0.05709,-0.05709,-0.05807,-0.05807,-0.05807,-0.05807,-0.05906,-0.06004,-0.06004,-0.05709
2023-05-23 11:31:56,-0.05807,0.05687,0.17072,0.0,2.0,-0.05807,-0.05709,-0.05807,-0.05807,-0.05807,-0.05807,-0.05906,-0.06004,-0.06004,-0.05709
2023-05-23 11:31:58,-0.05709,0.05696,0.17083,0.0,-109.0,-0.05709,-0.05709,-0.05807,-0.05807,-0.05807,-0.05807,-0.05906,-0.06004,-0.06004,-0.05709
2023-05-23 11:31:59,-0.05807,0.05353,0.16945,0.0,0.0,-0.05807,-0.05807,-0.05807,-0.05807,-0.05807,-0.05807,-0.05906,-0.06004,-0.06004,-0.05709
2023-05-23 11:32:01,-0.05709,0.05385,0.16958,0.0,1.0,-0.05709,-0.05709,-0.05807,-0.05807,-0.05807,-0.05807,-0.05807,-0.05807,-0.05906,-0.06004
2023-05-23 11:32:03,-0.05709,0.09623,0.21984,0.0,30.0,-0.05709,-0.05709,-0.05709,-0.05709,-0.05807,-0.05807,-0.05807,-0.05807,-0.05906,-0.06004
2023-05-23 11:32:05,-0.0561,0.08982,0.21742,0.0,20.0,-0.0561,-0.05709,-0.05709,-0.05709,-0.05807,-0.05807,-0.05807,-0.05807,-0.05906,-0.06004
2023-05-23 11:32:07,-0.0561,0.08586,0.21446,0.0,362.0,-0.0561,-0.05709,-0.05709,-0.05709,-0.05807,-0.05807,-0.05807,-0.05807,-0.05906,-0.06004
2023-05-23 11:32:09,-0.0561,0.08576,0.21439,0.0,50.0,-0.0561,-0.05709,-0.05709,-0.05709,-0.05807,-0.05807,-0.05807,-0.05807,-0.05906,-0.06004
2023-05-23 11:32:10,-0.0561,0.08457,0.21347,0.0,-20.0,-0.0561,-0.05709,-0.05709,-0.05709,-0.05807,-0.05807,-0.05807,-0.05807,-0.05906,-0.06004
2023-05-23 11:32:12,-0.05709,0.08459,0.21349,0.0,0.0,-0.05709,-0.05709,-0.05709,-0.05709,-0.05807,-0.05807,-0.05807,-0.05807,-0.05906,-0.06004
2023-05-23 11:32:14,-0.05709,0.08515,0.21357,0.0,104.0,-0.05709,-0.05709,-0.05709,-0.05709,-0.05807,-0.05807,-0.05807,-0.05807,-0.05906,-0.06004
2023-05-23 11:32:16,-0.05709,0.08478,0.21327,0.0,200.0,-0.05709,-0.05709,-0.05709,-0.05709,-0.05807,-0.05807,-0.05807,-0.05807,-0.05906,-0.06004
2023-05-23 11:32:18,-0.05709,0.10134,0.21836,0.0,5.0,-0.05709,-0.05709,-0.05709,-0.05709,-0.05807,-0.05807,-0.05807,-0.05807,-0.05906,-0.06004
2023-05-23 11:32:20,-0.0561,0.11134,0.22484,-10.0,-462.0,-0.0561,-0.05709,-0.05709,-0.05709,-0.05807,-0.05807,-0.05807,-0.05807,-0.05906,-0.06004
2023-05-23 11:32:22,-0.05709,0.11358,0.22532,0.0,208.0,-0.05709,-0.05709,-0.05709,-0.05709,-0.05807,-0.05807,-0.05807,-0.05807,-0.05906,-0.06004
2023-05-23 11:32:23,-0.0561,0.11038,0.22422,100.0,0.0,-0.0561,-0.05709,-0.05709,-0.05709,-0.05807,-0.05807,-0.05807,-0.05807,-0.05906,-0.06004
2023-05-23 11:32:25,-0.0561,0.10939,0.22394,0.0,-10.0,-0.0561,-0.05709,-0.05709,-0.05709,-0.05807,-0.05807,-0.05807,-0.05807,-0.05906,-0.06004
2023-05-23 11:32:27,-0.0561,0.1066,0.22306,-113.0,0.0,-0.0561,-0.05709,-0.05709,-0.05709,-0.05807,-0.05807,-0.05807,-0.05807,-0.05906,-0.06004
2023-05-23 11:32:29,-0.0561,0.10635,0.22299,-10.0,0.0,-0.0561,-0.05709,-0.05709,-0.05709,-0.05807,-0.05807,-0.05807,-0.05807,-0.05906,-0.06004
2023-05-23 11:32:31,-0.0561,0.10513,0.22221,0.0,5.0,-0.0561,-0.05709,-0.05709,-0.05709,-0.05807,-0.05807,-0.05807,-0.05807,-0.05906,-0.06004
2023-05-23 11:32:33,-0.0561,0.10513,0.22206,0.0,100.0,-0.0561,-0.05709,-0.05709,-0.05709,-0.05807,-0.05807,-0.05807,-0.05807,-0.05906,-0.06004
2023-05-23 11:32:34,-0.0561,0.11116,0.2235,0.0,0.0,-0.0561,-0.05709,-0.05709,-0.05709,-0.05807,-0.05807,-0.05807,-0.05807,-0.05906,-0.06004
2023-05-23 11:32:36,-0.0561,0.11407,0.22437,113.0,0.0,-0.0561,-0.05709,-0.05709,-0.05709,-0.05807,-0.05807,-0.05807,-0.05807,-0.05906,-0.06004
2023-05-23 11:32:38,-0.0561,0.10919,0.2229,0.0,5.0,-0.0561,-0.05709,-0.05709,-0.05709,-0.05807,-0.05807,-0.05807,-0.05807,-0.05906,-0.06004
2023-05-23 11:32:40,-0.05709,0.10112,0.22066,0.0,0.0,-0.05709,-0.05709,-0.05709,-0.05709,-0.05807,-0.05807,-0.05807,-0.05807,-0.05906,-0.06004
2023-05-23 11:32:42,-0.05709,0.10111,0.22081,0.0,0.0,-0.05709,-0.05709,-0.05709,-0.05709,-0.05807,-0.05807,-0.05807,-0.05807,-0.05906,-0.06004
2023-05-23 11:32:44,-0.0561,0.09862,0.22013,0.0,0.0,-0.0561,-0.05709,-0.05709,-0.05709,-0.05807,-0.05807,-0.05807,-0.05807,-0.05906,-0.06004
2023-05-23 11:32:46,-0.0561,0.09092,0.21734,-20.0,0.0,-0.0561,-0.05709,-0.05709,-0.05709,-0.05807,-0.05807,-0.05807,-0.05807,-0.05906,-0.06004
2023-05-23 11:32:47,-0.0561,0.09087,0.21733,0.0,1.0,-0.0561,-0.05709,-0.05709,-0.05709,-0.05807,-0.05807,-0.05807,-0.05807,-0.05906,-0.06004
2023-05-23 11:32:49,-0.0561,0.08861,0.21674,0.0,1.0,-0.0561,-0.05709,-0.05709,-0.05709,-0.05807,-0.05807,-0.05807,-0.05807,-0.05906,-0.06004
2023-05-23 11:32:51,-0.0561,0.25663,0.29714,0.0,-1.0,-0.0561,-0.05709,-0.05709,-0.05709,-0.05807,-0.05807,-0.05807,-0.05807,-0.05906,-0.06004
2023-05-23 11:32:53,-0.0561,0.25572,0.30466,0.0,1.0,-0.0561,-0.05709,-0.05709,-0.05709,-0.05807,-0.05807,-0.05807,-0.05807,-0.05906,-0.06004
2023-05-23 11:32:55,-0.0561,0.25561,0.30464,0.0,0.0,-0.0561,-0.05709,-0.05709,-0.05709,-0.05807,-0.05807,-0.05807,-0.05807,-0.05906,-0.06004
2023-05-23 11:32:57,-0.0561,0.2556,0.30471,0.0,-50.0,-0.0561,-0.05709,-0.05709,-0.05709,-0.05807,-0.05807,-0.05807,-0.05807,-0.05906,-0.06004
2023-05-23 11:32:59,-0.05512,0.25565,0.30472,2.0,0.0,-0.05512,-0.05709,-0.05709,-0.05709,-0.05807,-0.05807,-0.05807,-0.05807,-0.05906,-0.06004
2023-05-23 11:33:00,-0.0561,0.2547,0.30455,0.0,0.0,-0.0561,-0.0561,-0.05512,-0.05709,-0.05709,-0.05709,-0.05807,-0.05807,-0.05807,-0.05807
2023-05-23 11:33:02,-0.0561,0.25888,0.3054,0.0,-155.0,-0.0561,-0.0561,-0.05512,-0.05709,-0.05709,-0.05709,-0.05807,-0.05807,-0.05807,-0.05807
2023-05-23 11:33:04,-0.0561,0.2549,0.30458,0.0,1.0,-0.0561,-0.0561,-0.05512,-0.05709,-0.05709,-0.05709,-0.05807,-0.05807,-0.05807,-0.05807
2023-05-23 11:33:06,-0.05512,0.25035,0.3038,-100.0,0.0,-0.05512,-0.0561,-0.05512,-0.05709,-0.05709,-0.05709,-0.05807,-0.05807,-0.05807,-0.05807
2023-05-23 11:33:08,-0.05512,0.24578,0.30301,-100.0,0.0,-0.05512,-0.0561,-0.05512,-0.05709,-0.05709,-0.05709,-0.05807,-0.05807,-0.05807,-0.05807
2023-05-23 11:33:10,-0.0561,0.2458,0.30301,0.0,-1.0,-0.0561,-0.0561,-0.05512,-0.05709,-0.05709,-0.05709,-0.05807,-0.05807,-0.05807,-0.05807
2023-05-23 11:33:12,-0.0561,0.24687,0.30189,0.0,0.0,-0.0561,-0.0561,-0.05512,-0.05709,-0.05709,-0.05709,-0.05807,-0.05807,-0.05807,-0.05807
2023-05-23 11:33:13,-0.0561,0.24463,0.30141,0.0,200.0,-0.0561,-0.0561,-0.05512,-0.05709,-0.05709,-0.05709,-0.05807,-0.05807,-0.05807,-0.05807
2023-05-23 11:33:15,-0.0561,0.24374,0.3011,5.0,0.0,-0.0561,-0.0561,-0.05512,-0.05709,-0.05709,-0.05709,-0.05807,-0.05807,-0.05807,-0.05807
2023-05-23 11:33:17,-0.0561,0.24429,0.30122,0.0,-10.0,-0.0561,-0.0561,-0.05512,-0.05709,-0.05709,-0.05709,-0.05807,-0.05807,-0.05807,-0.05807
2023-05-23 11:33:19,-0.0561,0.24473,0.29897,0.0,0.0,-0.0561,-0.0561,-0.05512,-0.05709,-0.05709,-0.05709,-0.05807,-0.05807,-0.05807,-0.05807
2023-05-23 11:33:21,-0.0561,0.08144,0.22064,0.0,-1000.0,-0.0561,-0.0561,-0.05512,-0.05709,-0.05709,-0.05709,-0.05807,-0.05807,-0.05807,-0.05807
2023-05-23 11:33:23,-0.0561,0.08044,0.21982,0.0,500.0,-0.0561,-0.0561,-0.05512,-0.05709,-0.05709,-0.05709,-0.05807,-0.05807,-0.05807,-0.05807
2023-05-23 11:33:25,-0.0561,0.07982,0.21965,0.0,0.0,-0.0561,-0.0561,-0.05512,-0.05709,-0.05709,-0.05709,-0.05807,-0.05807,-0.05807,-0.05807
2023-05-23 11:33:28,-0.0561,0.07961,0.21872,0.0,0.0,-0.0561,-0.0561,-0.05512,-0.05709,-0.05709,-0.05709,-0.05807,-0.05807,-0.05807,-0.05807
2023-05-23 11:33:30,-0.0561,0.10365,0.22603,0.0,10.0,-0.0561,-0.0561,-0.05512,-0.05709,-0.05709,-0.05709,-0.05807,-0.05807,-0.05807,-0.05807
2023-05-23 11:33:32,-0.0561,0.10914,0.22769,-1.0,0.0,-0.0561,-0.0561,-0.05512,-0.05709,-0.05709,-0.05709,-0.05807,-0.05807,-0.05807,-0.05807
2023-05-23 11:33:34,-0.0561,0.10944,0.22782,0.0,50.0,-0.0561,-0.0561,-0.05512,-0.05709,-0.05709,-0.05709,-0.05807,-0.05807,-0.05807,-0.05807
2023-05-23 11:33:36,-0.0561,0.11791,0.22859,5.0,0.0,-0.0561,-0.0561,-0.05512,-0.05709,-0.05709,-0.05709,-0.05807,-0.05807,-0.05807,-0.05807
2023-05-23 11:33:38,-0.05709,0.12138,0.22983,0.0,-300.0,-0.05709,-0.0561,-0.05512,-0.05709,-0.05709,-0.05709,-0.05807,-0.05807,-0.05807,-0.05807
2023-05-23 11:33:40,-0.05709,0.1316,0.23276,400.0,0.0,-0.05709,-0.0561,-0.05512,-0.05709,-0.05709,-0.05709,-0.05807,-0.05807,-0.05807,-0.05807
2023-05-23 11:33:41,-0.0561,0.13215,0.23311,-15.0,0.0,-0.0561,-0.0561,-0.05512,-0.05709,-0.05709,-0.05709,-0.05807,-0.05807,-0.05807,-0.05807
2023-05-23 11:33:43,-0.0561,0.12186,0.23017,-100.0,0.0,-0.0561,-0.0561,-0.05512,-0.05709,-0.05709,-0.05709,-0.05807,-0.05807,-0.05807,-0.05807
2023-05-23 11:33:45,-0.05709,0.1206,0.22949,0.0,2400.0,-0.05709,-0.0561,-0.05512,-0.05709,-0.05709,-0.05709,-0.05807,-0.05807,-0.05807,-0.05807
2023-05-23 11:33:47,-0.05709,0.11971,0.229,0.0,273.0,-0.05709,-0.0561,-0.05512,-0.05709,-0.05709,-0.05709,-0.05807,-0.05807,-0.05807,-0.05807
2023-05-23 11:33:49,-0.05709,0.13242,0.23269,0.0,-22.0,-0.05709,-0.0561,-0.05512,-0.05709,-0.05709,-0.05709,-0.05807,-0.05807,-0.05807,-0.05807
2023-05-23 11:33:51,-0.05709,0.12786,0.22814,383.0,0.0,-0.05709,-0.0561,-0.05512,-0.05709,-0.05709,-0.05709,-0.05807,-0.05807,-0.05807,-0.05807
2023-05-23 11:33:53,-0.05709,0.12903,0.22846,0.0,30.0,-0.05709,-0.0561,-0.05512,-0.05709,-0.05709,-0.05709,-0.05807,-0.05807,-0.05807,-0.05807
2023-05-23 11:33:54,-0.05709,0.13813,0.2313,400.0,0.0,-0.05709,-0.0561,-0.05512,-0.05709,-0.05709,-0.05709,-0.05807,-0.05807,-0.05807,-0.05807
2023-05-23 11:33:56,-0.05709,0.13615,0.23026,0.0,211.0,-0.05709,-0.0561,-0.05512,-0.05709,-0.05709,-0.05709,-0.05807,-0.05807,-0.05807,-0.05807
2023-05-23 11:33:58,-0.0561,0.13609,0.23023,0.0,5.0,-0.0561,-0.0561,-0.05512,-0.05709,-0.05709,-0.05709,-0.05807,-0.05807,-0.05807,-0.05807
2023-05-23 11:34:00,-0.0561,0.13418,0.2292,0.0,0.0,-0.0561,-0.0561,-0.05512,-0.05512,-0.05512,-0.05709,-0.05709,-0.05709,-0.05807,-0.05807
2023-05-23 11:34:02,-0.0561,0.15494,0.2395,-5.0,10.0,-0.0561,-0.0561,-0.0561,-0.0561,-0.05512,-0.05709,-0.05709,-0.05709,-0.05807,-0.05807
2023-05-23 11:34:04,-0.0561,0.15469,0.23871,0.0,208.0,-0.0561,-0.0561,-0.0561,-0.0561,-0.05512,-0.05709,-0.05709,-0.05709,-0.05807,-0.05807
2023-05-23 11:34:05,-0.0561,0.14855,0.23743,0.0,1.0,-0.0561,-0.0561,-0.0561,-0.0561,-0.05512,-0.05709,-0.05709,-0.05709,-0.05807,-0.05807
2023-05-23 11:34:07,-0.0561,0.15334,0.23858,0.0,20.0,-0.0561,-0.0561,-0.0561,-0.0561,-0.05512,-0.05709,-0.05709,-0.05709,-0.05807,-0.05807
2023-05-23 11:34:09,-0.0561,0.15253,0.24003,0.0,216.0,-0.0561,-0.0561,-0.0561,-0.0561,-0.05512,-0.05709,-0.05709,-0.05709,-0.05807,-0.05807
2023-05-23 11:34:11,-0.0561,0.15973,0.24209,300.0,0.0,-0.0561,-0.0561,-0.0561,-0.0561,-0.05512,-0.05709,-0.05709,-0.05709,-0.05807,-0.05807
2023-05-23 11:34:13,-0.0561,0.18043,0.24781,0.0,0.0,-0.0561,-0.0561,-0.0561,-0.0561,-0.05512,-0.05709,-0.05709,-0.05709,-0.05807,-0.05807
2023-05-23 11:34:15,-0.0561,0.1779,0.24707,0.0,0.0,-0.0561,-0.0561,-0.0561,-0.0561,-0.05512,-0.05709,-0.05709,-0.05709,-0.05807,-0.05807
2023-05-23 11:34:17,-0.05709,0.18371,0.24939,1.0,0.0,-0.05709,-0.0561,-0.0561,-0.0561,-0.05512,-0.05709,-0.05709,-0.05709,-0.05807,-0.05807
2023-05-23 11:34:19,-0.05709,0.18389,0.25004,5.0,-16.0,-0.05709,-0.0561,-0.0561,-0.0561,-0.05512,-0.05709,-0.05709,-0.05709,-0.05807,-0.05807
2023-05-23 11:34:20,-0.05709,0.18384,0.25006,0.0,0.0,-0.05709,-0.0561,-0.0561,-0.0561,-0.05512,-0.05709,-0.05709,-0.05709,-0.05807,-0.05807
2023-05-23 11:34:22,-0.0561,0.18334,0.24987,0.0,0.0,-0.0561,-0.0561,-0.0561,-0.0561,-0.05512,-0.05709,-0.05709,-0.05709,-0.05807,-0.05807
2023-05-23 11:34:24,-0.05709,0.19325,0.25361,0.0,-2000.0,-0.05709,-0.0561,-0.0561,-0.0561,-0.05512,-0.05709,-0.05709,-0.05709,-0.05807,-0.05807
2023-05-23 11:34:26,-0.0561,0.19349,0.2537,-2.0,0.0,-0.0561,-0.0561,-0.0561,-0.0561,-0.05512,-0.05709,-0.05709,-0.05709,-0.05807,-0.05807
2023-05-23 11:34:28,-0.0561,0.19349,0.25369,0.0,0.0,-0.0561,-0.0561,-0.0561,-0.0561,-0.05512,-0.05709,-0.05709,-0.05709,-0.05807,-0.05807
2023-05-23 11:34:30,-0.0561,0.1909,0.25282,0.0,461.0,-0.0561,-0.0561,-0.0561,-0.0561,-0.05512,-0.05709,-0.05709,-0.05709,-0.05807,-0.05807
2023-05-23 11:34:31,-0.05709,0.19139,0.25442,0.0,0.0,-0.05709,-0.0561,-0.0561,-0.0561,-0.05512,-0.05709,-0.05709,-0.05709,-0.05807,-0.05807
2023-05-23 11:34:33,-0.0561,0.1907,0.25417,0.0,30.0,-0.0561,-0.0561,-0.0561,-0.0561,-0.05512,-0.05709,-0.05709,-0.05709,-0.05807,-0.05807
2023-05-23 11:34:35,-0.0561,0.19019,0.25412,0.0,100.0,-0.0561,-0.0561,-0.0561,-0.0561,-0.05512,-0.05709,-0.05709,-0.05709,-0.05807,-0.05807
2023-05-23 11:34:37,-0.05709,0.19042,0.25421,0.0,-50.0,-0.05709,-0.0561,-0.0561,-0.0561,-0.05512,-0.05709,-0.05709,-0.05709,-0.05807,-0.05807
2023-05-23 11:34:39,-0.0561,0.18862,0.25371,-10.0,0.0,-0.0561,-0.0561,-0.0561,-0.0561,-0.05512,-0.05709,-0.05709,-0.05709,-0.05807,-0.05807
2023-05-23 11:34:41,-0.05709,0.18438,0.25207,0.0,1.0,-0.05709,-0.0561,-0.0561,-0.0561,-0.05512,-0.05709,-0.05709,-0.05709,-0.05807,-0.05807
2023-05-23 11:34:43,-0.05709,0.17438,0.248,0.0,-359.0,-0.05709,-0.0561,-0.0561,-0.0561,-0.05512,-0.05709,-0.05709,-0.05709,-0.05807,-0.05807
2023-05-23 11:34:45,-0.0561,0.16976,0.24551,0.0,13.0,-0.0561,-0.0561,-0.0561,-0.0561,-0.05512,-0.05709,-0.05709,-0.05709,-0.05807,-0.05807
2023-05-23 11:34:46,-0.0561,0.16964,0.24545,0.0,30.0,-0.0561,-0.0561,-0.0561,-0.0561,-0.05512,-0.05709,-0.05709,-0.05709,-0.05807,-0.05807
2023-05-23 11:34:48,-0.0561,0.16964,0.24545,0.0,0.0,-0.0561,-0.0561,-0.0561,-0.0561,-0.05512,-0.05709,-0.05709,-0.05709,-0.05807,-0.05807
2023-05-23 11:34:50,-0.05709,0.17298,0.24691,0.0,0.0,-0.05709,-0.0561,-0.0561,-0.0561,-0.05512,-0.05709,-0.05709,-0.05709,-0.05807,-0.05807
2023-05-23 11:34:52,-0.05709,0.17767,0.24834,0.0,50.0,-0.05709,-0.0561,-0.0561,-0.0561,-0.05512,-0.05709,-0.05709,-0.05709,-0.05807,-0.05807
2023-05-23 11:34:54,-0.05709,0.17776,0.24838,0.0,0.0,-0.05709,-0.0561,-0.0561,-0.0561,-0.05512,-0.05709,-0.05709,-0.05709,-0.05807,-0.05807
2023-05-23 11:34:56,-0.05709,0.17273,0.24696,0.0,-5.0,-0.05709,-0.0561,-0.0561,-0.0561,-0.05512,-0.05709,-0.05709,-0.05709,-0.05807,-0.05807
2023-05-23 11:34:58,-0.05709,0.17517,0.24813,20.0,0.0,-0.05709,-0.0561,-0.0561,-0.0561,-0.05512,-0.05709,-0.05709,-0.05709,-0.05807,-0.05807
2023-05-23 11:34:59,-0.0561,0.17517,0.24813,20.0,0.0,-0.0561,-0.0561,-0.0561,-0.0561,-0.05512,-0.05709,-0.05709,-0.05709,-0.05807,-0.05807
2023-05-23 11:35:01,-0.05709,0.17631,0.24861,0.0,0.0,-0.05709,-0.05709,-0.05709,-0.0561,-0.0561,-0.0561,-0.05512,-0.05709,-0.05709,-0.05709
2023-05-23 11:35:03,-0.05709,0.19222,0.25181,1283.0,0.0,-0.05709,-0.05709,-0.05709,-0.0561,-0.0561,-0.0561,-0.05512,-0.05709,-0.05709,-0.05709
2023-05-23 11:35:05,-0.05709,0.19223,0.25196,0.0,-4.0,-0.05709,-0.05709,-0.05709,-0.0561,-0.0561,-0.0561,-0.05512,-0.05709,-0.05709,-0.05709
2023-05-23 11:35:07,-0.05709,0.19324,0.25251,0.0,-227.0,-0.05709,-0.05709,-0.05709,-0.0561,-0.0561,-0.0561,-0.05512,-0.05709,-0.05709,-0.05709
2023-05-23 11:35:09,-0.05709,0.19352,0.25262,0.0,0.0,-0.05709,-0.05709,-0.05709,-0.0561,-0.0561,-0.0561,-0.05512,-0.05709,-0.05709,-0.05709
2023-05-23 11:35:11,-0.05709,0.19482,0.25314,0.0,-128.0,-0.05709,-0.05709,-0.05709,-0.0561,-0.0561,-0.0561,-0.05512,-0.05709,-0.05709,-0.05709
2023-05-23 11:35:12,-0.05709,0.19607,0.25333,0.0,0.0,-0.05709,-0.05709,-0.05709,-0.0561,-0.0561,-0.0561,-0.05512,-0.05709,-0.05709,-0.05709
2023-05-23 11:35:14,-0.05709,0.16703,0.24485,-1351.0,-100.0,-0.05709,-0.05709,-0.05709,-0.0561,-0.0561,-0.0561,-0.05512,-0.05709,-0.05709,-0.05709
2023-05-23 11:35:16,-0.05709,0.13647,0.23563,0.0,0.0,-0.05709,-0.05709,-0.05709,-0.0561,-0.0561,-0.0561,-0.05512,-0.05709,-0.05709,-0.05709
2023-05-23 11:35:18,-0.05709,0.13678,0.23579,0.0,-105.0,-0.05709,-0.05709,-0.05709,-0.0561,-0.0561,-0.0561,-0.05512,-0.05709,-0.05709,-0.05709
2023-05-23 11:35:20,-0.0561,0.13651,0.2357,-10.0,0.0,-0.0561,-0.05709,-0.05709,-0.0561,-0.0561,-0.0561,-0.05512,-0.05709,-0.05709,-0.05709
2023-05-23 11:35:22,-0.05709,0.13526,0.23502,0.0,480.0,-0.05709,-0.05709,-0.05709,-0.0561,-0.0561,-0.0561,-0.05512,-0.05709,-0.05709,-0.05709
2023-05-23 11:35:24,-0.05709,0.13554,0.23516,0.0,-86.0,-0.05709,-0.05709,-0.05709,-0.0561,-0.0561,-0.0561,-0.05512,-0.05709,-0.05709,-0.05709
2023-05-23 11:35:26,-0.05709,0.13554,0.23516,0.0,0.0,-0.05709,-0.05709,-0.05709,-0.0561,-0.0561,-0.0561,-0.05512,-0.05709,-0.05709,-0.05709
2023-05-23 11:35:27,-0.05709,0.13629,0.23556,0.0,-245.0,-0.05709,-0.05709,-0.05709,-0.0561,-0.0561,-0.0561,-0.05512,-0.05709,-0.05709,-0.05709
2023-05-23 11:35:29,-0.05709,0.14141,0.23816,0.0,1.0,-0.05709,-0.05709,-0.05709,-0.0561,-0.0561,-0.0561,-0.05512,-0.05709,-0.05709,-0.05709
2023-05-23 11:35:31,-0.05709,0.14375,0.23941,0.0,-626.0,-0.05709,-0.05709,-0.05709,-0.0561,-0.0561,-0.0561,-0.05512,-0.05709,-0.05709,-0.05709
2023-05-23 11:35:33,-0.0561,0.14851,0.24079,3.0,0.0,-0.0561,-0.05709,-0.05709,-0.0561,-0.0561,-0.0561,-0.05512,-0.05709,-0.05709,-0.05709
2023-05-23 11:35:35,-0.0561,0.14484,0.23903,0.0,200.0,-0.0561,-0.05709,-0.05709,-0.0561,-0.0561,-0.0561,-0.05512,-0.05709,-0.05709,-0.05709
2023-05-23 11:35:37,-0.05709,0.13425,0.2359,0.0,-1.0,-0.05709,-0.05709,-0.05709,-0.0561,-0.0561,-0.0561,-0.05512,-0.05709,-0.05709,-0.05709
2023-05-23 11:35:39,-0.05709,0.13426,0.23591,0.0,1.0,-0.05709,-0.05709,-0.05709,-0.0561,-0.0561,-0.0561,-0.05512,-0.05709,-0.05709,-0.05709
2023-05-23 11:35:41,-0.05709,0.1329,0.23537,0.0,417.0,-0.05709,-0.05709,-0.05709,-0.0561,-0.0561,-0.0561,-0.05512,-0.05709,-0.05709,-0.05709
2023-05-23 11:35:42,-0.05709,0.13434,0.23585,0.0,1.0,-0.05709,-0.05709,-0.05709,-0.0561,-0.0561,-0.0561,-0.05512,-0.05709,-0.05709,-0.05709
2023-05-23 11:35:44,-0.0561,0.13429,0.23583,-2.0,0.0,-0.0561,-0.05709,-0.05709,-0.0561,-0.0561,-0.0561,-0.05512,-0.05709,-0.05709,-0.05709
2023-05-23 11:35:46,-0.0561,0.13447,0.23598,-10.0,0.0,-0.0561,-0.05709,-0.05709,-0.0561,-0.0561,-0.0561,-0.05512,-0.05709,-0.05709,-0.05709
2023-05-23 11:35:48,-0.0561,0.13427,0.23584,0.0,20.0,-0.0561,-0.05709,-0.05709,-0.0561,-0.0561,-0.0561,-0.05512,-0.05709,-0.05709,-0.05709
2023-05-23 11:35:50,-0.0561,0.13403,0.23571,0.0,0.0,-0.0561,-0.05709,-0.05709,-0.0561,-0.0561,-0.0561,-0.05512,-0.05709,-0.05709,-0.05709
2023-05-23 11:35:52,-0.05709,0.13393,0.23551,0.0,-50.0,-0.05709,-0.05709,-0.05709,-0.0561,-0.0561,-0.0561,-0.05512,-0.05709,-0.05709,-0.05709
2023-05-23 11:35:54,-0.05709,0.13391,0.2355,0.0,0.0,-0.05709,-0.05709,-0.05709,-0.0561,-0.0561,-0.0561,-0.05512,-0.05709,-0.05709,-0.05709
2023-05-23 11:35:55,-0.05709,0.13244,0.23492,0.0,-1.0,-0.05709,-0.05709,-0.05709,-0.0561,-0.0561,-0.0561,-0.05512,-0.05709,-0.05709,-0.05709
2023-05-23 11:35:57,-0.0561,0.14783,0.23953,622.0,0.0,-0.0561,-0.05709,-0.05709,-0.0561,-0.0561,-0.0561,-0.05512,-0.05709,-0.05709,-0.05709
2023-05-23 11:35:59,-0.0561,0.14782,0.23953,0.0,2.0,-0.0561,-0.05709,-0.05709,-0.0561,-0.0561,-0.0561,-0.05512,-0.05709,-0.05709,-0.05709
2023-05-23 11:36:01,-0.05709,0.14816,0.23969,0.0,10.0,-0.05709,-0.05709,-0.0561,-0.05709,-0.05709,-0.0561,-0.0561,-0.0561,-0.05512,-0.05709
2023-05-23 11:36:03,-0.05709,0.14503,0.23816,0.0,-97.0,-0.05709,-0.05709,-0.0561,-0.05709,-0.05709,-0.0561,-0.0561,-0.0561,-0.05512,-0.05709
2023-05-23 11:36:05,-0.05709,0.14485,0.23809,0.0,50.0,-0.05709,-0.05709,-0.0561,-0.05709,-0.05709,-0.0561,-0.0561,-0.0561,-0.05512,-0.05709
2023-05-23 11:36:06,-0.05709,0.14484,0.23808,0.0,5.0,-0.05709,-0.05709,-0.0561,-0.05709,-0.05709,-0.0561,-0.0561,-0.0561,-0.05512,-0.05709
2023-05-23 11:36:08,-0.05709,0.1448,0.23806,0.0,0.0,-0.05709,-0.05709,-0.0561,-0.05709,-0.05709,-0.0561,-0.0561,-0.0561,-0.05512,-0.05709
2023-05-23 11:36:10,-0.05709,0.14253,0.23738,0.0,-42.0,-0.05709,-0.05709,-0.0561,-0.05709,-0.05709,-0.0561,-0.0561,-0.0561,-0.05512,-0.05709
2023-05-23 11:36:12,-0.05709,0.14256,0.2374,0.0,-10.0,-0.05709,-0.05709,-0.0561,-0.05709,-0.05709,-0.0561,-0.0561,-0.0561,-0.05512,-0.05709
2023-05-23 11:36:14,-0.0561,0.14266,0.23743,0.0,0.0,-0.0561,-0.05709,-0.0561,-0.05709,-0.05709,-0.0561,-0.0561,-0.0561,-0.05512,-0.05709
2023-05-23 11:36:16,-0.0561,0.14195,0.23708,0.0,0.0,-0.0561,-0.05709,-0.0561,-0.05709,-0.05709,-0.0561,-0.0561,-0.0561,-0.05512,-0.05709
2023-05-23 11:36:18,-0.0561,0.13857,0.23536,0.0,1004.0,-0.0561,-0.05709,-0.0561,-0.05709,-0.05709,-0.0561,-0.0561,-0.0561,-0.05512,-0.05709
2023-05-23 11:36:20,-0.0561,0.13852,0.23819,0.0,5.0,-0.0561,-0.05709,-0.0561,-0.05709,-0.05709,-0.0561,-0.0561,-0.0561,-0.05512,-0.05709
2023-05-23 11:36:21,-0.0561,0.13852,0.23816,0.0,20.0,-0.0561,-0.05709,-0.0561,-0.05709,-0.05709,-0.0561,-0.0561,-0.0561,-0.05512,-0.05709
2023-05-23 11:36:23,-0.0561,0.13377,0.23812,200.0,0.0,-0.0561,-0.05709,-0.0561,-0.05709,-0.05709,-0.0561,-0.0561,-0.0561,-0.05512,-0.05709
2023-05-23 11:36:25,-0.0561,0.13374,0.24198,543.0,0.0,-0.0561,-0.05709,-0.0561,-0.05709,-0.05709,-0.0561,-0.0561,-0.0561,-0.05512,-0.05709
2023-05-23 11:36:27,-0.0561,0.13299,0.24154,0.0,0.0,-0.0561,-0.05709,-0.0561,-0.05709,-0.05709,-0.0561,-0.0561,-0.0561,-0.05512,-0.05709
2023-05-23 11:36:29,-0.0561,0.13296,0.24152,0.0,0.0,-0.0561,-0.05709,-0.0561,-0.05709,-0.05709,-0.0561,-0.0561,-0.0561,-0.05512,-0.05709
2023-05-23 11:36:31,-0.0561,0.12967,0.23965,0.0,0.0,-0.0561,-0.05709,-0.0561,-0.05709,-0.05709,-0.0561,-0.0561,-0.0561,-0.05512,-0.05709
2023-05-23 11:36:33,-0.05709,0.13279,0.24139,6.0,0.0,-0.05709,-0.05709,-0.0561,-0.05709,-0.05709,-0.0561,-0.0561,-0.0561,-0.05512,-0.05709
2023-05-23 11:36:35,-0.05709,0.13521,0.24213,105.0,0.0,-0.05709,-0.05709,-0.0561,-0.05709,-0.05709,-0.0561,-0.0561,-0.0561,-0.05512,-0.05709
2023-05-23 11:36:38,-0.05709,0.13521,0.24213,105.0,0.0,-0.05709,-0.05709,-0.0561,-0.05709,-0.05709,-0.0561,-0.0561,-0.0561,-0.05512,-0.05709
2023-05-23 11:36:40,-0.05709,0.13521,0.24213,0.0,0.0,-0.05709,-0.05709,-0.0561,-0.05709,-0.05709,-0.0561,-0.0561,-0.0561,-0.05512,-0.05709
2023-05-23 11:36:42,-0.05709,0.13525,0.24215,2.0,0.0,-0.05709,-0.05709,-0.0561,-0.05709,-0.05709,-0.0561,-0.0561,-0.0561,-0.05512,-0.05709
2023-05-23 11:36:44,-0.0561,0.13781,0.24358,-2.0,0.0,-0.0561,-0.05709,-0.0561,-0.05709,-0.05709,-0.0561,-0.0561,-0.0561,-0.05512,-0.05709
2023-05-23 11:36:46,-0.0561,0.13781,0.24358,0.0,0.0,-0.0561,-0.05709,-0.0561,-0.05709,-0.05709,-0.0561,-0.0561,-0.0561,-0.05512,-0.05709
2023-05-23 11:36:48,-0.0561,0.13769,0.24354,-2.0,0.0,-0.0561,-0.05709,-0.0561,-0.05709,-0.05709,-0.0561,-0.0561,-0.0561,-0.05512,-0.05709
2023-05-23 11:36:49,-0.0561,0.12819,0.24069,212.0,0.0,-0.0561,-0.05709,-0.0561,-0.05709,-0.05709,-0.0561,-0.0561,-0.0561,-0.05512,-0.05709
2023-05-23 11:36:51,-0.0561,0.14707,0.2464,300.0,0.0,-0.0561,-0.05709,-0.0561,-0.05709,-0.05709,-0.0561,-0.0561,-0.0561,-0.05512,-0.05709
2023-05-23 11:36:53,-0.05709,0.14816,0.24695,0.0,-313.0,-0.05709,-0.05709,-0.0561,-0.05709,-0.05709,-0.0561,-0.0561,-0.0561,-0.05512,-0.05709
2023-05-23 11:36:55,-0.05709,0.14852,0.24842,0.0,-729.0,-0.05709,-0.05709,-0.0561,-0.05709,-0.05709,-0.0561,-0.0561,-0.0561,-0.05512,-0.05709
2023-05-23 11:36:57,-0.05709,0.14959,0.24897,0.0,-1.0,-0.05709,-0.05709,-0.0561,-0.05709,-0.05709,-0.0561,-0.0561,-0.0561,-0.05512,-0.05709
2023-05-23 11:36:59,-0.05709,0.1522,0.25026,0.0,0.0,-0.05709,-0.05709,-0.0561,-0.05709,-0.05709,-0.0561,-0.0561,-0.0561,-0.05512,-0.05709
2023-05-23 11:37:01,-0.05709,0.1504,0.24937,0.0,440.0,-0.05709,-0.05709,-0.0561,-0.0561,-0.0561,-0.05709,-0.05709,-0.0561,-0.0561,-0.0561
2023-05-23 11:37:02,-0.05709,0.13755,0.24256,0.0,3883.0,-0.05709,-0.05709,-0.0561,-0.0561,-0.0561,-0.05709,-0.05709,-0.0561,-0.0561,-0.0561
2023-05-23 11:37:04,-0.05709,0.14233,0.24519,0.0,-1527.0,-0.05709,-0.05709,-0.05709,-0.05709,-0.0561,-0.05709,-0.05709,-0.0561,-0.0561,-0.0561
2023-05-23 11:37:06,-0.05709,0.14265,0.24537,0.0,1.0,-0.05709,-0.05709,-0.05709,-0.05709,-0.0561,-0.05709,-0.05709,-0.0561,-0.0561,-0.0561
2023-05-23 11:37:08,-0.05709,0.14275,0.24538,0.0,100.0,-0.05709,-0.05709,-0.05709,-0.05709,-0.0561,-0.05709,-0.05709,-0.0561,-0.0561,-0.0561
2023-05-23 11:37:10,-0.05709,0.14305,0.24555,0.0,1.0,-0.05709,-0.05709,-0.05709,-0.05709,-0.0561,-0.05709,-0.05709,-0.0561,-0.0561,-0.0561
2023-05-23 11:37:12,-0.05709,0.13617,0.2434,-300.0,0.0,-0.05709,-0.05709,-0.05709,-0.05709,-0.0561,-0.05709,-0.05709,-0.0561,-0.0561,-0.0561
2023-05-23 11:37:14,-0.05709,0.13573,0.23974,0.0,10.0,-0.05709,-0.05709,-0.05709,-0.05709,-0.0561,-0.05709,-0.05709,-0.0561,-0.0561,-0.0561
2023-05-23 11:37:16,-0.05709,0.13573,0.24005,0.0,-183.0,-0.05709,-0.05709,-0.05709,-0.05709,-0.0561,-0.05709,-0.05709,-0.0561,-0.0561,-0.0561
2023-05-23 11:37:17,-0.05709,0.14239,0.24196,0.0,200.0,-0.05709,-0.05709,-0.05709,-0.05709,-0.0561,-0.05709,-0.05709,-0.0561,-0.0561,-0.0561
2023-05-23 11:37:19,-0.05709,0.14604,0.24329,1.0,0.0,-0.05709,-0.05709,-0.05709,-0.05709,-0.0561,-0.05709,-0.05709,-0.0561,-0.0561,-0.0561
2023-05-23 11:37:21,-0.05709,0.14606,0.24629,425.0,0.0,-0.05709,-0.05709,-0.05709,-0.05709,-0.0561,-0.05709,-0.05709,-0.0561,-0.0561,-0.0561
2023-05-23 11:37:23,-0.05709,0.15302,0.24846,297.0,0.0,-0.05709,-0.05709,-0.05709,-0.05709,-0.0561,-0.05709,-0.05709,-0.0561,-0.0561,-0.0561
2023-05-23 11:37:25,-0.05709,0.15302,0.24846,297.0,0.0,-0.05709,-0.05709,-0.05709,-0.05709,-0.0561,-0.05709,-0.05709,-0.0561,-0.0561,-0.0561
2023-05-23 11:37:27,-0.05709,0.15304,0.25252,-425.0,0.0,-0.05709,-0.05709,-0.05709,-0.05709,-0.0561,-0.05709,-0.05709,-0.0561,-0.0561,-0.0561
2023-05-23 11:37:28,-0.05709,0.16444,0.2525,0.0,3.0,-0.05709,-0.05709,-0.05709,-0.05709,-0.0561,-0.05709,-0.05709,-0.0561,-0.0561,-0.0561
2023-05-23 11:37:30,-0.05709,0.16393,0.25255,41.0,0.0,-0.05709,-0.05709,-0.05709,-0.05709,-0.0561,-0.05709,-0.05709,-0.0561,-0.0561,-0.0561
2023-05-23 11:37:32,-0.05709,0.1639,0.25253,0.0,1.0,-0.05709,-0.05709,-0.05709,-0.05709,-0.0561,-0.05709,-0.05709,-0.0561,-0.0561,-0.0561
2023-05-23 11:37:34,-0.05709,0.16222,0.25172,0.0,22.0,-0.05709,-0.05709,-0.05709,-0.05709,-0.0561,-0.05709,-0.05709,-0.0561,-0.0561,-0.0561
2023-05-23 11:37:36,-0.0561,0.16212,0.2517,-5.0,-5.0,-0.0561,-0.05709,-0.05709,-0.05709,-0.0561,-0.05709,-0.05709,-0.0561,-0.0561,-0.0561
2023-05-23 11:37:38,-0.05709,0.16461,0.25288,0.0,0.0,-0.05709,-0.05709,-0.05709,-0.05709,-0.0561,-0.05709,-0.05709,-0.0561,-0.0561,-0.0561
2023-05-23 11:37:40,-0.05709,0.16567,0.25338,0.0,-288.0,-0.05709,-0.05709,-0.05709,-0.05709,-0.0561,-0.05709,-0.05709,-0.0561,-0.0561,-0.0561
2023-05-23 11:37:42,-0.05709,0.16665,0.25384,0.0,-256.0,-0.05709,-0.05709,-0.05709,-0.05709,-0.0561,-0.05709,-0.05709,-0.0561,-0.0561,-0.0561
2023-05-23 11:37:43,-0.05709,0.16665,0.25384,0.0,0.0,-0.05709,-0.05709,-0.05709,-0.05709,-0.0561,-0.05709,-0.05709,-0.0561,-0.0561,-0.0561
2023-05-23 11:37:45,-0.05709,0.16437,0.25274,0.0,318.0,-0.05709,-0.05709,-0.05709,-0.05709,-0.0561,-0.05709,-0.05709,-0.0561,-0.0561,-0.0561
2023-05-23 11:37:47,-0.05709,0.16437,0.25345,100.0,0.0,-0.05709,-0.05709,-0.05709,-0.05709,-0.0561,-0.05709,-0.05709,-0.0561,-0.0561,-0.0561
2023-05-23 11:37:49,-0.05709,0.20482,0.25328,0.0,0.0,-0.05709,-0.05709,-0.05709,-0.05709,-0.0561,-0.05709,-0.05709,-0.0561,-0.0561,-0.0561
2023-05-23 11:37:51,-0.05709,0.20255,0.25329,0.0,-5.0,-0.05709,-0.05709,-0.05709,-0.05709,-0.0561,-0.05709,-0.05709,-0.0561,-0.0561,-0.0561
2023-05-23 11:37:53,-0.05709,0.20324,0.25352,0.0,0.0,-0.05709,-0.05709,-0.05709,-0.05709,-0.0561,-0.05709,-0.05709,-0.0561,-0.0561,-0.0561
2023-05-23 11:37:54,-0.0561,0.20319,0.2535,0.0,0.0,-0.0561,-0.05709,-0.05709,-0.05709,-0.0561,-0.05709,-0.05709,-0.0561,-0.0561,-0.0561
2023-05-23 11:37:56,-0.0561,0.20319,0.2535,0.0,0.0,-0.0561,-0.05709,-0.05709,-0.05709,-0.0561,-0.05709,-0.05709,-0.0561,-0.0561,-0.0561
2023-05-23 11:37:58,-0.0561,0.20319,0.2535,0.0,0.0,-0.0561,-0.05709,-0.05709,-0.05709,-0.0561,-0.05709,-0.05709,-0.0561,-0.0561,-0.0561
2023-05-23 11:38:00,-0.0561,0.2064,0.25491,0.0,3.0,-0.0561,-0.05709,-0.05709,-0.05709,-0.05709,-0.05709,-0.0561,-0.05709,-0.05709,-0.0561
2023-05-23 11:38:02,-0.0561,0.20642,0.25492,0.0,0.0,-0.0561,-0.05709,-0.05709,-0.05709,-0.05709,-0.05709,-0.0561,-0.05709,-0.05709,-0.0561
2023-05-23 11:38:04,-0.0561,0.21096,0.25646,-1.0,0.0,-0.0561,-0.0561,-0.0561,-0.05709,-0.05709,-0.05709,-0.0561,-0.05709,-0.05709,-0.0561
2023-05-23 11:38:05,-0.0561,0.21094,0.25627,0.0,100.0,-0.0561,-0.0561,-0.0561,-0.05709,-0.05709,-0.05709,-0.0561,-0.05709,-0.05709,-0.0561
2023-05-23 11:38:07,-0.0561,0.21091,0.25626,-1.0,0.0,-0.0561,-0.0561,-0.0561,-0.05709,-0.05709,-0.05709,-0.0561,-0.05709,-0.05709,-0.0561
2023-05-23 11:38:09,-0.05709,0.18755,0.24746,0.0,4140.0,-0.05709,-0.0561,-0.0561,-0.05709,-0.05709,-0.05709,-0.0561,-0.05709,-0.05709,-0.0561
2023-05-23 11:38:11,-0.0561,0.18025,0.24508,0.0,10.0,-0.0561,-0.0561,-0.0561,-0.05709,-0.05709,-0.05709,-0.0561,-0.05709,-0.05709,-0.0561
2023-05-23 11:38:13,-0.0561,0.18023,0.24508,0.0,0.0,-0.0561,-0.0561,-0.0561,-0.05709,-0.05709,-0.05709,-0.0561,-0.05709,-0.05709,-0.0561
2023-05-23 11:38:15,-0.0561,0.18139,0.24528,-3.0,0.0,-0.0561,-0.0561,-0.0561,-0.05709,-0.05709,-0.05709,-0.0561,-0.05709,-0.05709,-0.0561
2023-05-23 11:38:17,-0.0561,0.17999,0.24482,0.0,1.0,-0.0561,-0.0561,-0.0561,-0.05709,-0.05709,-0.05709,-0.0561,-0.05709,-0.05709,-0.0561
2023-05-23 11:38:18,-0.0561,0.17972,0.24473,-1.0,0.0,-0.0561,-0.0561,-0.0561,-0.05709,-0.05709,-0.05709,-0.0561,-0.05709,-0.05709,-0.0561
2023-05-23 11:38:20,-0.0561,0.17969,0.24472,0.0,0.0,-0.0561,-0.0561,-0.0561,-0.05709,-0.05709,-0.05709,-0.0561,-0.05709,-0.05709,-0.0561
2023-05-23 11:38:22,-0.05709,0.17965,0.2447,0.0,-1.0,-0.05709,-0.0561,-0.0561,-0.05709,-0.05709,-0.05709,-0.0561,-0.05709,-0.05709,-0.0561
2023-05-23 11:38:24,-0.0561,0.17987,0.24485,0.0,-175.0,-0.0561,-0.0561,-0.0561,-0.05709,-0.05709,-0.05709,-0.0561,-0.05709,-0.05709,-0.0561
2023-05-23 11:38:26,-0.0561,0.17948,0.24434,0.0,291.0,-0.0561,-0.0561,-0.0561,-0.05709,-0.05709,-0.05709,-0.0561,-0.05709,-0.05709,-0.0561
2023-05-23 11:38:28,-0.0561,0.17945,0.24433,-1.0,0.0,-0.0561,-0.0561,-0.0561,-0.05709,-0.05709,-0.05709,-0.0561,-0.05709,-0.05709,-0.0561
2023-05-23 11:38:30,-0.0561,0.17943,0.24432,0.0,0.0,-0.0561,-0.0561,-0.0561,-0.05709,-0.05709,-0.05709,-0.0561,-0.05709,-0.05709,-0.0561
2023-05-23 11:38:31,-0.0561,0.15848,0.23752,-1.0,0.0,-0.0561,-0.0561,-0.0561,-0.05709,-0.05709,-0.05709,-0.0561,-0.05709,-0.05709,-0.0561
2023-05-23 11:38:33,-0.0561,0.15848,0.23752,0.0,0.0,-0.0561,-0.0561,-0.0561,-0.05709,-0.05709,-0.05709,-0.0561,-0.05709,-0.05709,-0.0561
2023-05-23 11:38:35,-0.0561,0.17739,0.24365,897.0,0.0,-0.0561,-0.0561,-0.0561,-0.05709,-0.05709,-0.05709,-0.0561,-0.05709,-0.05709,-0.0561
2023-05-23 11:38:37,-0.0561,0.17412,0.24259,-155.0,0.0,-0.0561,-0.0561,-0.0561,-0.05709,-0.05709,-0.05709,-0.0561,-0.05709,-0.05709,-0.0561
2023-05-23 11:38:39,-0.0561,0.18174,0.24506,-14.0,0.0,-0.0561,-0.0561,-0.0561,-0.05709,-0.05709,-0.05709,-0.0561,-0.05709,-0.05709,-0.0561
2023-05-23 11:38:41,-0.0561,0.18164,0.24503,-1.0,0.0,-0.0561,-0.0561,-0.0561,-0.05709,-0.05709,-0.05709,-0.0561,-0.05709,-0.05709,-0.0561
2023-05-23 11:38:42,-0.0561,0.18161,0.24502,0.0,5.0,-0.0561,-0.0561,-0.0561,-0.05709,-0.05709,-0.05709,-0.0561,-0.05709,-0.05709,-0.0561
2023-05-23 11:38:44,-0.0561,0.18143,0.24494,0.0,50.0,-0.0561,-0.0561,-0.0561,-0.05709,-0.05709,-0.05709,-0.0561,-0.05709,-0.05709,-0.0561
2023-05-23 11:38:46,-0.0561,0.18062,0.24459,-1.0,0.0,-0.0561,-0.0561,-0.0561,-0.05709,-0.05709,-0.05709,-0.0561,-0.05709,-0.05709,-0.0561
2023-05-23 11:38:48,-0.0561,0.18059,0.24459,-1.0,0.0,-0.0561,-0.0561,-0.0561,-0.05709,-0.05709,-0.05709,-0.0561,-0.05709,-0.05709,-0.0561
2023-05-23 11:38:50,-0.05709,0.18051,0.24455,0.0,20.0,-0.05709,-0.0561,-0.0561,-0.05709,-0.05709,-0.05709,-0.0561,-0.05709,-0.05709,-0.0561
2023-05-23 11:38:52,-0.0561,0.17971,0.2442,-1.0,0.0,-0.0561,-0.0561,-0.0561,-0.05709,-0.05709,-0.05709,-0.0561,-0.05709,-0.05709,-0.0561
2023-05-23 11:38:54,-0.0561,0.17966,0.24418,-1.0,0.0,-0.0561,-0.0561,-0.0561,-0.05709,-0.05709,-0.05709,-0.0561,-0.05709,-0.05709,-0.0561
2023-05-23 11:38:56,-0.0561,0.17961,0.24416,-1.0,0.0,-0.0561,-0.0561,-0.0561,-0.05709,-0.05709,-0.05709,-0.0561,-0.05709,-0.05709,-0.0561
2023-05-23 11:38:57,-0.0561,0.17882,0.24381,0.0,0.0,-0.0561,-0.0561,-0.0561,-0.05709,-0.05709,-0.05709,-0.0561,-0.05709,-0.05709,-0.0561
2023-05-23 11:38:59,-0.0561,0.17995,0.24432,0.0,-537.0,-0.0561,-0.0561,-0.0561,-0.05709,-0.05709,-0.05709,-0.0561,-0.05709,-0.05709,-0.0561
2023-05-23 11:39:01,-0.0561,0.16623,0.24007,-1.0,0.0,-0.0561,-0.05709,-0.05709,-0.0561,-0.0561,-0.05709,-0.05709,-0.05709,-0.0561,-0.05709
2023-05-23 11:39:03,-0.0561,0.16621,0.24006,-1.0,0.0,-0.0561,-0.05709,-0.05709,-0.0561,-0.0561,-0.05709,-0.05709,-0.05709,-0.0561,-0.05709
2023-05-23 11:39:05,-0.0561,0.16285,0.23921,-208.0,-208.0,-0.0561,-0.05709,-0.05709,-0.0561,-0.0561,-0.05709,-0.05709,-0.05709,-0.0561,-0.05709
2023-05-23 11:39:07,-0.0561,0.15638,0.23712,-1.0,0.0,-0.0561,-0.05709,-0.05709,-0.0561,-0.0561,-0.05709,-0.05709,-0.05709,-0.0561,-0.05709
2023-05-23 11:39:09,-0.0561,0.15634,0.23711,-1.0,0.0,-0.0561,-0.05709,-0.05709,-0.0561,-0.0561,-0.05709,-0.05709,-0.05709,-0.0561,-0.05709
2023-05-23 11:39:11,-0.0561,0.16109,0.23939,0.0,14.0,-0.0561,-0.05709,-0.05709,-0.0561,-0.0561,-0.05709,-0.05709,-0.05709,-0.0561,-0.05709
2023-05-23 11:39:12,-0.0561,0.161,0.23936,-1.0,0.0,-0.0561,-0.05709,-0.05709,-0.0561,-0.0561,-0.05709,-0.05709,-0.05709,-0.0561,-0.05709
2023-05-23 11:39:14,-0.0561,0.14952,0.23568,-2.0,0.0,-0.0561,-0.05709,-0.05709,-0.0561,-0.0561,-0.05709,-0.05709,-0.05709,-0.0561,-0.05709
2023-05-23 11:39:16,-0.0561,0.14761,0.23533,-144.0,0.0,-0.0561,-0.05709,-0.05709,-0.0561,-0.0561,-0.05709,-0.05709,-0.05709,-0.0561,-0.05709
2023-05-23 11:39:18,-0.0561,0.14768,0.23535,5.0,0.0,-0.0561,-0.05709,-0.05709,-0.0561,-0.0561,-0.05709,-0.05709,-0.05709,-0.0561,-0.05709
2023-05-23 11:39:20,-0.0561,0.25691,0.26952,0.0,600.0,-0.0561,-0.05709,-0.05709,-0.0561,-0.0561,-0.05709,-0.05709,-0.05709,-0.0561,-0.05709
2023-05-23 11:39:22,-0.0561,0.25626,0.26932,-26.0,0.0,-0.0561,-0.05709,-0.05709,-0.0561,-0.0561,-0.05709,-0.05709,-0.05709,-0.0561,-0.05709
2023-05-23 11:39:24,-0.0561,0.25624,0.26931,0.0,0.0,-0.0561,-0.05709,-0.05709,-0.0561,-0.0561,-0.05709,-0.05709,-0.05709,-0.0561,-0.05709
2023-05-23 11:39:26,-0.05709,0.24899,0.26713,0.0,0.0,-0.05709,-0.05709,-0.05709,-0.0561,-0.0561,-0.05709,-0.05709,-0.05709,-0.0561,-0.05709
2023-05-23 11:39:27,-0.05709,0.24899,0.26713,0.0,0.0,-0.05709,-0.05709,-0.05709,-0.0561,-0.0561,-0.05709,-0.05709,-0.05709,-0.0561,-0.05709
2023-05-23 11:39:29,-0.05709,0.25246,0.26828,0.0,-396.0,-0.05709,-0.05709,-0.05709,-0.0561,-0.0561,-0.05709,-0.05709,-0.05709,-0.0561,-0.05709
2023-05-23 11:39:31,-0.05709,0.25753,0.2693,0.0,-121.0,-0.05709,-0.05709,-0.05709,-0.0561,-0.0561,-0.05709,-0.05709,-0.05709,-0.0561,-0.05709
2023-05-23 11:39:33,-0.05709,0.25786,0.26899,0.0,50.0,-0.05709,-0.05709,-0.05709,-0.0561,-0.0561,-0.05709,-0.05709,-0.05709,-0.0561,-0.05709
2023-05-23 11:39:35,-0.05709,0.27942,0.27547,0.0,-3350.0,-0.05709,-0.05709,-0.05709,-0.0561,-0.0561,-0.05709,-0.05709,-0.05709,-0.0561,-0.05709
2023-05-23 11:39:37,-0.05709,0.2794,0.27546,0.0,-1.0,-0.05709,-0.05709,-0.05709,-0.0561,-0.0561,-0.05709,-0.05709,-0.05709,-0.0561,-0.05709
2023-05-23 11:39:39,-0.05709,0.28145,0.27604,0.0,4.0,-0.05709,-0.05709,-0.05709,-0.0561,-0.0561,-0.05709,-0.05709,-0.05709,-0.0561,-0.05709
2023-05-23 11:39:41,-0.0561,0.28099,0.27591,-4.0,0.0,-0.0561,-0.05709,-0.05709,-0.0561,-0.0561,-0.05709,-0.05709,-0.05709,-0.0561,-0.05709
2023-05-23 11:39:42,-0.05709,0.28174,0.27612,0.0,0.0,-0.05709,-0.05709,-0.05709,-0.0561,-0.0561,-0.05709,-0.05709,-0.05709,-0.0561,-0.05709
2023-05-23 11:39:45,-0.05709,0.26763,0.27073,0.0,0.0,-0.05709,-0.05709,-0.05709,-0.0561,-0.0561,-0.05709,-0.05709,-0.05709,-0.0561,-0.05709
2023-05-23 11:39:48,-0.0561,0.25289,0.26652,0.0,-208.0,-0.0561,-0.05709,-0.05709,-0.0561,-0.0561,-0.05709,-0.05709,-0.05709,-0.0561,-0.05709
2023-05-23 11:39:50,-0.05709,0.17509,0.24342,0.0,0.0,-0.05709,-0.05709,-0.05709,-0.0561,-0.0561,-0.05709,-0.05709,-0.05709,-0.0561,-0.05709
2023-05-23 11:39:52,-0.05709,0.17509,0.24344,0.0,0.0,-0.05709,-0.05709,-0.05709,-0.0561,-0.0561,-0.05709,-0.05709,-0.05709,-0.0561,-0.05709
2023-05-23 11:39:53,-0.05709,0.17507,0.24343,0.0,0.0,-0.05709,-0.05709,-0.05709,-0.0561,-0.0561,-0.05709,-0.05709,-0.05709,-0.0561,-0.05709
2023-05-23 11:39:55,-0.05709,0.18112,0.24585,-1.0,0.0,-0.05709,-0.05709,-0.05709,-0.0561,-0.0561,-0.05709,-0.05709,-0.05709,-0.0561,-0.05709
2023-05-23 11:39:57,-0.05709,0.18088,0.24573,0.0,0.0,-0.05709,-0.05709,-0.05709,-0.0561,-0.0561,-0.05709,-0.05709,-0.05709,-0.0561,-0.05709
2023-05-23 11:39:59,-0.05709,0.17409,0.2432,-1.0,0.0,-0.05709,-0.05709,-0.05709,-0.0561,-0.0561,-0.05709,-0.05709,-0.05709,-0.0561,-0.05709
2023-05-23 11:40:01,-0.05709,0.17329,0.24288,0.0,0.0,-0.05709,-0.05709,-0.05709,-0.05709,-0.05709,-0.0561,-0.0561,-0.05709,-0.05709,-0.05709
2023-05-23 11:40:03,-0.05709,0.17328,0.24269,0.0,0.0,-0.05709,-0.05709,-0.05709,-0.05709,-0.05709,-0.0561,-0.0561,-0.05709,-0.05709,-0.05709
2023-05-23 11:40:05,-0.05709,0.17301,0.28161,22.0,-22.0,-0.05709,-0.05709,-0.05709,-0.05709,-0.05709,-0.0561,-0.0561,-0.05709,-0.05709,-0.05709
2023-05-23 11:40:07,-0.05709,0.16547,0.2786,-474.0,0.0,-0.05709,-0.05709,-0.05709,-0.05709,-0.05709,-0.0561,-0.0561,-0.05709,-0.05709,-0.05709
2023-05-23 11:40:08,-0.0561,0.40803,0.31283,0.0,11.0,-0.0561,-0.05709,-0.05709,-0.05709,-0.05709,-0.0561,-0.0561,-0.05709,-0.05709,-0.05709
2023-05-23 11:40:10,-0.0561,0.40801,0.31283,0.0,0.0,-0.0561,-0.05709,-0.05709,-0.05709,-0.05709,-0.0561,-0.0561,-0.05709,-0.05709,-0.05709
2023-05-23 11:40:12,-0.0561,0.40761,0.31274,0.0,40.0,-0.0561,-0.05709,-0.05709,-0.05709,-0.05709,-0.0561,-0.0561,-0.05709,-0.05709,-0.05709
2023-05-23 11:40:14,-0.0561,0.40657,0.3125,0.0,0.0,-0.0561,-0.05709,-0.05709,-0.05709,-0.05709,-0.0561,-0.0561,-0.05709,-0.05709,-0.05709
2023-05-23 11:40:16,-0.05807,0.28841,0.2868,400.0,0.0,-0.05807,-0.05709,-0.05709,-0.05709,-0.05709,-0.0561,-0.0561,-0.05709,-0.05709,-0.05709
2023-05-23 11:40:18,-0.05807,0.28841,0.28681,0.0,-4.0,-0.05807,-0.05709,-0.05709,-0.05709,-0.05709,-0.0561,-0.0561,-0.05709,-0.05709,-0.05709
2023-05-23 11:40:20,-0.05807,0.45132,0.32292,0.0,-17488.0,-0.05807,-0.05709,-0.05709,-0.05709,-0.05709,-0.0561,-0.0561,-0.05709,-0.05709,-0.05709
2023-05-23 11:40:21,-0.05807,0.45075,0.3228,0.0,2.0,-0.05807,-0.05709,-0.05709,-0.05709,-0.05709,-0.0561,-0.0561,-0.05709,-0.05709,-0.05709
2023-05-23 11:40:23,-0.0561,0.44808,0.32207,0.0,10.0,-0.0561,-0.05709,-0.05709,-0.05709,-0.05709,-0.0561,-0.0561,-0.05709,-0.05709,-0.05709
2023-05-23 11:40:25,-0.0561,0.44808,0.32207,0.0,10.0,-0.0561,-0.05709,-0.05709,-0.05709,-0.05709,-0.0561,-0.0561,-0.05709,-0.05709,-0.05709
2023-05-23 11:40:27,-0.05709,0.17834,0.28449,-1260.0,17413.0,-0.05709,-0.05709,-0.05709,-0.05709,-0.05709,-0.0561,-0.0561,-0.05709,-0.05709,-0.05709
2023-05-23 11:40:29,-0.05709,0.17727,0.28405,0.0,11.0,-0.05709,-0.05709,-0.05709,-0.05709,-0.05709,-0.0561,-0.0561,-0.05709,-0.05709,-0.05709
2023-05-23 11:40:31,-0.0561,0.30561,0.29336,1259.0,0.0,-0.0561,-0.05709,-0.05709,-0.05709,-0.05709,-0.0561,-0.0561,-0.05709,-0.05709,-0.05709
2023-05-23 11:40:33,-0.0561,0.48157,0.33047,0.0,-17578.0,-0.0561,-0.05709,-0.05709,-0.05709,-0.05709,-0.0561,-0.0561,-0.05709,-0.05709,-0.05709
2023-05-23 11:40:35,-0.0561,0.48926,0.33193,0.0,35.0,-0.0561,-0.05709,-0.05709,-0.05709,-0.05709,-0.0561,-0.0561,-0.05709,-0.05709,-0.05709
2023-05-23 11:40:36,-0.0561,0.48539,0.3312,0.0,300.0,-0.0561,-0.05709,-0.05709,-0.05709,-0.05709,-0.0561,-0.0561,-0.05709,-0.05709,-0.05709
2023-05-23 11:40:38,-0.0561,0.48523,0.33117,0.0,0.0,-0.0561,-0.05709,-0.05709,-0.05709,-0.05709,-0.0561,-0.0561,-0.05709,-0.05709,-0.05709
2023-05-23 11:40:40,-0.0561,0.48523,0.33117,0.0,2.0,-0.0561,-0.05709,-0.05709,-0.05709,-0.05709,-0.0561,-0.0561,-0.05709,-0.05709,-0.05709
2023-05-23 11:40:42,-0.0561,0.51866,0.34237,0.0,1500.0,-0.0561,-0.05709,-0.05709,-0.05709,-0.05709,-0.0561,-0.0561,-0.05709,-0.05709,-0.05709
2023-05-23 11:40:44,-0.0561,0.51607,0.34188,0.0,200.0,-0.0561,-0.05709,-0.05709,-0.05709,-0.05709,-0.0561,-0.0561,-0.05709,-0.05709,-0.05709
2023-05-23 11:40:46,-0.0561,0.51607,0.34203,0.0,0.0,-0.0561,-0.05709,-0.05709,-0.05709,-0.05709,-0.0561,-0.0561,-0.05709,-0.05709,-0.05709
2023-05-23 11:40:48,-0.0561,0.51614,0.34205,3.0,0.0,-0.0561,-0.05709,-0.05709,-0.05709,-0.05709,-0.0561,-0.0561,-0.05709,-0.05709,-0.05709
2023-05-23 11:40:49,-0.0561,0.51627,0.34259,0.0,-10.0,-0.0561,-0.05709,-0.05709,-0.05709,-0.05709,-0.0561,-0.0561,-0.05709,-0.05709,-0.05709
2023-05-23 11:40:51,-0.05709,0.52716,0.34545,0.0,-100.0,-0.05709,-0.05709,-0.05709,-0.05709,-0.05709,-0.0561,-0.0561,-0.05709,-0.05709,-0.05709
2023-05-23 11:40:53,-0.0561,0.52143,0.34382,-188.0,0.0,-0.0561,-0.05709,-0.05709,-0.05709,-0.05709,-0.0561,-0.0561,-0.05709,-0.05709,-0.05709
2023-05-23 11:40:55,-0.05709,0.52146,0.34382,0.0,-2.0,-0.05709,-0.05709,-0.05709,-0.05709,-0.05709,-0.0561,-0.0561,-0.05709,-0.05709,-0.05709
2023-05-23 11:40:57,-0.05709,0.52245,0.34382,0.0,0.0,-0.05709,-0.05709,-0.05709,-0.05709,-0.05709,-0.0561,-0.0561,-0.05709,-0.05709,-0.05709
2023-05-23 11:40:59,-0.05709,0.52245,0.34382,0.0,0.0,-0.05709,-0.05709,-0.05709,-0.05709,-0.05709,-0.0561,-0.0561,-0.05709,-0.05709,-0.05709
2023-05-23 11:41:01,-0.05709,0.20627,0.29536,0.0,0.0,-0.05709,-0.05709,-0.05709,-0.05709,-0.05709,-0.05709,-0.05709,-0.0561,-0.0561,-0.05709
2023-05-23 11:41:02,-0.05709,0.52161,0.34368,0.0,0.0,-0.05709,-0.05709,-0.05709,-0.05709,-0.05709,-0.05709,-0.05709,-0.0561,-0.0561,-0.05709
2023-05-23 11:41:04,-0.05709,0.52155,0.34367,0.0,5.0,-0.05709,-0.05709,-0.05709,-0.05709,-0.05709,-0.05709,-0.05709,-0.0561,-0.0561,-0.05709
2023-05-23 11:41:06,-0.05709,0.52151,0.34366,0.0,2.0,-0.05709,-0.05709,-0.05709,-0.05709,-0.05709,-0.05709,-0.05709,-0.0561,-0.0561,-0.05709
2023-05-23 11:41:08,-0.05709,0.52143,0.34365,0.0,5.0,-0.05709,-0.05709,-0.05709,-0.05709,-0.05709,-0.05709,-0.05709,-0.0561,-0.0561,-0.05709
2023-05-23 11:41:10,-0.0561,0.52141,0.34364,-1.0,0.0,-0.0561,-0.05709,-0.05709,-0.05709,-0.05709,-0.05709,-0.05709,-0.0561,-0.0561,-0.05709
2023-05-23 11:41:12,-0.0561,0.52178,0.34376,0.0,10.0,-0.0561,-0.05709,-0.05709,-0.05709,-0.05709,-0.05709,-0.05709,-0.0561,-0.0561,-0.05709
2023-05-23 11:41:14,-0.05709,0.18953,0.28871,-1537.0,17539.0,-0.05709,-0.05709,-0.05709,-0.05709,-0.05709,-0.05709,-0.05709,-0.0561,-0.0561,-0.05709
2023-05-23 11:41:15,-0.0561,0.46859,0.33042,0.0,1500.0,-0.0561,-0.05709,-0.05709,-0.05709,-0.05709,-0.05709,-0.05709,-0.0561,-0.0561,-0.05709
2023-05-23 11:41:17,-0.0561,0.46636,0.32997,0.0,200.0,-0.0561,-0.05709,-0.05709,-0.05709,-0.05709,-0.05709,-0.05709,-0.0561,-0.0561,-0.05709
2023-05-23 11:41:19,-0.05709,0.46101,0.32884,0.0,500.0,-0.05709,-0.05709,-0.05709,-0.05709,-0.05709,-0.05709,-0.05709,-0.0561,-0.0561,-0.05709
2023-05-23 11:41:21,-0.05709,0.45631,0.32787,0.0,0.0,-0.05709,-0.05709,-0.05709,-0.05709,-0.05709,-0.05709,-0.05709,-0.0561,-0.0561,-0.05709
2023-05-23 11:41:23,-0.0561,0.45337,0.32725,0.0,-20.0,-0.0561,-0.05709,-0.05709,-0.05709,-0.05709,-0.05709,-0.05709,-0.0561,-0.0561,-0.05709
2023-05-23 11:41:25,-0.0561,0.45547,0.3277,-8.0,0.0,-0.0561,-0.05709,-0.05709,-0.05709,-0.05709,-0.05709,-0.05709,-0.0561,-0.0561,-0.05709
2023-05-23 11:41:27,-0.05709,0.4734,0.33149,0.0,83.0,-0.05709,-0.05709,-0.05709,-0.05709,-0.05709,-0.05709,-0.05709,-0.0561,-0.0561,-0.05709
2023-05-23 11:41:28,-0.05709,0.47761,0.33235,0.0,10.0,-0.05709,-0.05709,-0.05709,-0.05709,-0.05709,-0.05709,-0.05709,-0.0561,-0.0561,-0.05709
2023-05-23 11:41:30,-0.05709,0.47761,0.33235,0.0,0.0,-0.05709,-0.05709,-0.05709,-0.05709,-0.05709,-0.05709,-0.05709,-0.0561,-0.0561,-0.05709
2023-05-23 11:41:32,-0.05709,0.47819,0.33247,0.0,0.0,-0.05709,-0.05709,-0.05709,-0.05709,-0.05709,-0.05709,-0.05709,-0.0561,-0.0561,-0.05709
2023-05-23 11:41:34,-0.05709,0.47808,0.33245,0.0,10.0,-0.05709,-0.05709,-0.05709,-0.05709,-0.05709,-0.05709,-0.05709,-0.0561,-0.0561,-0.05709
2023-05-23 11:41:36,-0.05709,0.1907,0.28947,0.0,-10.0,-0.05709,-0.05709,-0.05709,-0.05709,-0.05709,-0.05709,-0.05709,-0.0561,-0.0561,-0.05709
2023-05-23 11:41:38,-0.05709,0.19105,0.28975,0.0,3.0,-0.05709,-0.05709,-0.05709,-0.05709,-0.05709,-0.05709,-0.05709,-0.0561,-0.0561,-0.05709
2023-05-23 11:41:40,-0.05709,0.18975,0.28981,-50.0,0.0,-0.05709,-0.05709,-0.05709,-0.05709,-0.05709,-0.05709,-0.05709,-0.0561,-0.0561,-0.05709
2023-05-23 11:41:41,-0.05709,0.18966,0.2901,0.0,0.0,-0.05709,-0.05709,-0.05709,-0.05709,-0.05709,-0.05709,-0.05709,-0.0561,-0.0561,-0.05709
2023-05-23 11:41:43,-0.05709,0.19047,0.29041,52.0,0.0,-0.05709,-0.05709,-0.05709,-0.05709,-0.05709,-0.05709,-0.05709,-0.0561,-0.0561,-0.05709
2023-05-23 11:41:45,-0.05512,0.31278,0.46229,0.0,300.0,-0.05512,-0.05709,-0.05709,-0.05709,-0.05709,-0.05709,-0.05709,-0.0561,-0.0561,-0.05709
2023-05-23 11:41:47,-0.05512,0.31278,0.46226,0.0,0.0,-0.05512,-0.05709,-0.05709,-0.05709,-0.05709,-0.05709,-0.05709,-0.0561,-0.0561,-0.05709
2023-05-23 11:41:49,-0.05512,0.52188,0.49058,0.0,100.0,-0.05512,-0.05709,-0.05709,-0.05709,-0.05709,-0.05709,-0.05709,-0.0561,-0.0561,-0.05709
2023-05-23 11:41:51,-0.05413,0.52089,0.49037,-20.0,0.0,-0.05413,-0.05709,-0.05709,-0.05709,-0.05709,-0.05709,-0.05709,-0.0561,-0.0561,-0.05709
2023-05-23 11:41:53,-0.05413,0.86254,0.61633,0.0,3.0,-0.05413,-0.05709,-0.05709,-0.05709,-0.05709,-0.05709,-0.05709,-0.0561,-0.0561,-0.05709
2023-05-23 11:41:55,-0.05413,0.86097,0.61611,5.0,0.0,-0.05413,-0.05709,-0.05709,-0.05709,-0.05709,-0.05709,-0.05709,-0.0561,-0.0561,-0.05709
2023-05-23 11:41:56,-0.05413,0.86368,0.61891,0.0,0.0,-0.05413,-0.05709,-0.05709,-0.05709,-0.05709,-0.05709,-0.05709,-0.0561,-0.0561,-0.05709
2023-05-23 11:41:58,-0.05413,0.87061,0.61995,100.0,-35.0,-0.05413,-0.05709,-0.05709,-0.05709,-0.05709,-0.05709,-0.05709,-0.0561,-0.0561,-0.05709
2023-05-23 11:42:00,-0.05512,0.85007,0.6445,0.0,6.0,-0.05512,-0.05512,-0.05413,-0.05709,-0.05709,-0.05709,-0.05709,-0.05709,-0.05709,-0.0561
2023-05-23 11:42:02,-0.05413,0.84727,0.64404,0.0,1.0,-0.05413,-0.05512,-0.05413,-0.05709,-0.05709,-0.05709,-0.05709,-0.05709,-0.05709,-0.0561
2023-05-23 11:42:04,-0.05413,0.88786,0.6326,839.0,0.0,-0.05413,-0.05512,-0.05413,-0.05709,-0.05709,-0.05709,-0.05709,-0.05709,-0.05709,-0.0561
2023-05-23 11:42:06,-0.05413,0.89281,0.63343,100.0,0.0,-0.05413,-0.05512,-0.05413,-0.05709,-0.05709,-0.05709,-0.05709,-0.05709,-0.05709,-0.0561
2023-05-23 11:42:08,-0.05413,0.87598,0.63294,0.0,624.0,-0.05413,-0.05512,-0.05413,-0.05709,-0.05709,-0.05709,-0.05709,-0.05709,-0.05709,-0.0561
2023-05-23 11:42:10,-0.05413,0.85894,0.63339,-100.0,0.0,-0.05413,-0.05512,-0.05413,-0.05709,-0.05709,-0.05709,-0.05709,-0.05709,-0.05709,-0.0561
2023-05-23 11:42:11,-0.05413,0.85181,0.63244,0.0,0.0,-0.05413,-0.05512,-0.05413,-0.05709,-0.05709,-0.05709,-0.05709,-0.05709,-0.05709,-0.0561
2023-05-23 11:42:13,-0.05512,0.85452,0.63284,0.0,-50.0,-0.05512,-0.05512,-0.05413,-0.05709,-0.05709,-0.05709,-0.05709,-0.05709,-0.05709,-0.0561
2023-05-23 11:42:15,-0.05512,0.84617,0.63267,100.0,0.0,-0.05512,-0.05512,-0.05413,-0.05709,-0.05709,-0.05709,-0.05709,-0.05709,-0.05709,-0.0561
2023-05-23 11:42:17,-0.05512,0.88699,0.63848,0.0,-835.0,-0.05512,-0.05512,-0.05413,-0.05709,-0.05709,-0.05709,-0.05709,-0.05709,-0.05709,-0.0561
2023-05-23 11:42:19,-0.05512,0.69686,0.58873,0.0,5000.0,-0.05512,-0.05512,-0.05413,-0.05709,-0.05709,-0.05709,-0.05709,-0.05709,-0.05709,-0.0561
2023-05-23 11:42:21,-0.05512,0.69153,0.58783,0.0,200.0,-0.05512,-0.05512,-0.05413,-0.05709,-0.05709,-0.05709,-0.05709,-0.05709,-0.05709,-0.0561
2023-05-23 11:42:23,-0.05413,0.69941,0.60216,0.0,0.0,-0.05413,-0.05512,-0.05413,-0.05709,-0.05709,-0.05709,-0.05709,-0.05709,-0.05709,-0.0561
2023-05-23 11:42:24,-0.05413,0.70034,0.60235,0.0,-1.0,-0.05413,-0.05512,-0.05413,-0.05709,-0.05709,-0.05709,-0.05709,-0.05709,-0.05709,-0.0561
2023-05-23 11:42:26,-0.05413,0.70031,0.60234,0.0,0.0,-0.05413,-0.05512,-0.05413,-0.05709,-0.05709,-0.05709,-0.05709,-0.05709,-0.05709,-0.0561
2023-05-23 11:42:28,-0.05413,0.6827,0.61279,1500.0,0.0,-0.05413,-0.05512,-0.05413,-0.05709,-0.05709,-0.05709,-0.05709,-0.05709,-0.05709,-0.0561
2023-05-23 11:42:30,-0.05413,0.68765,0.61277,0.0,0.0,-0.05413,-0.05512,-0.05413,-0.05709,-0.05709,-0.05709,-0.05709,-0.05709,-0.05709,-0.0561
2023-05-23 11:42:32,-0.05413,0.68457,0.61228,83.0,0.0,-0.05413,-0.05512,-0.05413,-0.05709,-0.05709,-0.05709,-0.05709,-0.05709,-0.05709,-0.0561
2023-05-23 11:42:34,-0.05413,0.68457,0.61228,0.0,0.0,-0.05413,-0.05512,-0.05413,-0.05709,-0.05709,-0.05709,-0.05709,-0.05709,-0.05709,-0.0561
2023-05-23 11:42:36,-0.05413,0.68562,0.65254,0.0,-4964.0,-0.05413,-0.05512,-0.05413,-0.05709,-0.05709,-0.05709,-0.05709,-0.05709,-0.05709,-0.0561
2023-05-23 11:42:37,-0.05512,0.68368,0.65256,-83.0,-83.0,-0.05512,-0.05512,-0.05413,-0.05709,-0.05709,-0.05709,-0.05709,-0.05709,-0.05709,-0.0561
2023-05-23 11:42:39,-0.05512,0.68368,0.65256,-83.0,-83.0,-0.05512,-0.05512,-0.05413,-0.05709,-0.05709,-0.05709,-0.05709,-0.05709,-0.05709,-0.0561
2023-05-23 11:42:41,-0.05512,0.68383,0.65259,0.0,-5.0,-0.05512,-0.05512,-0.05413,-0.05709,-0.05709,-0.05709,-0.05709,-0.05709,-0.05709,-0.0561
2023-05-23 11:42:43,-0.05512,0.68671,0.65317,0.0,0.0,-0.05512,-0.05512,-0.05413,-0.05709,-0.05709,-0.05709,-0.05709,-0.05709,-0.05709,-0.0561
2023-05-23 11:42:45,-0.05512,0.68677,0.65318,0.0,0.0,-0.05512,-0.05512,-0.05413,-0.05709,-0.05709,-0.05709,-0.05709,-0.05709,-0.05709,-0.0561
2023-05-23 11:42:47,-0.05413,0.64359,0.64411,0.0,0.0,-0.05413,-0.05512,-0.05413,-0.05709,-0.05709,-0.05709,-0.05709,-0.05709,-0.05709,-0.0561
2023-05-23 11:42:49,-0.05413,0.64359,0.64383,0.0,49.0,-0.05413,-0.05512,-0.05413,-0.05709,-0.05709,-0.05709,-0.05709,-0.05709,-0.05709,-0.0561
2023-05-23 11:42:50,-0.05413,0.63618,0.64346,0.0,9.0,-0.05413,-0.05512,-0.05413,-0.05709,-0.05709,-0.05709,-0.05709,-0.05709,-0.05709,-0.0561
2023-05-23 11:42:52,-0.05413,0.63576,0.64423,-10.0,0.0,-0.05413,-0.05512,-0.05413,-0.05709,-0.05709,-0.05709,-0.05709,-0.05709,-0.05709,-0.0561
2023-05-23 11:42:55,-0.05315,1.19051,0.73068,-334.0,0.0,-0.05315,-0.05512,-0.05413,-0.05709,-0.05709,-0.05709,-0.05709,-0.05709,-0.05709,-0.0561
2023-05-23 11:42:58,-0.05512,0.66724,0.65075,0.0,-30.0,-0.05512,-0.05512,-0.05413,-0.05709,-0.05709,-0.05709,-0.05709,-0.05709,-0.05709,-0.0561
2023-05-23 11:43:00,-0.05413,0.64911,0.64688,0.0,0.0,-0.05413,-0.05413,-0.05413,-0.05709,-0.05709,-0.05709,-0.05709,-0.05709,-0.05709,-0.0561
2023-05-23 11:43:01,-0.05512,0.63111,0.6426,0.0,334.0,-0.05512,-0.05512,-0.05413,-0.05413,-0.05413,-0.05709,-0.05709,-0.05709,-0.05709,-0.05709
2023-05-23 11:43:03,-0.05413,0.58282,0.63223,0.0,20.0,-0.05413,-0.05413,-0.05512,-0.05512,-0.05413,-0.05709,-0.05709,-0.05709,-0.05709,-0.05709
2023-05-23 11:43:05,-0.05413,0.5829,0.63224,-2117.0,11722.0,-0.05413,-0.05413,-0.05512,-0.05512,-0.05413,-0.05709,-0.05709,-0.05709,-0.05709,-0.05709
2023-05-23 11:43:07,-0.05315,0.69296,0.64746,-377.0,0.0,-0.05315,-0.05413,-0.05512,-0.05512,-0.05413,-0.05709,-0.05709,-0.05709,-0.05709,-0.05709
2023-05-23 11:43:09,-0.05315,0.69096,0.64731,-50.0,-50.0,-0.05315,-0.05413,-0.05512,-0.05512,-0.05413,-0.05709,-0.05709,-0.05709,-0.05709,-0.05709
2023-05-23 11:43:11,-0.05315,0.691,0.64727,0.0,0.0,-0.05315,-0.05413,-0.05512,-0.05512,-0.05413,-0.05709,-0.05709,-0.05709,-0.05709,-0.05709
2023-05-23 11:43:13,-0.05512,0.70226,0.64973,0.0,-589.0,-0.05512,-0.05413,-0.05512,-0.05512,-0.05413,-0.05709,-0.05709,-0.05709,-0.05709,-0.05709
2023-05-23 11:43:14,-0.05512,1.08157,0.71563,0.0,100.0,-0.05512,-0.05413,-0.05512,-0.05512,-0.05413,-0.05709,-0.05709,-0.05709,-0.05709,-0.05709
2023-05-23 11:43:16,-0.05315,1.04916,0.77187,3.0,0.0,-0.05315,-0.05413,-0.05512,-0.05512,-0.05413,-0.05709,-0.05709,-0.05709,-0.05709,-0.05709
2023-05-23 11:43:18,-0.05315,1.05974,0.77372,0.0,6.0,-0.05315,-0.05413,-0.05512,-0.05512,-0.05413,-0.05709,-0.05709,-0.05709,-0.05709,-0.05709
2023-05-23 11:43:20,-0.05315,0.98784,0.76568,0.0,1000.0,-0.05315,-0.05413,-0.05512,-0.05512,-0.05413,-0.05709,-0.05709,-0.05709,-0.05709,-0.05709
2023-05-23 11:43:22,-0.05413,1.08993,0.76017,0.0,315.0,-0.05413,-0.05413,-0.05512,-0.05512,-0.05413,-0.05709,-0.05709,-0.05709,-0.05709,-0.05709
2023-05-23 11:43:24,-0.05315,1.09013,0.76403,0.0,-2266.0,-0.05315,-0.05413,-0.05512,-0.05512,-0.05413,-0.05709,-0.05709,-0.05709,-0.05709,-0.05709
2023-05-23 11:43:26,-0.05315,0.72196,0.68237,0.0,0.0,-0.05315,-0.05413,-0.05512,-0.05512,-0.05413,-0.05709,-0.05709,-0.05709,-0.05709,-0.05709
2023-05-23 11:43:27,-0.05315,0.72165,0.68224,0.0,0.0,-0.05315,-0.05413,-0.05512,-0.05512,-0.05413,-0.05709,-0.05709,-0.05709,-0.05709,-0.05709
2023-05-23 11:43:29,-0.05315,0.72167,0.68224,2.0,0.0,-0.05315,-0.05413,-0.05512,-0.05512,-0.05413,-0.05709,-0.05709,-0.05709,-0.05709,-0.05709
2023-05-23 11:43:31,-0.05315,1.02091,0.75475,0.0,1039.0,-0.05315,-0.05413,-0.05512,-0.05512,-0.05413,-0.05709,-0.05709,-0.05709,-0.05709,-0.05709
2023-05-23 11:43:33,-0.05315,0.80736,0.72054,0.0,5000.0,-0.05315,-0.05413,-0.05512,-0.05512,-0.05413,-0.05709,-0.05709,-0.05709,-0.05709,-0.05709
2023-05-23 11:43:35,-0.05315,0.77508,0.7158,-501.0,0.0,-0.05315,-0.05413,-0.05512,-0.05512,-0.05413,-0.05709,-0.05709,-0.05709,-0.05709,-0.05709
2023-05-23 11:43:37,-0.05315,0.70859,0.70132,0.0,792.0,-0.05315,-0.05413,-0.05512,-0.05512,-0.05413,-0.05709,-0.05709,-0.05709,-0.05709,-0.05709
2023-05-23 11:43:39,-0.05315,0.70831,0.70551,0.0,0.0,-0.05315,-0.05413,-0.05512,-0.05512,-0.05413,-0.05709,-0.05709,-0.05709,-0.05709,-0.05709
2023-05-23 11:43:40,-0.05315,0.66342,0.69434,112.0,0.0,-0.05315,-0.05413,-0.05512,-0.05512,-0.05413,-0.05709,-0.05709,-0.05709,-0.05709,-0.05709
2023-05-23 11:43:42,-0.05315,0.66102,0.68118,-1400.0,0.0,-0.05315,-0.05413,-0.05512,-0.05512,-0.05413,-0.05709,-0.05709,-0.05709,-0.05709,-0.05709
2023-05-23 11:43:44,-0.05413,0.67535,0.69143,725.0,0.0,-0.05413,-0.05413,-0.05512,-0.05512,-0.05413,-0.05709,-0.05709,-0.05709,-0.05709,-0.05709
2023-05-23 11:43:46,-0.05413,0.67473,0.69126,0.0,5.0,-0.05413,-0.05413,-0.05512,-0.05512,-0.05413,-0.05709,-0.05709,-0.05709,-0.05709,-0.05709
2023-05-23 11:43:48,-0.05413,0.68998,0.69502,214.0,0.0,-0.05413,-0.05413,-0.05512,-0.05512,-0.05413,-0.05709,-0.05709,-0.05709,-0.05709,-0.05709
2023-05-23 11:43:50,-0.05413,0.68866,0.69469,0.0,50.0,-0.05413,-0.05413,-0.05512,-0.05512,-0.05413,-0.05709,-0.05709,-0.05709,-0.05709,-0.05709
2023-05-23 11:43:52,-0.05315,0.6885,0.69465,0.0,0.0,-0.05315,-0.05413,-0.05512,-0.05512,-0.05413,-0.05709,-0.05709,-0.05709,-0.05709,-0.05709
2023-05-23 11:43:53,-0.05315,0.73528,0.71249,725.0,0.0,-0.05315,-0.05413,-0.05512,-0.05512,-0.05413,-0.05709,-0.05709,-0.05709,-0.05709,-0.05709
2023-05-23 11:43:55,-0.05413,0.74215,0.70364,208.0,0.0,-0.05413,-0.05413,-0.05512,-0.05512,-0.05413,-0.05709,-0.05709,-0.05709,-0.05709,-0.05709
2023-05-23 11:43:57,-0.05413,0.74966,0.70552,428.0,0.0,-0.05413,-0.05413,-0.05512,-0.05512,-0.05413,-0.05709,-0.05709,-0.05709,-0.05709,-0.05709
2023-05-23 11:43:59,-0.05413,0.77468,0.71095,0.0,-817.0,-0.05413,-0.05413,-0.05512,-0.05512,-0.05413,-0.05709,-0.05709,-0.05709,-0.05709,-0.05709
2023-05-23 11:44:01,-0.05413,0.77897,0.71274,0.0,0.0,-0.05413,-0.05413,-0.05413,-0.05413,-0.05512,-0.05512,-0.05413,-0.05709,-0.05709,-0.05709
2023-05-23 11:44:03,-0.05315,0.77735,0.70582,0.0,44.0,-0.05315,-0.05413,-0.05413,-0.05413,-0.05512,-0.05512,-0.05413,-0.05709,-0.05709,-0.05709
2023-05-23 11:44:05,-0.05315,0.77719,0.70579,0.0,0.0,-0.05315,-0.05413,-0.05413,-0.05413,-0.05512,-0.05512,-0.05413,-0.05709,-0.05709,-0.05709
2023-05-23 11:44:06,-0.05315,0.77723,0.70579,1.0,0.0,-0.05315,-0.05413,-0.05413,-0.05413,-0.05512,-0.05512,-0.05413,-0.05709,-0.05709,-0.05709
2023-05-23 11:44:08,-0.05315,0.73525,0.69669,0.0,-600.0,-0.05315,-0.05413,-0.05413,-0.05413,-0.05512,-0.05512,-0.05413,-0.05709,-0.05709,-0.05709
2023-05-23 11:44:10,-0.05315,0.57106,0.64047,0.0,0.0,-0.05315,-0.05413,-0.05413,-0.05413,-0.05512,-0.05512,-0.05413,-0.05709,-0.05709,-0.05709
2023-05-23 11:44:12,-0.05315,0.57824,0.64215,0.0,0.0,-0.05315,-0.05413,-0.05413,-0.05413,-0.05512,-0.05512,-0.05413,-0.05709,-0.05709,-0.05709
2023-05-23 11:44:14,-0.05315,0.57824,0.64215,10.0,0.0,-0.05315,-0.05413,-0.05413,-0.05413,-0.05512,-0.05512,-0.05413,-0.05709,-0.05709,-0.05709
2023-05-23 11:44:16,-0.05512,0.5896,0.64568,0.0,-679.0,-0.05512,-0.05413,-0.05413,-0.05413,-0.05512,-0.05512,-0.05413,-0.05709,-0.05709,-0.05709
2023-05-23 11:44:18,-0.05512,0.58942,0.60341,-5000.0,0.0,-0.05512,-0.05413,-0.05413,-0.05413,-0.05512,-0.05512,-0.05413,-0.05709,-0.05709,-0.05709
2023-05-23 11:44:19,-0.05512,0.59038,0.60368,0.0,30.0,-0.05512,-0.05413,-0.05413,-0.05413,-0.05512,-0.05512,-0.05413,-0.05709,-0.05709,-0.05709
2023-05-23 11:44:21,-0.05413,0.81699,0.65984,0.0,1155.0,-0.05413,-0.05413,-0.05413,-0.05413,-0.05512,-0.05512,-0.05413,-0.05709,-0.05709,-0.05709
2023-05-23 11:44:23,-0.05413,0.81773,0.65913,0.0,2.0,-0.05413,-0.05413,-0.05413,-0.05413,-0.05512,-0.05512,-0.05413,-0.05709,-0.05709,-0.05709
2023-05-23 11:44:25,-0.05413,0.81061,0.65797,0.0,282.0,-0.05413,-0.05413,-0.05413,-0.05413,-0.05512,-0.05512,-0.05413,-0.05709,-0.05709,-0.05709
2023-05-23 11:44:27,-0.05413,0.80986,0.65784,0.0,2.0,-0.05413,-0.05413,-0.05413,-0.05413,-0.05512,-0.05512,-0.05413,-0.05709,-0.05709,-0.05709
2023-05-23 11:44:29,-0.05413,0.81675,0.66503,0.0,0.0,-0.05413,-0.05413,-0.05413,-0.05413,-0.05512,-0.05512,-0.05413,-0.05709,-0.05709,-0.05709
2023-05-23 11:44:30,-0.05315,0.81255,0.6641,-100.0,0.0,-0.05315,-0.05413,-0.05413,-0.05413,-0.05512,-0.05512,-0.05413,-0.05709,-0.05709,-0.05709
2023-05-23 11:44:32,-0.05315,0.81248,0.66146,-281.0,0.0,-0.05315,-0.05413,-0.05413,-0.05413,-0.05512,-0.05512,-0.05413,-0.05709,-0.05709,-0.05709
2023-05-23 11:44:34,-0.05315,0.81248,0.66146,0.0,0.0,-0.05315,-0.05413,-0.05413,-0.05413,-0.05512,-0.05512,-0.05413,-0.05709,-0.05709,-0.05709
2023-05-23 11:44:36,-0.05315,0.81244,0.66145,-1.0,0.0,-0.05315,-0.05413,-0.05413,-0.05413,-0.05512,-0.05512,-0.05413,-0.05709,-0.05709,-0.05709
2023-05-23 11:44:38,-0.05315,0.81252,0.66146,0.0,0.0,-0.05315,-0.05413,-0.05413,-0.05413,-0.05512,-0.05512,-0.05413,-0.05709,-0.05709,-0.05709
2023-05-23 11:44:40,-0.05315,0.81252,0.66146,0.0,0.0,-0.05315,-0.05413,-0.05413,-0.05413,-0.05512,-0.05512,-0.05413,-0.05709,-0.05709,-0.05709
2023-05-23 11:44:41,-0.05315,0.74004,0.65009,-1.0,0.0,-0.05315,-0.05413,-0.05413,-0.05413,-0.05512,-0.05512,-0.05413,-0.05709,-0.05709,-0.05709
2023-05-23 11:44:43,-0.05315,0.75877,0.65423,-1.0,0.0,-0.05315,-0.05413,-0.05413,-0.05413,-0.05512,-0.05512,-0.05413,-0.05709,-0.05709,-0.05709
2023-05-23 11:44:45,-0.05315,0.75877,0.65417,0.0,10.0,-0.05315,-0.05413,-0.05413,-0.05413,-0.05512,-0.05512,-0.05413,-0.05709,-0.05709,-0.05709
2023-05-23 11:44:47,-0.05315,0.76184,0.65485,14.0,0.0,-0.05315,-0.05413,-0.05413,-0.05413,-0.05512,-0.05512,-0.05413,-0.05709,-0.05709,-0.05709
2023-05-23 11:44:49,-0.05315,0.77422,0.65759,-1.0,0.0,-0.05315,-0.05413,-0.05413,-0.05413,-0.05512,-0.05512,-0.05413,-0.05709,-0.05709,-0.05709
2023-05-23 11:44:51,-0.05315,0.72013,0.64665,0.0,500.0,-0.05315,-0.05413,-0.05413,-0.05413,-0.05512,-0.05512,-0.05413,-0.05709,-0.05709,-0.05709
2023-05-23 11:44:53,-0.05315,0.73017,0.64899,250.0,0.0,-0.05315,-0.05413,-0.05413,-0.05413,-0.05512,-0.05512,-0.05413,-0.05709,-0.05709,-0.05709
2023-05-23 11:44:54,-0.05315,0.64436,0.62949,2.0,0.0,-0.05315,-0.05413,-0.05413,-0.05413,-0.05512,-0.05512,-0.05413,-0.05709,-0.05709,-0.05709
2023-05-23 11:44:56,-0.05315,0.64436,0.62948,0.0,1.0,-0.05315,-0.05413,-0.05413,-0.05413,-0.05512,-0.05512,-0.05413,-0.05709,-0.05709,-0.05709
2023-05-23 11:44:58,-0.05315,0.6448,0.62947,0.0,0.0,-0.05315,-0.05413,-0.05413,-0.05413,-0.05512,-0.05512,-0.05413,-0.05709,-0.05709,-0.05709
2023-05-23 11:45:00,-0.05413,0.64548,0.62963,0.0,1.0,-0.05413,-0.05413,-0.05413,-0.05413,-0.05413,-0.05413,-0.05512,-0.05512,-0.05413,-0.05709
2023-05-23 11:45:02,-0.05315,0.63901,0.62798,0.0,20.0,-0.05315,-0.05315,-0.05413,-0.05413,-0.05413,-0.05413,-0.05512,-0.05512,-0.05413,-0.05709
2023-05-23 11:45:21,-0.05413,0.54041,0.60124,0.0,2.0,-0.05413,-0.05315,-0.05413,-0.05413,-0.05413,-0.05413,-0.05512,-0.05512,-0.05413,-0.05709
2023-05-23 11:45:23,-0.05413,0.54352,0.60212,0.0,-167.0,-0.05413,-0.05315,-0.05413,-0.05413,-0.05413,-0.05413,-0.05512,-0.05512,-0.05413,-0.05709
2023-05-23 11:45:25,-0.05413,0.54543,0.60265,0.0,-100.0,-0.05413,-0.05315,-0.05413,-0.05413,-0.05413,-0.05413,-0.05512,-0.05512,-0.05413,-0.05709
2023-05-23 11:45:27,-0.05413,0.51629,0.59745,0.0,612.0,-0.05413,-0.05315,-0.05413,-0.05413,-0.05413,-0.05413,-0.05512,-0.05512,-0.05413,-0.05709
2023-05-23 11:45:29,-0.05413,0.51686,0.59895,151.0,0.0,-0.05413,-0.05315,-0.05413,-0.05413,-0.05413,-0.05413,-0.05512,-0.05512,-0.05413,-0.05709
2023-05-23 11:45:30,-0.05413,0.55008,0.60874,-70.0,-70.0,-0.05413,-0.05315,-0.05413,-0.05413,-0.05413,-0.05413,-0.05512,-0.05512,-0.05413,-0.05709
2023-05-23 11:45:32,-0.05413,0.55008,0.60873,0.0,0.0,-0.05413,-0.05315,-0.05413,-0.05413,-0.05413,-0.05413,-0.05512,-0.05512,-0.05413,-0.05709
2023-05-23 11:45:34,-0.05413,0.55008,0.60882,10.0,0.0,-0.05413,-0.05315,-0.05413,-0.05413,-0.05413,-0.05413,-0.05512,-0.05512,-0.05413,-0.05709
2023-05-23 11:45:36,-0.05413,0.55008,0.60882,0.0,0.0,-0.05413,-0.05315,-0.05413,-0.05413,-0.05413,-0.05413,-0.05512,-0.05512,-0.05413,-0.05709
2023-05-23 11:45:38,-0.05413,0.55361,0.61034,0.0,0.0,-0.05413,-0.05315,-0.05413,-0.05413,-0.05413,-0.05413,-0.05512,-0.05512,-0.05413,-0.05709
2023-05-23 11:45:40,-0.05413,0.55261,0.61006,0.0,0.0,-0.05413,-0.05315,-0.05413,-0.05413,-0.05413,-0.05413,-0.05512,-0.05512,-0.05413,-0.05709
2023-05-23 11:45:42,-0.05413,0.55261,0.61006,0.0,0.0,-0.05413,-0.05315,-0.05413,-0.05413,-0.05413,-0.05413,-0.05512,-0.05512,-0.05413,-0.05709
2023-05-23 11:45:43,-0.05413,0.55596,0.61096,0.0,5.0,-0.05413,-0.05315,-0.05413,-0.05413,-0.05413,-0.05413,-0.05512,-0.05512,-0.05413,-0.05709
2023-05-23 11:45:45,-0.05413,0.57892,0.61258,0.0,3.0,-0.05413,-0.05315,-0.05413,-0.05413,-0.05413,-0.05413,-0.05512,-0.05512,-0.05413,-0.05709
2023-05-23 11:45:47,-0.05413,0.57892,0.61258,0.0,0.0,-0.05413,-0.05315,-0.05413,-0.05413,-0.05413,-0.05413,-0.05512,-0.05512,-0.05413,-0.05709
2023-05-23 11:45:49,-0.05413,0.58172,0.6133,0.0,-30.0,-0.05413,-0.05315,-0.05413,-0.05413,-0.05413,-0.05413,-0.05512,-0.05512,-0.05413,-0.05709
2023-05-23 11:45:51,-0.05413,0.58238,0.61347,0.0,-30.0,-0.05413,-0.05315,-0.05413,-0.05413,-0.05413,-0.05413,-0.05512,-0.05512,-0.05413,-0.05709
2023-05-23 11:45:53,-0.05413,0.58238,0.61347,0.0,0.0,-0.05413,-0.05315,-0.05413,-0.05413,-0.05413,-0.05413,-0.05512,-0.05512,-0.05413,-0.05709
2023-05-23 11:45:55,-0.05413,0.58238,0.60931,-460.0,0.0,-0.05413,-0.05315,-0.05413,-0.05413,-0.05413,-0.05413,-0.05512,-0.05512,-0.05413,-0.05709
2023-05-23 11:45:56,-0.05413,0.58984,0.60931,0.0,0.0,-0.05413,-0.05315,-0.05413,-0.05413,-0.05413,-0.05413,-0.05512,-0.05512,-0.05413,-0.05709
2023-05-23 11:45:58,-0.05413,0.59504,0.6106,0.0,-207.0,-0.05413,-0.05315,-0.05413,-0.05413,-0.05413,-0.05413,-0.05512,-0.05512,-0.05413,-0.05709
2023-05-23 11:46:00,-0.05413,0.59928,0.6122,0.0,-100.0,-0.05413,-0.05315,-0.05413,-0.05413,-0.05413,-0.05413,-0.05413,-0.05413,-0.05512,-0.05512
2023-05-23 11:46:02,-0.05413,0.59928,0.6122,0.0,0.0,-0.05413,-0.05315,-0.05413,-0.05413,-0.05413,-0.05413,-0.05413,-0.05413,-0.05512,-0.05512
2023-05-23 11:46:04,-0.05413,0.60578,0.61405,0.0,-115.0,-0.05413,-0.05413,-0.05413,-0.05315,-0.05413,-0.05413,-0.05413,-0.05413,-0.05512,-0.05512
2023-05-23 11:46:06,-0.05413,0.60655,0.61423,10.0,0.0,-0.05413,-0.05413,-0.05413,-0.05315,-0.05413,-0.05413,-0.05413,-0.05413,-0.05512,-0.05512
2023-05-23 11:46:07,-0.05413,0.60665,0.61426,1.0,0.0,-0.05413,-0.05413,-0.05413,-0.05315,-0.05413,-0.05413,-0.05413,-0.05413,-0.05512,-0.05512
2023-05-23 11:46:09,-0.05413,0.60679,0.61429,0.0,-1.0,-0.05413,-0.05413,-0.05413,-0.05315,-0.05413,-0.05413,-0.05413,-0.05413,-0.05512,-0.05512
2023-05-23 11:46:11,-0.05413,0.6069,0.61432,1.0,0.0,-0.05413,-0.05413,-0.05413,-0.05315,-0.05413,-0.05413,-0.05413,-0.05413,-0.05512,-0.05512
2023-05-23 11:46:13,-0.05413,0.6091,0.61484,0.0,3.0,-0.05413,-0.05413,-0.05413,-0.05315,-0.05413,-0.05413,-0.05413,-0.05413,-0.05512,-0.05512
2023-05-23 11:46:15,-0.05413,0.65009,0.62494,0.0,-1.0,-0.05413,-0.05413,-0.05413,-0.05315,-0.05413,-0.05413,-0.05413,-0.05413,-0.05512,-0.05512
2023-05-23 11:46:17,-0.05413,0.65787,0.62679,0.0,-1.0,-0.05413,-0.05413,-0.05413,-0.05315,-0.05413,-0.05413,-0.05413,-0.05413,-0.05512,-0.05512
2023-05-23 11:46:18,-0.05413,0.70184,0.63627,-10.0,-1.0,-0.05413,-0.05413,-0.05413,-0.05315,-0.05413,-0.05413,-0.05413,-0.05413,-0.05512,-0.05512
2023-05-23 11:46:20,-0.05413,0.52916,0.57737,0.0,11536.0,-0.05413,-0.05413,-0.05413,-0.05315,-0.05413,-0.05413,-0.05413,-0.05413,-0.05512,-0.05512
2023-05-23 11:46:22,-0.05512,0.5292,0.57738,0.0,-1.0,-0.05512,-0.05413,-0.05413,-0.05315,-0.05413,-0.05413,-0.05413,-0.05413,-0.05512,-0.05512
2023-05-23 11:46:24,-0.05413,0.71948,0.64011,0.0,-1.0,-0.05413,-0.05413,-0.05413,-0.05315,-0.05413,-0.05413,-0.05413,-0.05413,-0.05512,-0.05512
2023-05-23 11:46:26,-0.05413,0.71957,0.64013,0.0,-1.0,-0.05413,-0.05413,-0.05413,-0.05315,-0.05413,-0.05413,-0.05413,-0.05413,-0.05512,-0.05512
2023-05-23 11:46:28,-0.05413,0.73178,0.63267,0.0,10.0,-0.05413,-0.05413,-0.05413,-0.05315,-0.05413,-0.05413,-0.05413,-0.05413,-0.05512,-0.05512
2023-05-23 11:46:30,-0.05413,0.73392,0.63778,50.0,0.0,-0.05413,-0.05413,-0.05413,-0.05315,-0.05413,-0.05413,-0.05413,-0.05413,-0.05512,-0.05512
2023-05-23 11:46:31,-0.05413,0.73386,0.63777,0.0,2.0,-0.05413,-0.05413,-0.05413,-0.05315,-0.05413,-0.05413,-0.05413,-0.05413,-0.05512,-0.05512
2023-05-23 11:46:33,-0.05413,0.74484,0.6403,0.0,12.0,-0.05413,-0.05413,-0.05413,-0.05315,-0.05413,-0.05413,-0.05413,-0.05413,-0.05512,-0.05512
2023-05-23 11:46:35,-0.05413,0.74496,0.64032,0.0,-1.0,-0.05413,-0.05413,-0.05413,-0.05315,-0.05413,-0.05413,-0.05413,-0.05413,-0.05512,-0.05512
2023-05-23 11:46:37,-0.05413,0.40864,0.55045,1.0,0.0,-0.05413,-0.05413,-0.05413,-0.05315,-0.05413,-0.05413,-0.05413,-0.05413,-0.05512,-0.05512
2023-05-23 11:46:39,-0.05413,0.40869,0.55047,0.0,-4.0,-0.05413,-0.05413,-0.05413,-0.05315,-0.05413,-0.05413,-0.05413,-0.05413,-0.05512,-0.05512
2023-05-23 11:46:41,-0.05512,0.40871,0.55048,0.0,-1.0,-0.05512,-0.05413,-0.05413,-0.05315,-0.05413,-0.05413,-0.05413,-0.05413,-0.05512,-0.05512
2023-05-23 11:46:42,-0.05512,0.40871,0.55048,0.0,0.0,-0.05512,-0.05413,-0.05413,-0.05315,-0.05413,-0.05413,-0.05413,-0.05413,-0.05512,-0.05512
2023-05-23 11:46:44,-0.05512,0.40871,0.55025,0.0,50.0,-0.05512,-0.05413,-0.05413,-0.05315,-0.05413,-0.05413,-0.05413,-0.05413,-0.05512,-0.05512
2023-05-23 11:46:46,-0.05413,0.67092,0.62456,0.0,-200.0,-0.05413,-0.05413,-0.05413,-0.05315,-0.05413,-0.05413,-0.05413,-0.05413,-0.05512,-0.05512
2023-05-23 11:46:48,-0.05413,0.67069,0.62444,0.0,11.0,-0.05413,-0.05413,-0.05413,-0.05315,-0.05413,-0.05413,-0.05413,-0.05413,-0.05512,-0.05512
2023-05-23 11:46:50,-0.05413,0.67064,0.62443,0.0,2.0,-0.05413,-0.05413,-0.05413,-0.05315,-0.05413,-0.05413,-0.05413,-0.05413,-0.05512,-0.05512
2023-05-23 11:46:52,-0.05413,0.67012,0.62431,0.0,1.0,-0.05413,-0.05413,-0.05413,-0.05315,-0.05413,-0.05413,-0.05413,-0.05413,-0.05512,-0.05512
2023-05-23 11:46:54,-0.05413,0.67007,0.6243,0.0,-2.0,-0.05413,-0.05413,-0.05413,-0.05315,-0.05413,-0.05413,-0.05413,-0.05413,-0.05512,-0.05512
2023-05-23 11:46:55,-0.05413,0.6701,0.62429,0.0,-1.0,-0.05413,-0.05413,-0.05413,-0.05315,-0.05413,-0.05413,-0.05413,-0.05413,-0.05512,-0.05512
2023-05-23 11:46:57,-0.05413,0.67394,0.6251,0.0,-200.0,-0.05413,-0.05413,-0.05413,-0.05315,-0.05413,-0.05413,-0.05413,-0.05413,-0.05512,-0.05512
2023-05-23 11:46:59,-0.05413,0.6745,0.62522,0.0,0.0,-0.05413,-0.05413,-0.05413,-0.05315,-0.05413,-0.05413,-0.05413,-0.05413,-0.05512,-0.05512
2023-05-23 11:47:01,-0.05413,0.69743,0.63062,0.0,-6.0,-0.05413,-0.05413,-0.05413,-0.05413,-0.05413,-0.05315,-0.05413,-0.05413,-0.05413,-0.05413
2023-05-23 11:47:03,-0.05413,0.67218,0.625,0.0,0.0,-0.05413,-0.05413,-0.05413,-0.05413,-0.05413,-0.05315,-0.05413,-0.05413,-0.05413,-0.05413
2023-05-23 11:47:05,-0.05315,0.68987,0.62936,-1.0,0.0,-0.05315,-0.05413,-0.05413,-0.05413,-0.05413,-0.05315,-0.05413,-0.05413,-0.05413,-0.05413
2023-05-23 11:47:07,-0.05315,0.68987,0.62936,0.0,0.0,-0.05315,-0.05413,-0.05413,-0.05413,-0.05413,-0.05315,-0.05413,-0.05413,-0.05413,-0.05413
2023-05-23 11:47:08,-0.05315,0.66627,0.62395,0.0,0.0,-0.05315,-0.05413,-0.05413,-0.05413,-0.05413,-0.05315,-0.05413,-0.05413,-0.05413,-0.05413
2023-05-23 11:47:10,-0.05315,0.66856,0.62454,0.0,0.0,-0.05315,-0.05413,-0.05413,-0.05413,-0.05413,-0.05315,-0.05413,-0.05413,-0.05413,-0.05413
2023-05-23 11:47:12,-0.05413,0.68063,0.62736,0.0,0.0,-0.05413,-0.05413,-0.05413,-0.05413,-0.05413,-0.05315,-0.05413,-0.05413,-0.05413,-0.05413
2023-05-23 11:47:14,-0.05413,0.68243,0.62781,50.0,0.0,-0.05413,-0.05413,-0.05413,-0.05413,-0.05413,-0.05315,-0.05413,-0.05413,-0.05413,-0.05413
2023-05-23 11:47:16,-0.05413,0.68302,0.62794,0.0,-24.0,-0.05413,-0.05413,-0.05413,-0.05413,-0.05413,-0.05315,-0.05413,-0.05413,-0.05413,-0.05413
2023-05-23 11:47:18,-0.05413,0.70282,0.63243,0.0,-790.0,-0.05413,-0.05413,-0.05413,-0.05413,-0.05413,-0.05315,-0.05413,-0.05413,-0.05413,-0.05413
2023-05-23 11:47:19,-0.05413,0.70282,0.63243,0.0,0.0,-0.05413,-0.05413,-0.05413,-0.05413,-0.05413,-0.05315,-0.05413,-0.05413,-0.05413,-0.05413
2023-05-23 11:47:21,-0.05413,0.70157,0.63242,0.0,0.0,-0.05413,-0.05413,-0.05413,-0.05413,-0.05413,-0.05315,-0.05413,-0.05413,-0.05413,-0.05413
2023-05-23 11:47:23,-0.05315,0.70153,0.63241,-1.0,0.0,-0.05315,-0.05413,-0.05413,-0.05413,-0.05413,-0.05315,-0.05413,-0.05413,-0.05413,-0.05413
2023-05-23 11:47:25,-0.05413,0.70343,0.63283,0.0,-4.0,-0.05413,-0.05413,-0.05413,-0.05413,-0.05413,-0.05315,-0.05413,-0.05413,-0.05413,-0.05413
2023-05-23 11:47:27,-0.05413,0.70529,0.63328,50.0,0.0,-0.05413,-0.05413,-0.05413,-0.05413,-0.05413,-0.05315,-0.05413,-0.05413,-0.05413,-0.05413
2023-05-23 11:47:29,-0.05413,0.70529,0.63328,0.0,0.0,-0.05413,-0.05413,-0.05413,-0.05413,-0.05413,-0.05315,-0.05413,-0.05413,-0.05413,-0.05413
2023-05-23 11:47:31,-0.05315,0.70151,0.63249,0.0,30.0,-0.05315,-0.05413,-0.05413,-0.05413,-0.05413,-0.05315,-0.05413,-0.05413,-0.05413,-0.05413
2023-05-23 11:47:32,-0.05413,0.70293,0.6328,0.0,-54.0,-0.05413,-0.05413,-0.05413,-0.05413,-0.05413,-0.05315,-0.05413,-0.05413,-0.05413,-0.05413
2023-05-23 11:47:34,-0.05315,0.7042,0.63308,0.0,0.0,-0.05315,-0.05413,-0.05413,-0.05413,-0.05413,-0.05315,-0.05413,-0.05413,-0.05413,-0.05413
2023-05-23 11:47:36,-0.05315,0.7042,0.63579,0.0,0.0,-0.05315,-0.05413,-0.05413,-0.05413,-0.05413,-0.05315,-0.05413,-0.05413,-0.05413,-0.05413
2023-05-23 11:47:38,-0.05315,0.76893,0.65158,2018.0,0.0,-0.05315,-0.05413,-0.05413,-0.05413,-0.05413,-0.05315,-0.05413,-0.05413,-0.05413,-0.05413
2023-05-23 11:47:40,-0.05315,0.76901,0.6516,0.0,0.0,-0.05315,-0.05413,-0.05413,-0.05413,-0.05413,-0.05315,-0.05413,-0.05413,-0.05413,-0.05413
2023-05-23 11:47:42,-0.05315,0.79266,0.6563,0.0,-965.0,-0.05315,-0.05413,-0.05413,-0.05413,-0.05413,-0.05315,-0.05413,-0.05413,-0.05413,-0.05413
2023-05-23 11:47:44,-0.05413,0.76489,0.66076,0.0,-50.0,-0.05413,-0.05413,-0.05413,-0.05413,-0.05413,-0.05315,-0.05413,-0.05413,-0.05413,-0.05413
2023-05-23 11:47:45,-0.05413,0.76474,0.65891,0.0,300.0,-0.05413,-0.05413,-0.05413,-0.05413,-0.05413,-0.05315,-0.05413,-0.05413,-0.05413,-0.05413
2023-05-23 11:47:47,-0.05315,0.76685,0.65942,-8.0,0.0,-0.05315,-0.05413,-0.05413,-0.05413,-0.05413,-0.05315,-0.05413,-0.05413,-0.05413,-0.05413
2023-05-23 11:47:49,-0.05315,0.77068,0.65942,0.0,0.0,-0.05315,-0.05413,-0.05413,-0.05413,-0.05413,-0.05315,-0.05413,-0.05413,-0.05413,-0.05413
2023-05-23 11:47:51,-0.05315,0.77827,0.66123,-2.0,0.0,-0.05315,-0.05413,-0.05413,-0.05413,-0.05413,-0.05315,-0.05413,-0.05413,-0.05413,-0.05413
2023-05-23 11:47:53,-0.05315,0.77827,0.66123,0.0,0.0,-0.05315,-0.05413,-0.05413,-0.05413,-0.05413,-0.05315,-0.05413,-0.05413,-0.05413,-0.05413
2023-05-23 11:47:55,-0.05413,0.77297,0.66318,0.0,-500.0,-0.05413,-0.05413,-0.05413,-0.05413,-0.05413,-0.05315,-0.05413,-0.05413,-0.05413,-0.05413
2023-05-23 11:47:57,-0.05413,0.74342,0.65692,4.0,57.0,-0.05413,-0.05413,-0.05413,-0.05413,-0.05413,-0.05315,-0.05413,-0.05413,-0.05413,-0.05413
2023-05-23 11:47:58,-0.05413,0.72139,0.65522,0.0,134.0,-0.05413,-0.05413,-0.05413,-0.05413,-0.05413,-0.05315,-0.05413,-0.05413,-0.05413,-0.05413
2023-05-23 11:48:00,-0.05413,0.72139,0.65522,0.0,0.0,-0.05413,-0.05413,-0.05413,-0.05413,-0.05413,-0.05413,-0.05413,-0.05315,-0.05413,-0.05413
2023-05-23 11:48:02,-0.05413,0.72146,0.65524,0.0,-1.0,-0.05413,-0.05413,-0.05413,-0.05413,-0.05413,-0.05413,-0.05413,-0.05315,-0.05413,-0.05413
2023-05-23 11:48:04,-0.05413,0.72144,0.65523,0.0,-1.0,-0.05413,-0.05413,-0.05413,-0.05413,-0.05413,-0.05413,-0.05413,-0.05315,-0.05413,-0.05413
2023-05-23 11:48:06,-0.05413,0.72152,0.65525,0.0,-1.0,-0.05413,-0.05413,-0.05413,-0.05413,-0.05413,-0.05413,-0.05413,-0.05315,-0.05413,-0.05413
2023-05-23 11:48:08,-0.05413,0.72143,0.65523,0.0,-1.0,-0.05413,-0.05413,-0.05413,-0.05413,-0.05413,-0.05413,-0.05413,-0.05315,-0.05413,-0.05413
2023-05-23 11:48:10,-0.05413,0.72138,0.65522,0.0,4.0,-0.05413,-0.05413,-0.05413,-0.05413,-0.05413,-0.05413,-0.05413,-0.05315,-0.05413,-0.05413
2023-05-23 11:48:11,-0.05413,0.73896,0.65776,0.0,-1.0,-0.05413,-0.05413,-0.05413,-0.05413,-0.05413,-0.05413,-0.05413,-0.05315,-0.05413,-0.05413
2023-05-23 11:48:13,-0.05413,0.71356,0.6478,0.0,-1.0,-0.05413,-0.05413,-0.05413,-0.05413,-0.05413,-0.05413,-0.05413,-0.05315,-0.05413,-0.05413
2023-05-23 11:48:15,-0.05413,0.71205,0.64732,0.0,-1.0,-0.05413,-0.05413,-0.05413,-0.05413,-0.05413,-0.05413,-0.05413,-0.05315,-0.05413,-0.05413
2023-05-23 11:48:17,-0.05413,0.71212,0.64733,0.0,-1.0,-0.05413,-0.05413,-0.05413,-0.05413,-0.05413,-0.05413,-0.05413,-0.05315,-0.05413,-0.05413
2023-05-23 11:48:19,-0.05413,0.68363,0.64043,0.0,-1.0,-0.05413,-0.05413,-0.05413,-0.05413,-0.05413,-0.05413,-0.05413,-0.05315,-0.05413,-0.05413
2023-05-23 11:48:21,-0.05413,0.61703,0.6227,0.0,-1.0,-0.05413,-0.05413,-0.05413,-0.05413,-0.05413,-0.05413,-0.05413,-0.05315,-0.05413,-0.05413
2023-05-23 11:48:23,-0.05413,0.61869,0.62315,0.0,-1.0,-0.05413,-0.05413,-0.05413,-0.05413,-0.05413,-0.05413,-0.05413,-0.05315,-0.05413,-0.05413
2023-05-23 11:48:24,-0.05413,0.61748,0.62283,0.0,-1.0,-0.05413,-0.05413,-0.05413,-0.05413,-0.05413,-0.05413,-0.05413,-0.05315,-0.05413,-0.05413
2023-05-23 11:48:27,-0.05413,0.59762,0.61742,0.0,-1.0,-0.05413,-0.05413,-0.05413,-0.05413,-0.05413,-0.05413,-0.05413,-0.05315,-0.05413,-0.05413
2023-05-23 11:48:30,-0.05413,0.64021,0.62873,0.0,-1.0,-0.05413,-0.05413,-0.05413,-0.05413,-0.05413,-0.05413,-0.05413,-0.05315,-0.05413,-0.05413
2023-05-23 11:48:32,-0.05413,0.64586,0.63298,0.0,-501.0,-0.05413,-0.05413,-0.05413,-0.05413,-0.05413,-0.05413,-0.05413,-0.05315,-0.05413,-0.05413
2023-05-23 11:48:34,-0.05413,0.64578,0.63295,0.0,0.0,-0.05413,-0.05413,-0.05413,-0.05413,-0.05413,-0.05413,-0.05413,-0.05315,-0.05413,-0.05413
2023-05-23 11:48:36,-0.05413,0.59706,0.62044,0.0,0.0,-0.05413,-0.05413,-0.05413,-0.05413,-0.05413,-0.05413,-0.05413,-0.05315,-0.05413,-0.05413
2023-05-23 11:48:38,-0.05413,0.59719,0.62324,0.0,-501.0,-0.05413,-0.05413,-0.05413,-0.05413,-0.05413,-0.05413,-0.05413,-0.05315,-0.05413,-0.05413
2023-05-23 11:48:40,-0.05413,0.60352,0.62493,0.0,0.0,-0.05413,-0.05413,-0.05413,-0.05413,-0.05413,-0.05413,-0.05413,-0.05315,-0.05413,-0.05413
2023-05-23 11:48:41,-0.05413,0.60284,0.62475,0.0,16.0,-0.05413,-0.05413,-0.05413,-0.05413,-0.05413,-0.05413,-0.05413,-0.05315,-0.05413,-0.05413
2023-05-23 11:48:43,-0.05413,0.60284,0.62475,0.0,0.0,-0.05413,-0.05413,-0.05413,-0.05413,-0.05413,-0.05413,-0.05413,-0.05315,-0.05413,-0.05413
2023-05-23 11:48:45,-0.05413,0.60401,0.62502,-4.0,0.0,-0.05413,-0.05413,-0.05413,-0.05413,-0.05413,-0.05413,-0.05413,-0.05315,-0.05413,-0.05413
2023-05-23 11:48:47,-0.05413,0.60008,0.62398,0.0,200.0,-0.05413,-0.05413,-0.05413,-0.05413,-0.05413,-0.05413,-0.05413,-0.05315,-0.05413,-0.05413
2023-05-23 11:48:49,-0.05512,0.62429,0.62048,0.0,576.0,-0.05512,-0.05413,-0.05413,-0.05413,-0.05413,-0.05413,-0.05413,-0.05315,-0.05413,-0.05413
2023-05-23 11:48:51,-0.05512,0.64113,0.6245,0.0,0.0,-0.05512,-0.05413,-0.05413,-0.05413,-0.05413,-0.05413,-0.05413,-0.05315,-0.05413,-0.05413
2023-05-23 11:48:52,-0.05512,0.6411,0.6245,0.0,1.0,-0.05512,-0.05413,-0.05413,-0.05413,-0.05413,-0.05413,-0.05413,-0.05315,-0.05413,-0.05413
2023-05-23 11:48:54,-0.05512,0.6411,0.6245,0.0,0.0,-0.05512,-0.05413,-0.05413,-0.05413,-0.05413,-0.05413,-0.05413,-0.05315,-0.05413,-0.05413
2023-05-23 11:48:56,-0.05315,0.49667,0.59306,0.0,0.0,-0.05315,-0.05413,-0.05413,-0.05413,-0.05413,-0.05413,-0.05413,-0.05315,-0.05413,-0.05413
2023-05-23 11:48:58,-0.05512,0.49661,0.59302,0.0,5.0,-0.05512,-0.05413,-0.05413,-0.05413,-0.05413,-0.05413,-0.05413,-0.05315,-0.05413,-0.05413
2023-05-23 11:49:00,-0.05413,0.49733,0.59315,20.0,0.0,-0.05413,-0.05413,-0.05413,-0.05413,-0.05413,-0.05413,-0.05413,-0.05413,-0.05413,-0.05315
2023-05-23 11:49:02,-0.05413,0.53498,0.59315,0.0,0.0,-0.05413,-0.05413,-0.05413,-0.05413,-0.05413,-0.05413,-0.05413,-0.05413,-0.05413,-0.05315
2023-05-23 11:49:04,-0.05413,0.51826,0.58876,0.0,0.0,-0.05413,-0.05413,-0.05413,-0.05413,-0.05413,-0.05413,-0.05413,-0.05413,-0.05413,-0.05315
2023-05-23 11:49:05,-0.05413,0.59243,0.60688,2014.0,0.0,-0.05413,-0.05413,-0.05413,-0.05413,-0.05413,-0.05413,-0.05413,-0.05413,-0.05413,-0.05315
2023-05-23 11:49:07,-0.05413,0.59383,0.60711,40.0,0.0,-0.05413,-0.05413,-0.05413,-0.05413,-0.05413,-0.05413,-0.05413,-0.05413,-0.05413,-0.05315
2023-05-23 11:49:09,-0.05413,0.57096,0.60125,-50.0,0.0,-0.05413,-0.05413,-0.05413,-0.05413,-0.05413,-0.05413,-0.05413,-0.05413,-0.05413,-0.05315
2023-05-23 11:49:11,-0.05413,0.5868,0.60522,-25.0,0.0,-0.05413,-0.05413,-0.05413,-0.05413,-0.05413,-0.05413,-0.05413,-0.05413,-0.05413,-0.05315
2023-05-23 11:49:13,-0.05413,0.58481,0.60627,176.0,0.0,-0.05413,-0.05413,-0.05413,-0.05413,-0.05413,-0.05413,-0.05413,-0.05413,-0.05413,-0.05315
2023-05-23 11:49:15,-0.05413,0.58445,0.61248,-10.0,0.0,-0.05413,-0.05413,-0.05413,-0.05413,-0.05413,-0.05413,-0.05413,-0.05413,-0.05413,-0.05315
2023-05-23 11:49:17,-0.05413,0.57406,0.60984,-300.0,0.0,-0.05413,-0.05413,-0.05413,-0.05413,-0.05413,-0.05413,-0.05413,-0.05413,-0.05413,-0.05315
2023-05-23 11:49:18,-0.05512,0.56837,0.60842,0.0,-50.0,-0.05512,-0.05413,-0.05413,-0.05413,-0.05413,-0.05413,-0.05413,-0.05413,-0.05413,-0.05315
2023-05-23 11:49:20,-0.05512,0.54028,0.59891,0.0,0.0,-0.05512,-0.05413,-0.05413,-0.05413,-0.05413,-0.05413,-0.05413,-0.05413,-0.05413,-0.05315
2023-05-23 11:49:22,-0.05512,0.55548,0.59886,0.0,0.0,-0.05512,-0.05413,-0.05413,-0.05413,-0.05413,-0.05413,-0.05413,-0.05413,-0.05413,-0.05315
2023-05-23 11:49:24,-0.05512,0.55754,0.59816,0.0,1.0,-0.05512,-0.05413,-0.05413,-0.05413,-0.05413,-0.05413,-0.05413,-0.05413,-0.05413,-0.05315
2023-05-23 11:49:26,-0.05512,0.56716,0.60083,0.0,-500.0,-0.05512,-0.05413,-0.05413,-0.05413,-0.05413,-0.05413,-0.05413,-0.05413,-0.05413,-0.05315
2023-05-23 11:49:28,-0.05512,0.58318,0.60585,0.0,2.0,-0.05512,-0.05413,-0.05413,-0.05413,-0.05413,-0.05413,-0.05413,-0.05413,-0.05413,-0.05315
2023-05-23 11:49:29,-0.05512,0.58359,0.59748,0.0,0.0,-0.05512,-0.05413,-0.05413,-0.05413,-0.05413,-0.05413,-0.05413,-0.05413,-0.05413,-0.05315
2023-05-23 11:49:31,-0.05512,0.58359,0.59748,0.0,0.0,-0.05512,-0.05413,-0.05413,-0.05413,-0.05413,-0.05413,-0.05413,-0.05413,-0.05413,-0.05315
2023-05-23 11:49:33,-0.05512,0.58296,0.59732,0.0,0.0,-0.05512,-0.05413,-0.05413,-0.05413,-0.05413,-0.05413,-0.05413,-0.05413,-0.05413,-0.05315
2023-05-23 11:49:35,-0.05413,0.58293,0.59731,-1.0,0.0,-0.05413,-0.05413,-0.05413,-0.05413,-0.05413,-0.05413,-0.05413,-0.05413,-0.05413,-0.05315
2023-05-23 11:49:37,-0.05413,0.58293,0.59731,0.0,0.0,-0.05413,-0.05413,-0.05413,-0.05413,-0.05413,-0.05413,-0.05413,-0.05413,-0.05413,-0.05315
2023-05-23 11:49:39,-0.05413,0.58293,0.59731,0.0,0.0,-0.05413,-0.05413,-0.05413,-0.05413,-0.05413,-0.05413,-0.05413,-0.05413,-0.05413,-0.05315
2023-05-23 11:49:41,-0.05512,0.5286,0.58205,0.0,-30.0,-0.05512,-0.05413,-0.05413,-0.05413,-0.05413,-0.05413,-0.05413,-0.05413,-0.05413,-0.05315
2023-05-23 11:49:42,-0.05512,0.52943,0.5823,0.0,0.0,-0.05512,-0.05413,-0.05413,-0.05413,-0.05413,-0.05413,-0.05413,-0.05413,-0.05413,-0.05315
2023-05-23 11:49:44,-0.05512,0.52875,0.58211,10.0,0.0,-0.05512,-0.05413,-0.05413,-0.05413,-0.05413,-0.05413,-0.05413,-0.05413,-0.05413,-0.05315
2023-05-23 11:49:46,-0.05512,0.52875,0.58211,10.0,0.0,-0.05512,-0.05413,-0.05413,-0.05413,-0.05413,-0.05413,-0.05413,-0.05413,-0.05413,-0.05315
2023-05-23 11:49:48,-0.05512,0.52875,0.58211,0.0,0.0,-0.05512,-0.05413,-0.05413,-0.05413,-0.05413,-0.05413,-0.05413,-0.05413,-0.05413,-0.05315
2023-05-23 11:49:50,-0.05413,0.52776,0.58184,-30.0,0.0,-0.05413,-0.05413,-0.05413,-0.05413,-0.05413,-0.05413,-0.05413,-0.05413,-0.05413,-0.05315
2023-05-23 11:49:52,-0.05512,0.53748,0.58469,0.0,2.0,-0.05512,-0.05413,-0.05413,-0.05413,-0.05413,-0.05413,-0.05413,-0.05413,-0.05413,-0.05315
2023-05-23 11:49:53,-0.05512,0.60522,0.60289,0.0,-3000.0,-0.05512,-0.05413,-0.05413,-0.05413,-0.05413,-0.05413,-0.05413,-0.05413,-0.05413,-0.05315
2023-05-23 11:49:55,-0.05512,0.70662,0.62534,0.0,-4000.0,-0.05512,-0.05413,-0.05413,-0.05413,-0.05413,-0.05413,-0.05413,-0.05413,-0.05413,-0.05315
2023-05-23 11:49:57,-0.05512,0.70662,0.62534,0.0,-4000.0,-0.05512,-0.05413,-0.05413,-0.05413,-0.05413,-0.05413,-0.05413,-0.05413,-0.05413,-0.05315
2023-05-23 11:49:59,-0.05512,0.70662,0.62534,0.0,-4000.0,-0.05512,-0.05413,-0.05413,-0.05413,-0.05413,-0.05413,-0.05413,-0.05413,-0.05413,-0.05315
2023-05-23 11:50:01,-0.05512,0.80613,0.64305,0.0,-3000.0,-0.05512,-0.05413,-0.05413,-0.05413,-0.05413,-0.05413,-0.05413,-0.05413,-0.05413,-0.05413
2023-05-23 11:50:03,-0.05512,0.35831,0.41514,-14715.0,22579.0,-0.05512,-0.05512,-0.05512,-0.05413,-0.05413,-0.05413,-0.05413,-0.05413,-0.05413,-0.05413
2023-05-23 11:50:05,-0.05512,0.35828,0.41513,-1.0,0.0,-0.05512,-0.05512,-0.05512,-0.05413,-0.05413,-0.05413,-0.05413,-0.05413,-0.05413,-0.05413
2023-05-23 11:50:07,-0.05512,0.35796,0.41473,-28.0,0.0,-0.05512,-0.05512,-0.05512,-0.05413,-0.05413,-0.05413,-0.05413,-0.05413,-0.05413,-0.05413
2023-05-23 11:50:09,-0.0561,0.36281,0.41588,0.0,-457.0,-0.0561,-0.05512,-0.05512,-0.05413,-0.05413,-0.05413,-0.05413,-0.05413,-0.05413,-0.05413
2023-05-23 11:50:10,-0.0561,0.36271,0.41539,0.0,100.0,-0.0561,-0.05512,-0.05512,-0.05413,-0.05413,-0.05413,-0.05413,-0.05413,-0.05413,-0.05413
2023-05-23 11:50:12,-0.05512,0.36268,0.41539,0.0,0.0,-0.05512,-0.05512,-0.05512,-0.05413,-0.05413,-0.05413,-0.05413,-0.05413,-0.05413,-0.05413
2023-05-23 11:50:14,-0.0561,0.36102,0.4145,0.0,-145.0,-0.0561,-0.05512,-0.05512,-0.05413,-0.05413,-0.05413,-0.05413,-0.05413,-0.05413,-0.05413
2023-05-23 11:50:16,-0.0561,0.36166,0.41469,0.0,0.0,-0.0561,-0.05512,-0.05512,-0.05413,-0.05413,-0.05413,-0.05413,-0.05413,-0.05413,-0.05413
2023-05-23 11:50:18,-0.0561,0.35713,0.41331,1.0,0.0,-0.0561,-0.05512,-0.05512,-0.05413,-0.05413,-0.05413,-0.05413,-0.05413,-0.05413,-0.05413
2023-05-23 11:50:20,-0.0561,0.3564,0.41327,-50.0,0.0,-0.0561,-0.05512,-0.05512,-0.05413,-0.05413,-0.05413,-0.05413,-0.05413,-0.05413,-0.05413
2023-05-23 11:50:22,-0.0561,0.35646,0.41345,0.0,0.0,-0.0561,-0.05512,-0.05512,-0.05413,-0.05413,-0.05413,-0.05413,-0.05413,-0.05413,-0.05413
2023-05-23 11:50:23,-0.0561,0.35539,0.41312,0.0,0.0,-0.0561,-0.05512,-0.05512,-0.05413,-0.05413,-0.05413,-0.05413,-0.05413,-0.05413,-0.05413
2023-05-23 11:50:25,-0.0561,0.35529,0.41308,0.0,0.0,-0.0561,-0.05512,-0.05512,-0.05413,-0.05413,-0.05413,-0.05413,-0.05413,-0.05413,-0.05413
2023-05-23 11:50:27,-0.0561,0.389,0.42285,0.0,-2984.0,-0.0561,-0.05512,-0.05512,-0.05413,-0.05413,-0.05413,-0.05413,-0.05413,-0.05413,-0.05413
2023-05-23 11:50:29,-0.0561,0.38932,0.42293,10.0,0.0,-0.0561,-0.05512,-0.05512,-0.05413,-0.05413,-0.05413,-0.05413,-0.05413,-0.05413,-0.05413
2023-05-23 11:50:31,-0.0561,0.39308,0.42394,0.0,-300.0,-0.0561,-0.05512,-0.05512,-0.05413,-0.05413,-0.05413,-0.05413,-0.05413,-0.05413,-0.05413
2023-05-23 11:50:33,-0.0561,0.39531,0.4245,50.0,0.0,-0.0561,-0.05512,-0.05512,-0.05413,-0.05413,-0.05413,-0.05413,-0.05413,-0.05413,-0.05413
2023-05-23 11:50:35,-0.0561,0.45673,0.43662,0.0,0.0,-0.0561,-0.05512,-0.05512,-0.05413,-0.05413,-0.05413,-0.05413,-0.05413,-0.05413,-0.05413
2023-05-23 11:50:37,-0.0561,0.45653,0.43657,0.0,-93.0,-0.0561,-0.05512,-0.05512,-0.05413,-0.05413,-0.05413,-0.05413,-0.05413,-0.05413,-0.05413
2023-05-23 11:50:38,-0.0561,0.48139,0.42965,0.0,0.0,-0.0561,-0.05512,-0.05512,-0.05413,-0.05413,-0.05413,-0.05413,-0.05413,-0.05413,-0.05413
2023-05-23 11:50:40,-0.0561,0.4705,0.42719,-300.0,0.0,-0.0561,-0.05512,-0.05512,-0.05413,-0.05413,-0.05413,-0.05413,-0.05413,-0.05413,-0.05413
2023-05-23 11:50:42,-0.0561,0.47048,0.42719,0.0,0.0,-0.0561,-0.05512,-0.05512,-0.05413,-0.05413,-0.05413,-0.05413,-0.05413,-0.05413,-0.05413
2023-05-23 11:50:44,-0.0561,0.23309,0.35834,0.0,0.0,-0.0561,-0.05512,-0.05512,-0.05413,-0.05413,-0.05413,-0.05413,-0.05413,-0.05413,-0.05413
2023-05-23 11:50:46,-0.0561,0.23276,0.35824,-3.0,0.0,-0.0561,-0.05512,-0.05512,-0.05413,-0.05413,-0.05413,-0.05413,-0.05413,-0.05413,-0.05413
2023-05-23 11:50:48,-0.0561,0.23276,0.35824,0.0,0.0,-0.0561,-0.05512,-0.05512,-0.05413,-0.05413,-0.05413,-0.05413,-0.05413,-0.05413,-0.05413
2023-05-23 11:50:50,-0.0561,0.23276,0.35824,0.0,0.0,-0.0561,-0.05512,-0.05512,-0.05413,-0.05413,-0.05413,-0.05413,-0.05413,-0.05413,-0.05413
2023-05-23 11:50:51,-0.0561,0.23276,0.35824,0.0,0.0,-0.0561,-0.05512,-0.05512,-0.05413,-0.05413,-0.05413,-0.05413,-0.05413,-0.05413,-0.05413
2023-05-23 11:50:53,-0.0561,0.22741,0.35663,-208.0,0.0,-0.0561,-0.05512,-0.05512,-0.05413,-0.05413,-0.05413,-0.05413,-0.05413,-0.05413,-0.05413
2023-05-23 11:50:55,-0.0561,0.24355,0.36144,488.0,0.0,-0.0561,-0.05512,-0.05512,-0.05413,-0.05413,-0.05413,-0.05413,-0.05413,-0.05413,-0.05413
2023-05-23 11:50:57,-0.0561,0.24481,0.36199,0.0,0.0,-0.0561,-0.05512,-0.05512,-0.05413,-0.05413,-0.05413,-0.05413,-0.05413,-0.05413,-0.05413
2023-05-23 11:50:59,-0.0561,0.24277,0.36142,12.0,0.0,-0.0561,-0.05512,-0.05512,-0.05413,-0.05413,-0.05413,-0.05413,-0.05413,-0.05413,-0.05413
2023-05-23 11:51:01,-0.05709,0.24221,0.36112,-5.0,-5.0,-0.05709,-0.0561,-0.0561,-0.05512,-0.05512,-0.05413,-0.05413,-0.05413,-0.05413,-0.05413
2023-05-23 11:51:03,-0.05709,0.25263,0.36441,0.0,-261.0,-0.05709,-0.0561,-0.0561,-0.05512,-0.05512,-0.05413,-0.05413,-0.05413,-0.05413,-0.05413
2023-05-23 11:51:05,-0.05709,0.08233,0.31874,0.0,50.0,-0.05709,-0.0561,-0.0561,-0.05512,-0.05512,-0.05413,-0.05413,-0.05413,-0.05413,-0.05413
2023-05-23 11:51:06,-0.05709,0.08242,0.31898,-2.0,0.0,-0.05709,-0.0561,-0.0561,-0.05512,-0.05512,-0.05413,-0.05413,-0.05413,-0.05413,-0.05413
2023-05-23 11:51:08,-0.05709,0.08448,0.32227,0.0,0.0,-0.05709,-0.0561,-0.0561,-0.05512,-0.05512,-0.05413,-0.05413,-0.05413,-0.05413,-0.05413
2023-05-23 11:51:10,-0.05807,0.08671,0.32589,0.0,-19.0,-0.05807,-0.0561,-0.0561,-0.05512,-0.05512,-0.05413,-0.05413,-0.05413,-0.05413,-0.05413
2023-05-23 11:51:12,-0.05709,0.08709,0.32676,0.0,0.0,-0.05709,-0.0561,-0.0561,-0.05512,-0.05512,-0.05413,-0.05413,-0.05413,-0.05413,-0.05413
2023-05-23 11:51:14,-0.05807,0.08658,0.32653,-30.0,0.0,-0.05807,-0.0561,-0.0561,-0.05512,-0.05512,-0.05413,-0.05413,-0.05413,-0.05413,-0.05413
2023-05-23 11:51:16,-0.05807,0.087,0.32805,0.0,-326.0,-0.05807,-0.0561,-0.0561,-0.05512,-0.05512,-0.05413,-0.05413,-0.05413,-0.05413,-0.05413
2023-05-23 11:51:18,-0.05709,0.31798,0.39373,0.0,50.0,-0.05709,-0.0561,-0.0561,-0.05512,-0.05512,-0.05413,-0.05413,-0.05413,-0.05413,-0.05413
2023-05-23 11:51:19,-0.05709,0.28996,0.38562,0.0,1000.0,-0.05709,-0.0561,-0.0561,-0.05512,-0.05512,-0.05413,-0.05413,-0.05413,-0.05413,-0.05413
2023-05-23 11:51:21,-0.05709,0.29506,0.3867,200.0,0.0,-0.05709,-0.0561,-0.0561,-0.05512,-0.05512,-0.05413,-0.05413,-0.05413,-0.05413,-0.05413
2023-05-23 11:51:23,-0.05709,0.30416,0.38914,0.0,-300.0,-0.05709,-0.0561,-0.0561,-0.05512,-0.05512,-0.05413,-0.05413,-0.05413,-0.05413,-0.05413
2023-05-23 11:51:25,-0.05709,0.35442,0.40225,1582.0,0.0,-0.05709,-0.0561,-0.0561,-0.05512,-0.05512,-0.05413,-0.05413,-0.05413,-0.05413,-0.05413
2023-05-23 11:51:27,-0.05709,0.3544,0.40243,0.0,0.0,-0.05709,-0.0561,-0.0561,-0.05512,-0.05512,-0.05413,-0.05413,-0.05413,-0.05413,-0.05413
2023-05-23 11:51:29,-0.05709,0.35022,0.4014,0.0,4.0,-0.05709,-0.0561,-0.0561,-0.05512,-0.05512,-0.05413,-0.05413,-0.05413,-0.05413,-0.05413
2023-05-23 11:51:31,-0.05709,0.10291,0.32787,0.0,9.0,-0.05709,-0.0561,-0.0561,-0.05512,-0.05512,-0.05413,-0.05413,-0.05413,-0.05413,-0.05413
2023-05-23 11:51:32,-0.05709,0.09931,0.32336,0.0,628.0,-0.05709,-0.0561,-0.0561,-0.05512,-0.05512,-0.05413,-0.05413,-0.05413,-0.05413,-0.05413
2023-05-23 11:51:34,-0.05709,0.09934,0.32337,0.0,0.0,-0.05709,-0.0561,-0.0561,-0.05512,-0.05512,-0.05413,-0.05413,-0.05413,-0.05413,-0.05413
2023-05-23 11:51:37,-0.05709,0.11205,0.32837,700.0,0.0,-0.05709,-0.0561,-0.0561,-0.05512,-0.05512,-0.05413,-0.05413,-0.05413,-0.05413,-0.05413
2023-05-23 11:51:40,-0.05709,0.34933,0.39732,0.0,-611.0,-0.05709,-0.0561,-0.0561,-0.05512,-0.05512,-0.05413,-0.05413,-0.05413,-0.05413,-0.05413
2023-05-23 11:51:42,-0.05709,0.35003,0.39751,0.0,0.0,-0.05709,-0.0561,-0.0561,-0.05512,-0.05512,-0.05413,-0.05413,-0.05413,-0.05413,-0.05413
2023-05-23 11:51:44,-0.05709,0.35003,0.39751,0.0,0.0,-0.05709,-0.0561,-0.0561,-0.05512,-0.05512,-0.05413,-0.05413,-0.05413,-0.05413,-0.05413
2023-05-23 11:51:45,-0.05709,0.34997,0.39749,0.0,0.0,-0.05709,-0.0561,-0.0561,-0.05512,-0.05512,-0.05413,-0.05413,-0.05413,-0.05413,-0.05413
2023-05-23 11:51:47,-0.05709,0.35195,0.39808,0.0,0.0,-0.05709,-0.0561,-0.0561,-0.05512,-0.05512,-0.05413,-0.05413,-0.05413,-0.05413,-0.05413
2023-05-23 11:51:49,-0.05709,0.35193,0.39876,0.0,-210.0,-0.05709,-0.0561,-0.0561,-0.05512,-0.05512,-0.05413,-0.05413,-0.05413,-0.05413,-0.05413
2023-05-23 11:51:51,-0.05807,0.21217,0.35223,0.0,0.0,-0.05807,-0.0561,-0.0561,-0.05512,-0.05512,-0.05413,-0.05413,-0.05413,-0.05413,-0.05413
2023-05-23 11:51:53,-0.05709,0.36671,0.40308,0.0,-1.0,-0.05709,-0.0561,-0.0561,-0.05512,-0.05512,-0.05413,-0.05413,-0.05413,-0.05413,-0.05413
2023-05-23 11:51:55,-0.05709,0.3668,0.40309,-3.0,0.0,-0.05709,-0.0561,-0.0561,-0.05512,-0.05512,-0.05413,-0.05413,-0.05413,-0.05413,-0.05413
2023-05-23 11:51:57,-0.05709,0.13464,0.34012,0.0,0.0,-0.05709,-0.0561,-0.0561,-0.05512,-0.05512,-0.05413,-0.05413,-0.05413,-0.05413,-0.05413
2023-05-23 11:51:59,-0.05709,0.12287,0.33558,-128.0,0.0,-0.05709,-0.0561,-0.0561,-0.05512,-0.05512,-0.05413,-0.05413,-0.05413,-0.05413,-0.05413
2023-05-23 11:52:00,-0.05709,0.13717,0.34193,622.0,0.0,-0.05709,-0.0561,-0.0561,-0.0561,-0.0561,-0.05512,-0.05512,-0.05413,-0.05413,-0.05413
2023-05-23 11:52:02,-0.05709,0.13503,0.34109,-114.0,0.0,-0.05709,-0.05709,-0.05709,-0.0561,-0.0561,-0.05512,-0.05512,-0.05413,-0.05413,-0.05413
2023-05-23 11:52:04,-0.05709,0.12952,0.33887,0.0,0.0,-0.05709,-0.05709,-0.05709,-0.0561,-0.0561,-0.05512,-0.05512,-0.05413,-0.05413,-0.05413
2023-05-23 11:52:06,-0.05709,0.12977,0.33897,93.0,0.0,-0.05709,-0.05709,-0.05709,-0.0561,-0.0561,-0.05512,-0.05512,-0.05413,-0.05413,-0.05413
2023-05-23 11:52:08,-0.05709,0.13565,0.34124,-85.0,0.0,-0.05709,-0.05709,-0.05709,-0.0561,-0.0561,-0.05512,-0.05512,-0.05413,-0.05413,-0.05413
2023-05-23 11:52:10,-0.05709,0.13752,0.33083,-1500.0,0.0,-0.05709,-0.05709,-0.05709,-0.0561,-0.0561,-0.05512,-0.05512,-0.05413,-0.05413,-0.05413
2023-05-23 11:52:12,-0.05709,0.14071,0.33203,200.0,0.0,-0.05709,-0.05709,-0.05709,-0.0561,-0.0561,-0.05512,-0.05512,-0.05413,-0.05413,-0.05413
2023-05-23 11:52:13,-0.05709,0.1409,0.33211,0.0,0.0,-0.05709,-0.05709,-0.05709,-0.0561,-0.0561,-0.05512,-0.05512,-0.05413,-0.05413,-0.05413
2023-05-23 11:52:15,-0.05709,0.13715,0.33066,-200.0,0.0,-0.05709,-0.05709,-0.05709,-0.0561,-0.0561,-0.05512,-0.05512,-0.05413,-0.05413,-0.05413
2023-05-23 11:52:17,-0.05709,0.137,0.33039,0.0,50.0,-0.05709,-0.05709,-0.05709,-0.0561,-0.0561,-0.05512,-0.05512,-0.05413,-0.05413,-0.05413
2023-05-23 11:52:19,-0.05807,0.13754,0.33061,0.0,-6.0,-0.05807,-0.05709,-0.05709,-0.0561,-0.0561,-0.05512,-0.05512,-0.05413,-0.05413,-0.05413
2023-05-23 11:52:21,-0.05807,0.13488,0.32961,0.0,-1.0,-0.05807,-0.05709,-0.05709,-0.0561,-0.0561,-0.05512,-0.05512,-0.05413,-0.05413,-0.05413
2023-05-23 11:52:23,-0.05807,0.13488,0.33033,100.0,0.0,-0.05807,-0.05709,-0.05709,-0.0561,-0.0561,-0.05512,-0.05512,-0.05413,-0.05413,-0.05413
2023-05-23 11:52:25,-0.05807,0.1388,0.33399,0.0,1.0,-0.05807,-0.05709,-0.05709,-0.0561,-0.0561,-0.05512,-0.05512,-0.05413,-0.05413,-0.05413
2023-05-23 11:52:26,-0.05807,0.14171,0.33662,0.0,0.0,-0.05807,-0.05709,-0.05709,-0.0561,-0.0561,-0.05512,-0.05512,-0.05413,-0.05413,-0.05413
2023-05-23 11:52:28,-0.05807,0.14162,0.33654,0.0,-16.0,-0.05807,-0.05709,-0.05709,-0.0561,-0.0561,-0.05512,-0.05512,-0.05413,-0.05413,-0.05413
2023-05-23 11:52:30,-0.05807,0.14162,0.33654,0.0,0.0,-0.05807,-0.05709,-0.05709,-0.0561,-0.0561,-0.05512,-0.05512,-0.05413,-0.05413,-0.05413
2023-05-23 11:52:32,-0.05807,0.14145,0.33639,0.0,60.0,-0.05807,-0.05709,-0.05709,-0.0561,-0.0561,-0.05512,-0.05512,-0.05413,-0.05413,-0.05413
2023-05-23 11:52:34,-0.05807,0.14145,0.33665,0.0,1.0,-0.05807,-0.05709,-0.05709,-0.0561,-0.0561,-0.05512,-0.05512,-0.05413,-0.05413,-0.05413
2023-05-23 11:52:36,-0.05807,0.14209,0.33722,0.0,56.0,-0.05807,-0.05709,-0.05709,-0.0561,-0.0561,-0.05512,-0.05512,-0.05413,-0.05413,-0.05413
2023-05-23 11:52:38,-0.05709,0.14112,0.33642,-6.0,0.0,-0.05709,-0.05709,-0.05709,-0.0561,-0.0561,-0.05512,-0.05512,-0.05413,-0.05413,-0.05413
2023-05-23 11:52:39,-0.05709,0.14051,0.33778,0.0,5.0,-0.05709,-0.05709,-0.05709,-0.0561,-0.0561,-0.05512,-0.05512,-0.05413,-0.05413,-0.05413
2023-05-23 11:52:41,-0.05807,0.14783,0.34156,0.0,1037.0,-0.05807,-0.05709,-0.05709,-0.0561,-0.0561,-0.05512,-0.05512,-0.05413,-0.05413,-0.05413
2023-05-23 11:52:43,-0.05807,0.15187,0.34244,260.0,0.0,-0.05807,-0.05709,-0.05709,-0.0561,-0.0561,-0.05512,-0.05512,-0.05413,-0.05413,-0.05413
2023-05-23 11:52:45,-0.05807,0.15242,0.34289,0.0,-26.0,-0.05807,-0.05709,-0.05709,-0.0561,-0.0561,-0.05512,-0.05512,-0.05413,-0.05413,-0.05413
2023-05-23 11:52:47,-0.05709,0.15232,0.34286,0.0,0.0,-0.05709,-0.05709,-0.05709,-0.0561,-0.0561,-0.05512,-0.05512,-0.05413,-0.05413,-0.05413
2023-05-23 11:52:49,-0.05807,0.15264,0.34285,0.0,0.0,-0.05807,-0.05709,-0.05709,-0.0561,-0.0561,-0.05512,-0.05512,-0.05413,-0.05413,-0.05413
2023-05-23 11:52:51,-0.05807,0.15266,0.34261,0.0,0.0,-0.05807,-0.05709,-0.05709,-0.0561,-0.0561,-0.05512,-0.05512,-0.05413,-0.05413,-0.05413
2023-05-23 11:52:52,-0.05807,0.15076,0.34096,0.0,35.0,-0.05807,-0.05709,-0.05709,-0.0561,-0.0561,-0.05512,-0.05512,-0.05413,-0.05413,-0.05413
2023-05-23 11:52:54,-0.05807,0.15076,0.34098,0.0,-10.0,-0.05807,-0.05709,-0.05709,-0.0561,-0.0561,-0.05512,-0.05512,-0.05413,-0.05413,-0.05413
2023-05-23 11:52:56,-0.05807,0.15076,0.34099,1.0,0.0,-0.05807,-0.05709,-0.05709,-0.0561,-0.0561,-0.05512,-0.05512,-0.05413,-0.05413,-0.05413
2023-05-23 11:52:58,-0.05807,0.14939,0.33986,0.0,-50.0,-0.05807,-0.05709,-0.05709,-0.0561,-0.0561,-0.05512,-0.05512,-0.05413,-0.05413,-0.05413
2023-05-23 11:53:00,-0.05807,0.14939,0.33986,0.0,-50.0,-0.05807,-0.05709,-0.05709,-0.05709,-0.05709,-0.0561,-0.0561,-0.05512,-0.05512,-0.05413
2023-05-23 11:53:02,-0.05807,0.14736,0.33814,0.0,0.0,-0.05807,-0.05807,-0.05807,-0.05709,-0.05709,-0.0561,-0.0561,-0.05512,-0.05512,-0.05413
2023-05-23 11:53:03,-0.05807,0.14941,0.33985,0.0,-205.0,-0.05807,-0.05807,-0.05807,-0.05709,-0.05709,-0.0561,-0.0561,-0.05512,-0.05512,-0.05413
2023-05-23 11:53:05,-0.05807,0.15052,0.3402,0.0,-12.0,-0.05807,-0.05807,-0.05807,-0.05709,-0.05709,-0.0561,-0.0561,-0.05512,-0.05512,-0.05413
2023-05-23 11:53:07,-0.05807,0.15022,0.33995,0.0,100.0,-0.05807,-0.05807,-0.05807,-0.05709,-0.05709,-0.0561,-0.0561,-0.05512,-0.05512,-0.05413
2023-05-23 11:53:09,-0.05807,0.14871,0.33868,0.0,500.0,-0.05807,-0.05807,-0.05807,-0.05709,-0.05709,-0.0561,-0.0561,-0.05512,-0.05512,-0.05413
2023-05-23 11:53:11,-0.05807,0.14916,0.33905,0.0,-121.0,-0.05807,-0.05807,-0.05807,-0.05709,-0.05709,-0.0561,-0.0561,-0.05512,-0.05512,-0.05413
2023-05-23 11:53:13,-0.05807,0.14907,0.33901,-3.0,0.0,-0.05807,-0.05807,-0.05807,-0.05709,-0.05709,-0.0561,-0.0561,-0.05512,-0.05512,-0.05413
2023-05-23 11:53:14,-0.05807,0.14907,0.33901,-3.0,0.0,-0.05807,-0.05807,-0.05807,-0.05709,-0.05709,-0.0561,-0.0561,-0.05512,-0.05512,-0.05413
2023-05-23 11:53:16,-0.05807,0.14898,0.33893,0.0,0.0,-0.05807,-0.05807,-0.05807,-0.05709,-0.05709,-0.0561,-0.0561,-0.05512,-0.05512,-0.05413
2023-05-23 11:53:18,-0.05807,0.14987,0.33968,0.0,-300.0,-0.05807,-0.05807,-0.05807,-0.05709,-0.05709,-0.0561,-0.0561,-0.05512,-0.05512,-0.05413
2023-05-23 11:53:20,-0.05807,0.14733,0.33719,0.0,0.0,-0.05807,-0.05807,-0.05807,-0.05709,-0.05709,-0.0561,-0.0561,-0.05512,-0.05512,-0.05413
2023-05-23 11:53:22,-0.05807,0.14726,0.33469,0.0,0.0,-0.05807,-0.05807,-0.05807,-0.05709,-0.05709,-0.0561,-0.0561,-0.05512,-0.05512,-0.05413
2023-05-23 11:53:24,-0.05807,0.14743,0.33483,0.0,1.0,-0.05807,-0.05807,-0.05807,-0.05709,-0.05709,-0.0561,-0.0561,-0.05512,-0.05512,-0.05413
2023-05-23 11:53:26,-0.05807,0.14451,0.33232,0.0,1000.0,-0.05807,-0.05807,-0.05807,-0.05709,-0.05709,-0.0561,-0.0561,-0.05512,-0.05512,-0.05413
2023-05-23 11:53:27,-0.05807,0.14537,0.33304,0.0,1.0,-0.05807,-0.05807,-0.05807,-0.05709,-0.05709,-0.0561,-0.0561,-0.05512,-0.05512,-0.05413
2023-05-23 11:53:29,-0.05807,0.14632,0.33382,0.0,-338.0,-0.05807,-0.05807,-0.05807,-0.05709,-0.05709,-0.0561,-0.0561,-0.05512,-0.05512,-0.05413
2023-05-23 11:53:31,-0.05807,0.14654,0.33399,0.0,1.0,-0.05807,-0.05807,-0.05807,-0.05709,-0.05709,-0.0561,-0.0561,-0.05512,-0.05512,-0.05413
2023-05-23 11:53:33,-0.05807,0.14705,0.33441,0.0,79.0,-0.05807,-0.05807,-0.05807,-0.05709,-0.05709,-0.0561,-0.0561,-0.05512,-0.05512,-0.05413
2023-05-23 11:53:35,-0.05709,0.14703,0.33438,0.0,0.0,-0.05709,-0.05807,-0.05807,-0.05709,-0.05709,-0.0561,-0.0561,-0.05512,-0.05512,-0.05413
2023-05-23 11:53:37,-0.05807,0.14701,0.33437,0.0,0.0,-0.05807,-0.05807,-0.05807,-0.05709,-0.05709,-0.0561,-0.0561,-0.05512,-0.05512,-0.05413
2023-05-23 11:53:39,-0.05709,0.14575,0.33386,0.0,1.0,-0.05709,-0.05807,-0.05807,-0.05709,-0.05709,-0.0561,-0.0561,-0.05512,-0.05512,-0.05413
2023-05-23 11:53:40,-0.05709,0.14509,0.33356,0.0,0.0,-0.05709,-0.05807,-0.05807,-0.05709,-0.05709,-0.0561,-0.0561,-0.05512,-0.05512,-0.05413
2023-05-23 11:53:42,-0.05709,0.14369,0.33235,0.0,0.0,-0.05709,-0.05807,-0.05807,-0.05709,-0.05709,-0.0561,-0.0561,-0.05512,-0.05512,-0.05413
2023-05-23 11:53:44,-0.05807,0.14369,0.33236,0.0,0.0,-0.05807,-0.05807,-0.05807,-0.05709,-0.05709,-0.0561,-0.0561,-0.05512,-0.05512,-0.05413
2023-05-23 11:53:46,-0.05807,0.1451,0.33371,0.0,-12.0,-0.05807,-0.05807,-0.05807,-0.05709,-0.05709,-0.0561,-0.0561,-0.05512,-0.05512,-0.05413
2023-05-23 11:53:48,-0.05807,0.1451,0.33372,0.0,0.0,-0.05807,-0.05807,-0.05807,-0.05709,-0.05709,-0.0561,-0.0561,-0.05512,-0.05512,-0.05413
2023-05-23 11:53:50,-0.05807,0.14503,0.33366,0.0,0.0,-0.05807,-0.05807,-0.05807,-0.05709,-0.05709,-0.0561,-0.0561,-0.05512,-0.05512,-0.05413
2023-05-23 11:53:52,-0.05807,0.14237,0.33134,0.0,1000.0,-0.05807,-0.05807,-0.05807,-0.05709,-0.05709,-0.0561,-0.0561,-0.05512,-0.05512,-0.05413
2023-05-23 11:53:53,-0.05807,0.14079,0.32994,0.0,0.0,-0.05807,-0.05807,-0.05807,-0.05709,-0.05709,-0.0561,-0.0561,-0.05512,-0.05512,-0.05413
2023-05-23 11:53:55,-0.05709,0.14075,0.32991,0.0,0.0,-0.05709,-0.05807,-0.05807,-0.05709,-0.05709,-0.0561,-0.0561,-0.05512,-0.05512,-0.05413
2023-05-23 11:53:57,-0.05807,0.13969,0.32898,0.0,300.0,-0.05807,-0.05807,-0.05807,-0.05709,-0.05709,-0.0561,-0.0561,-0.05512,-0.05512,-0.05413
2023-05-23 11:53:59,-0.05709,0.13817,0.32703,-10.0,0.0,-0.05709,-0.05807,-0.05807,-0.05709,-0.05709,-0.0561,-0.0561,-0.05512,-0.05512,-0.05413
2023-05-23 11:54:01,-0.05709,0.14879,0.33111,0.0,0.0,-0.05709,-0.05807,-0.05807,-0.05807,-0.05807,-0.05709,-0.05709,-0.0561,-0.0561,-0.05512
2023-05-23 11:54:03,-0.05709,0.14883,0.33116,0.0,10.0,-0.05709,-0.05807,-0.05709,-0.05807,-0.05807,-0.05709,-0.05709,-0.0561,-0.0561,-0.05512
2023-05-23 11:54:04,-0.05709,0.15128,0.33334,-14.0,20.0,-0.05709,-0.05807,-0.05709,-0.05807,-0.05807,-0.05709,-0.05709,-0.0561,-0.0561,-0.05512
2023-05-23 11:54:06,-0.05709,0.151,0.33366,0.0,0.0,-0.05709,-0.05807,-0.05709,-0.05807,-0.05807,-0.05709,-0.05709,-0.0561,-0.0561,-0.05512
2023-05-23 11:54:08,-0.05709,0.16974,0.3408,1000.0,0.0,-0.05709,-0.05807,-0.05709,-0.05807,-0.05807,-0.05709,-0.05709,-0.0561,-0.0561,-0.05512
2023-05-23 11:54:10,-0.05709,0.16244,0.33724,195.0,0.0,-0.05709,-0.05807,-0.05709,-0.05807,-0.05807,-0.05709,-0.05709,-0.0561,-0.0561,-0.05512
2023-05-23 11:54:12,-0.05709,0.16318,0.33716,0.0,1.0,-0.05709,-0.05807,-0.05709,-0.05807,-0.05807,-0.05709,-0.05709,-0.0561,-0.0561,-0.05512
2023-05-23 11:54:14,-0.05709,0.16391,0.33744,0.0,1.0,-0.05709,-0.05807,-0.05709,-0.05807,-0.05807,-0.05709,-0.05709,-0.0561,-0.0561,-0.05512
2023-05-23 11:54:16,-0.05709,0.16391,0.33743,0.0,1.0,-0.05709,-0.05807,-0.05709,-0.05807,-0.05807,-0.05709,-0.05709,-0.0561,-0.0561,-0.05512
2023-05-23 11:54:18,-0.05807,0.16448,0.33788,0.0,-488.0,-0.05807,-0.05807,-0.05709,-0.05807,-0.05807,-0.05709,-0.05709,-0.0561,-0.0561,-0.05512
2023-05-23 11:54:19,-0.05709,0.16963,0.33985,-10.0,0.0,-0.05709,-0.05807,-0.05709,-0.05807,-0.05807,-0.05709,-0.05709,-0.0561,-0.0561,-0.05512
2023-05-23 11:54:21,-0.05709,0.16963,0.33985,0.0,0.0,-0.05709,-0.05807,-0.05709,-0.05807,-0.05807,-0.05709,-0.05709,-0.0561,-0.0561,-0.05512
2023-05-23 11:54:23,-0.05709,0.15831,0.33551,15.0,0.0,-0.05709,-0.05807,-0.05709,-0.05807,-0.05807,-0.05709,-0.05709,-0.0561,-0.0561,-0.05512
2023-05-23 11:54:25,-0.05709,0.16738,0.3382,0.0,5.0,-0.05709,-0.05807,-0.05709,-0.05807,-0.05807,-0.05709,-0.05709,-0.0561,-0.0561,-0.05512
2023-05-23 11:54:27,-0.05709,0.16729,0.34325,-5.0,0.0,-0.05709,-0.05807,-0.05709,-0.05807,-0.05807,-0.05709,-0.05709,-0.0561,-0.0561,-0.05512
2023-05-23 11:54:29,-0.05709,0.16729,0.34325,-5.0,0.0,-0.05709,-0.05807,-0.05709,-0.05807,-0.05807,-0.05709,-0.05709,-0.0561,-0.0561,-0.05512
2023-05-23 11:54:30,-0.05709,0.16725,0.34321,0.0,15.0,-0.05709,-0.05807,-0.05709,-0.05807,-0.05807,-0.05709,-0.05709,-0.0561,-0.0561,-0.05512
2023-05-23 11:54:32,-0.05709,0.16763,0.34329,0.0,0.0,-0.05709,-0.05807,-0.05709,-0.05807,-0.05807,-0.05709,-0.05709,-0.0561,-0.0561,-0.05512
2023-05-23 11:54:34,-0.05709,0.166,0.34126,0.0,0.0,-0.05709,-0.05807,-0.05709,-0.05807,-0.05807,-0.05709,-0.05709,-0.0561,-0.0561,-0.05512
2023-05-23 11:54:36,-0.05709,0.14401,0.33264,-4.0,0.0,-0.05709,-0.05807,-0.05709,-0.05807,-0.05807,-0.05709,-0.05709,-0.0561,-0.0561,-0.05512
2023-05-23 11:54:38,-0.05709,0.14178,0.33171,-125.0,0.0,-0.05709,-0.05807,-0.05709,-0.05807,-0.05807,-0.05709,-0.05709,-0.0561,-0.0561,-0.05512
2023-05-23 11:54:40,-0.05807,0.14017,0.3312,-99.0,-99.0,-0.05807,-0.05807,-0.05709,-0.05807,-0.05807,-0.05709,-0.05709,-0.0561,-0.0561,-0.05512
2023-05-23 11:54:42,-0.05709,0.13811,0.33164,0.0,1.0,-0.05709,-0.05807,-0.05709,-0.05807,-0.05807,-0.05709,-0.05709,-0.0561,-0.0561,-0.05512
2023-05-23 11:54:43,-0.05709,0.12917,0.32807,-500.0,0.0,-0.05709,-0.05807,-0.05709,-0.05807,-0.05807,-0.05709,-0.05709,-0.0561,-0.0561,-0.05512
2023-05-23 11:54:46,-0.05709,0.11519,0.3177,-400.0,0.0,-0.05709,-0.05807,-0.05709,-0.05807,-0.05807,-0.05709,-0.05709,-0.0561,-0.0561,-0.05512
2023-05-23 11:54:49,-0.05709,0.31563,0.36921,0.0,50.0,-0.05709,-0.05807,-0.05709,-0.05807,-0.05807,-0.05709,-0.05709,-0.0561,-0.0561,-0.05512
2023-05-23 11:54:51,-0.05709,0.31848,0.37005,0.0,-222.0,-0.05709,-0.05807,-0.05709,-0.05807,-0.05807,-0.05709,-0.05709,-0.0561,-0.0561,-0.05512
2023-05-23 11:54:53,-0.05709,0.32005,0.37059,0.0,312.0,-0.05709,-0.05807,-0.05709,-0.05807,-0.05807,-0.05709,-0.05709,-0.0561,-0.0561,-0.05512
2023-05-23 11:54:55,-0.05709,0.3207,0.37081,0.0,1.0,-0.05709,-0.05807,-0.05709,-0.05807,-0.05807,-0.05709,-0.05709,-0.0561,-0.0561,-0.05512
2023-05-23 11:54:57,-0.05709,0.33194,0.37411,0.0,0.0,-0.05709,-0.05807,-0.05709,-0.05807,-0.05807,-0.05709,-0.05709,-0.0561,-0.0561,-0.05512
2023-05-23 11:54:59,-0.05709,0.33194,0.37411,0.0,0.0,-0.05709,-0.05807,-0.05709,-0.05807,-0.05807,-0.05709,-0.05709,-0.0561,-0.0561,-0.05512
2023-05-23 11:55:00,-0.05709,0.34078,0.37695,0.0,-956.0,-0.05709,-0.05807,-0.05709,-0.05709,-0.05709,-0.05807,-0.05807,-0.05709,-0.05709,-0.0561
2023-05-23 11:55:02,-0.0561,0.33964,0.37659,-7.0,0.0,-0.0561,-0.0561,-0.05709,-0.05807,-0.05709,-0.05807,-0.05807,-0.05709,-0.05709,-0.0561
2023-05-23 11:55:04,-0.0561,0.34578,0.37852,-2.0,0.0,-0.0561,-0.0561,-0.05709,-0.05807,-0.05709,-0.05807,-0.05807,-0.05709,-0.05709,-0.0561
2023-05-23 11:55:06,-0.0561,0.34561,0.37847,-6.0,0.0,-0.0561,-0.0561,-0.05709,-0.05807,-0.05709,-0.05807,-0.05807,-0.05709,-0.05709,-0.0561
2023-05-23 11:55:08,-0.0561,0.34669,0.3788,0.0,-1.0,-0.0561,-0.0561,-0.05709,-0.05807,-0.05709,-0.05807,-0.05807,-0.05709,-0.05709,-0.0561
2023-05-23 11:55:10,-0.0561,0.34935,0.37955,100.0,0.0,-0.0561,-0.0561,-0.05709,-0.05807,-0.05709,-0.05807,-0.05807,-0.05709,-0.05709,-0.0561
2023-05-23 11:55:12,-0.0561,0.34305,0.37759,0.0,0.0,-0.0561,-0.0561,-0.05709,-0.05807,-0.05709,-0.05807,-0.05807,-0.05709,-0.05709,-0.0561
2023-05-23 11:55:13,-0.0561,0.34243,0.3774,0.0,50.0,-0.0561,-0.0561,-0.05709,-0.05807,-0.05709,-0.05807,-0.05807,-0.05709,-0.05709,-0.0561
2023-05-23 11:55:15,-0.0561,0.34229,0.37736,-5.0,0.0,-0.0561,-0.0561,-0.05709,-0.05807,-0.05709,-0.05807,-0.05807,-0.05709,-0.05709,-0.0561
2023-05-23 11:55:17,-0.0561,0.34055,0.37686,79.0,0.0,-0.0561,-0.0561,-0.05709,-0.05807,-0.05709,-0.05807,-0.05807,-0.05709,-0.05709,-0.0561
2023-05-23 11:55:19,-0.0561,0.3401,0.37672,0.0,29.0,-0.0561,-0.0561,-0.05709,-0.05807,-0.05709,-0.05807,-0.05807,-0.05709,-0.05709,-0.0561
2023-05-23 11:55:21,-0.0561,0.33755,0.37595,0.0,123.0,-0.0561,-0.0561,-0.05709,-0.05807,-0.05709,-0.05807,-0.05807,-0.05709,-0.05709,-0.0561
2023-05-23 11:55:23,-0.0561,0.37433,0.39874,-277.0,0.0,-0.0561,-0.0561,-0.05709,-0.05807,-0.05709,-0.05807,-0.05807,-0.05709,-0.05709,-0.0561
2023-05-23 11:55:24,-0.0561,0.37423,0.39871,-3.0,0.0,-0.0561,-0.0561,-0.05709,-0.05807,-0.05709,-0.05807,-0.05807,-0.05709,-0.05709,-0.0561
2023-05-23 11:55:26,-0.0561,0.36447,0.39622,-300.0,0.0,-0.0561,-0.0561,-0.05709,-0.05807,-0.05709,-0.05807,-0.05807,-0.05709,-0.05709,-0.0561
2023-05-23 11:55:28,-0.0561,0.47586,0.42475,0.0,10.0,-0.0561,-0.0561,-0.05709,-0.05807,-0.05709,-0.05807,-0.05807,-0.05709,-0.05709,-0.0561
2023-05-23 11:55:30,-0.0561,0.47586,0.42475,0.0,0.0,-0.0561,-0.0561,-0.05709,-0.05807,-0.05709,-0.05807,-0.05807,-0.05709,-0.05709,-0.0561
2023-05-23 11:55:32,-0.0561,0.47538,0.42464,-7.0,0.0,-0.0561,-0.0561,-0.05709,-0.05807,-0.05709,-0.05807,-0.05807,-0.05709,-0.05709,-0.0561
2023-05-23 11:55:34,-0.0561,0.47493,0.42453,0.0,29.0,-0.0561,-0.0561,-0.05709,-0.05807,-0.05709,-0.05807,-0.05807,-0.05709,-0.05709,-0.0561
2023-05-23 11:55:36,-0.0561,0.49917,0.43089,0.0,0.0,-0.0561,-0.0561,-0.05709,-0.05807,-0.05709,-0.05807,-0.05807,-0.05709,-0.05709,-0.0561
2023-05-23 11:55:37,-0.05709,0.50024,0.43113,0.0,-68.0,-0.05709,-0.0561,-0.05709,-0.05807,-0.05709,-0.05807,-0.05807,-0.05709,-0.05709,-0.0561
2023-05-23 11:55:39,-0.0561,0.50166,0.43144,-6.0,0.0,-0.0561,-0.0561,-0.05709,-0.05807,-0.05709,-0.05807,-0.05807,-0.05709,-0.05709,-0.0561
2023-05-23 11:55:41,-0.0561,0.49058,0.42894,0.0,700.0,-0.0561,-0.0561,-0.05709,-0.05807,-0.05709,-0.05807,-0.05807,-0.05709,-0.05709,-0.0561
2023-05-23 11:55:43,-0.0561,0.49036,0.42888,-7.0,0.0,-0.0561,-0.0561,-0.05709,-0.05807,-0.05709,-0.05807,-0.05807,-0.05709,-0.05709,-0.0561
2023-05-23 11:55:45,-0.0561,0.49036,0.4288,0.0,25.0,-0.0561,-0.0561,-0.05709,-0.05807,-0.05709,-0.05807,-0.05807,-0.05709,-0.05709,-0.0561
2023-05-23 11:55:47,-0.0561,0.4832,0.42734,212.0,0.0,-0.0561,-0.0561,-0.05709,-0.05807,-0.05709,-0.05807,-0.05807,-0.05709,-0.05709,-0.0561
2023-05-23 11:55:49,-0.05709,0.48469,0.42769,0.0,0.0,-0.05709,-0.0561,-0.05709,-0.05807,-0.05709,-0.05807,-0.05807,-0.05709,-0.05709,-0.0561
2023-05-23 11:55:50,-0.0561,0.48436,0.4276,0.0,10.0,-0.0561,-0.0561,-0.05709,-0.05807,-0.05709,-0.05807,-0.05807,-0.05709,-0.05709,-0.0561
2023-05-23 11:55:52,-0.05807,0.289,0.37471,0.0,17197.0,-0.05807,-0.0561,-0.05709,-0.05807,-0.05709,-0.05807,-0.05807,-0.05709,-0.05709,-0.0561
2023-05-23 11:55:54,-0.05807,0.289,0.37471,0.0,0.0,-0.05807,-0.0561,-0.05709,-0.05807,-0.05709,-0.05807,-0.05807,-0.05709,-0.05709,-0.0561
2023-05-23 11:55:56,-0.0561,0.29712,0.37838,-6.0,0.0,-0.0561,-0.0561,-0.05709,-0.05807,-0.05709,-0.05807,-0.05807,-0.05709,-0.05709,-0.0561
2023-05-23 11:55:58,-0.0561,0.29573,0.37769,0.0,252.0,-0.0561,-0.0561,-0.05709,-0.05807,-0.05709,-0.05807,-0.05807,-0.05709,-0.05709,-0.0561
2023-05-23 11:56:00,-0.0561,0.29901,0.37893,0.0,55.0,-0.0561,-0.0561,-0.05709,-0.05709,-0.05709,-0.05807,-0.05709,-0.05807,-0.05807,-0.05709
2023-05-23 11:56:02,-0.0561,0.29353,0.3762,-1.0,0.0,-0.0561,-0.0561,-0.0561,-0.0561,-0.05709,-0.05807,-0.05709,-0.05807,-0.05807,-0.05709
2023-05-23 11:56:03,-0.0561,0.50916,0.4337,0.0,1.0,-0.0561,-0.0561,-0.0561,-0.0561,-0.05709,-0.05807,-0.05709,-0.05807,-0.05807,-0.05709
2023-05-23 11:56:05,-0.0561,0.49639,0.43082,0.0,835.0,-0.0561,-0.0561,-0.0561,-0.0561,-0.05709,-0.05807,-0.05709,-0.05807,-0.05807,-0.05709
2023-05-23 11:56:07,-0.0561,0.50137,0.43215,169.0,0.0,-0.0561,-0.0561,-0.0561,-0.0561,-0.05709,-0.05807,-0.05709,-0.05807,-0.05807,-0.05709
2023-05-23 11:56:09,-0.0561,0.50134,0.43214,0.0,0.0,-0.0561,-0.0561,-0.0561,-0.0561,-0.05709,-0.05807,-0.05709,-0.05807,-0.05807,-0.05709
2023-05-23 11:56:11,-0.05807,0.29656,0.37737,0.0,17685.0,-0.05807,-0.0561,-0.0561,-0.0561,-0.05709,-0.05807,-0.05709,-0.05807,-0.05807,-0.05709
2023-05-23 11:56:13,-0.0561,0.51493,0.43519,-6.0,0.0,-0.0561,-0.0561,-0.0561,-0.0561,-0.05709,-0.05807,-0.05709,-0.05807,-0.05807,-0.05709
2023-05-23 11:56:15,-0.05709,0.19802,0.35642,0.0,20.0,-0.05709,-0.0561,-0.0561,-0.0561,-0.05709,-0.05807,-0.05709,-0.05807,-0.05807,-0.05709
2023-05-23 11:56:16,-0.05709,0.20098,0.35852,0.0,0.0,-0.05709,-0.0561,-0.0561,-0.0561,-0.05709,-0.05807,-0.05709,-0.05807,-0.05807,-0.05709
2023-05-23 11:56:18,-0.05709,0.19869,0.35692,0.0,625.0,-0.05709,-0.0561,-0.0561,-0.0561,-0.05709,-0.05807,-0.05709,-0.05807,-0.05807,-0.05709
2023-05-23 11:56:20,-0.05807,0.29565,0.37716,2813.0,-63.0,-0.05807,-0.0561,-0.0561,-0.0561,-0.05709,-0.05807,-0.05709,-0.05807,-0.05807,-0.05709
2023-05-23 11:56:22,-0.05807,0.51538,0.43514,0.0,0.0,-0.05807,-0.0561,-0.0561,-0.0561,-0.05709,-0.05807,-0.05709,-0.05807,-0.05807,-0.05709
2023-05-23 11:56:24,-0.05807,0.51456,0.43496,0.0,50.0,-0.05807,-0.0561,-0.0561,-0.0561,-0.05709,-0.05807,-0.05709,-0.05807,-0.05807,-0.05709
2023-05-23 11:56:26,-0.05807,0.22046,0.36599,55.0,0.0,-0.05807,-0.0561,-0.0561,-0.0561,-0.05709,-0.05807,-0.05709,-0.05807,-0.05807,-0.05709
2023-05-23 11:56:28,-0.05709,0.2166,0.36447,0.0,20.0,-0.05709,-0.0561,-0.0561,-0.0561,-0.05709,-0.05807,-0.05709,-0.05807,-0.05807,-0.05709
2023-05-23 11:56:30,-0.05709,0.2166,0.36409,0.0,-1.0,-0.05709,-0.0561,-0.0561,-0.0561,-0.05709,-0.05807,-0.05709,-0.05807,-0.05807,-0.05709
2023-05-23 11:56:31,-0.05807,0.21606,0.36379,0.0,100.0,-0.05807,-0.0561,-0.0561,-0.0561,-0.05709,-0.05807,-0.05709,-0.05807,-0.05807,-0.05709
2023-05-23 11:56:33,-0.05807,0.21604,0.36377,0.0,0.0,-0.05807,-0.0561,-0.0561,-0.0561,-0.05709,-0.05807,-0.05709,-0.05807,-0.05807,-0.05709
2023-05-23 11:56:35,-0.05709,0.21462,0.36322,-77.0,0.0,-0.05709,-0.0561,-0.0561,-0.0561,-0.05709,-0.05807,-0.05709,-0.05807,-0.05807,-0.05709
2023-05-23 11:56:37,-0.05709,0.21771,0.36442,0.0,0.0,-0.05709,-0.0561,-0.0561,-0.0561,-0.05709,-0.05807,-0.05709,-0.05807,-0.05807,-0.05709
2023-05-23 11:56:39,-0.05709,0.21777,0.36446,0.0,5.0,-0.05709,-0.0561,-0.0561,-0.0561,-0.05709,-0.05807,-0.05709,-0.05807,-0.05807,-0.05709
2023-05-23 11:56:41,-0.05807,0.21863,0.36502,0.0,5.0,-0.05807,-0.0561,-0.0561,-0.0561,-0.05709,-0.05807,-0.05709,-0.05807,-0.05807,-0.05709
2023-05-23 11:56:43,-0.05807,0.21859,0.365,0.0,10.0,-0.05807,-0.0561,-0.0561,-0.0561,-0.05709,-0.05807,-0.05709,-0.05807,-0.05807,-0.05709
2023-05-23 11:56:45,-0.05807,0.21859,0.36499,0.0,2.0,-0.05807,-0.0561,-0.0561,-0.0561,-0.05709,-0.05807,-0.05709,-0.05807,-0.05807,-0.05709
2023-05-23 11:56:46,-0.05709,0.21667,0.36424,-104.0,0.0,-0.05709,-0.0561,-0.0561,-0.0561,-0.05709,-0.05807,-0.05709,-0.05807,-0.05807,-0.05709
2023-05-23 11:56:48,-0.05709,0.21665,0.36423,0.0,1.0,-0.05709,-0.0561,-0.0561,-0.0561,-0.05709,-0.05807,-0.05709,-0.05807,-0.05807,-0.05709
2023-05-23 11:56:50,-0.05512,0.32919,0.40021,0.0,300.0,-0.05512,-0.0561,-0.0561,-0.0561,-0.05709,-0.05807,-0.05709,-0.05807,-0.05807,-0.05709
2023-05-23 11:56:52,-0.05807,0.17816,0.34894,0.0,-397.0,-0.05807,-0.0561,-0.0561,-0.0561,-0.05709,-0.05807,-0.05709,-0.05807,-0.05807,-0.05709
2023-05-23 11:56:54,-0.05807,0.17479,0.346,-50.0,200.0,-0.05807,-0.0561,-0.0561,-0.0561,-0.05709,-0.05807,-0.05709,-0.05807,-0.05807,-0.05709
2023-05-23 11:56:56,-0.05807,0.1748,0.346,0.0,-1.0,-0.05807,-0.0561,-0.0561,-0.0561,-0.05709,-0.05807,-0.05709,-0.05807,-0.05807,-0.05709
2023-05-23 11:56:58,-0.05807,0.1752,0.34631,0.0,-2.0,-0.05807,-0.0561,-0.0561,-0.0561,-0.05709,-0.05807,-0.05709,-0.05807,-0.05807,-0.05709
2023-05-23 11:56:59,-0.0561,0.18278,0.35136,0.0,0.0,-0.0561,-0.0561,-0.0561,-0.0561,-0.05709,-0.05807,-0.05709,-0.05807,-0.05807,-0.05709
2023-05-23 11:57:01,-0.05709,0.18167,0.3505,20.0,0.0,-0.05709,-0.05709,-0.05807,-0.0561,-0.0561,-0.0561,-0.05709,-0.05807,-0.05709,-0.05807
2023-05-23 11:57:03,-0.05709,0.19385,0.3592,0.0,-3350.0,-0.05709,-0.05709,-0.05807,-0.0561,-0.0561,-0.0561,-0.05709,-0.05807,-0.05709,-0.05807
2023-05-23 11:57:05,-0.0561,0.31095,0.38392,0.0,200.0,-0.0561,-0.05709,-0.05807,-0.0561,-0.0561,-0.0561,-0.05709,-0.05807,-0.05709,-0.05807
2023-05-23 11:57:07,-0.05807,0.31437,0.38545,0.0,-493.0,-0.05807,-0.05709,-0.05807,-0.0561,-0.0561,-0.0561,-0.05709,-0.05807,-0.05709,-0.05807
2023-05-23 11:57:09,-0.05807,0.29936,0.37844,1.0,0.0,-0.05807,-0.05709,-0.05807,-0.0561,-0.0561,-0.0561,-0.05709,-0.05807,-0.05709,-0.05807
2023-05-23 11:57:11,-0.05807,0.29465,0.37615,0.0,0.0,-0.05807,-0.05709,-0.05807,-0.0561,-0.0561,-0.0561,-0.05709,-0.05807,-0.05709,-0.05807
2023-05-23 11:57:12,-0.05807,0.19575,0.35586,0.0,270.0,-0.05807,-0.05709,-0.05807,-0.0561,-0.0561,-0.0561,-0.05709,-0.05807,-0.05709,-0.05807
2023-05-23 11:57:14,-0.05807,0.19575,0.35586,0.0,-1.0,-0.05807,-0.05709,-0.05807,-0.0561,-0.0561,-0.0561,-0.05709,-0.05807,-0.05709,-0.05807
2023-05-23 11:57:16,-0.05709,0.19414,0.35525,0.0,0.0,-0.05709,-0.05709,-0.05807,-0.0561,-0.0561,-0.0561,-0.05709,-0.05807,-0.05709,-0.05807
2023-05-23 11:57:18,-0.05709,0.21747,0.36425,0.0,3.0,-0.05709,-0.05709,-0.05807,-0.0561,-0.0561,-0.0561,-0.05709,-0.05807,-0.05709,-0.05807
2023-05-23 11:57:20,-0.05709,0.22306,0.3664,0.0,5.0,-0.05709,-0.05709,-0.05807,-0.0561,-0.0561,-0.0561,-0.05709,-0.05807,-0.05709,-0.05807
2023-05-23 11:57:22,-0.05709,0.2219,0.36574,-18.0,0.0,-0.05709,-0.05709,-0.05807,-0.0561,-0.0561,-0.0561,-0.05709,-0.05807,-0.05709,-0.05807
2023-05-23 11:57:24,-0.05807,0.2261,0.36839,0.0,-835.0,-0.05807,-0.05709,-0.05807,-0.0561,-0.0561,-0.0561,-0.05709,-0.05807,-0.05709,-0.05807
2023-05-23 11:57:25,-0.05709,0.57855,0.44585,-1.0,-1.0,-0.05709,-0.05709,-0.05807,-0.0561,-0.0561,-0.0561,-0.05709,-0.05807,-0.05709,-0.05807
2023-05-23 11:57:27,-0.05709,0.57428,0.44503,0.0,220.0,-0.05709,-0.05709,-0.05807,-0.0561,-0.0561,-0.0561,-0.05709,-0.05807,-0.05709,-0.05807
2023-05-23 11:57:29,-0.05709,0.57622,0.44541,0.0,-100.0,-0.05709,-0.05709,-0.05807,-0.0561,-0.0561,-0.0561,-0.05709,-0.05807,-0.05709,-0.05807
2023-05-23 11:57:31,-0.05807,0.32319,0.38578,-47.0,18537.0,-0.05807,-0.05709,-0.05807,-0.0561,-0.0561,-0.0561,-0.05709,-0.05807,-0.05709,-0.05807
2023-05-23 11:57:33,-0.05807,0.32319,0.38651,100.0,0.0,-0.05807,-0.05709,-0.05807,-0.0561,-0.0561,-0.0561,-0.05709,-0.05807,-0.05709,-0.05807
2023-05-23 11:57:35,-0.05807,0.32315,0.38649,0.0,100.0,-0.05807,-0.05709,-0.05807,-0.0561,-0.0561,-0.0561,-0.05709,-0.05807,-0.05709,-0.05807
2023-05-23 11:57:37,-0.05807,0.32314,0.38649,0.0,1.0,-0.05807,-0.05709,-0.05807,-0.0561,-0.0561,-0.0561,-0.05709,-0.05807,-0.05709,-0.05807
2023-05-23 11:57:38,-0.05807,0.22086,0.36664,0.0,-700.0,-0.05807,-0.05709,-0.05807,-0.0561,-0.0561,-0.0561,-0.05709,-0.05807,-0.05709,-0.05807
2023-05-23 11:57:40,-0.05709,0.21896,0.36591,0.0,0.0,-0.05709,-0.05709,-0.05807,-0.0561,-0.0561,-0.0561,-0.05709,-0.05807,-0.05709,-0.05807
2023-05-23 11:57:42,-0.05709,0.21896,0.36591,0.0,0.0,-0.05709,-0.05709,-0.05807,-0.0561,-0.0561,-0.0561,-0.05709,-0.05807,-0.05709,-0.05807
2023-05-23 11:57:44,-0.05807,0.24335,0.37611,3.0,0.0,-0.05807,-0.05709,-0.05807,-0.0561,-0.0561,-0.0561,-0.05709,-0.05807,-0.05709,-0.05807
2023-05-23 11:57:46,-0.05807,0.28331,0.3767,0.0,0.0,-0.05807,-0.05709,-0.05807,-0.0561,-0.0561,-0.0561,-0.05709,-0.05807,-0.05709,-0.05807
2023-05-23 11:57:48,-0.05807,0.28345,0.37691,0.0,-35.0,-0.05807,-0.05709,-0.05807,-0.0561,-0.0561,-0.0561,-0.05709,-0.05807,-0.05709,-0.05807
2023-05-23 11:57:49,-0.05807,0.28245,0.3766,0.0,-100.0,-0.05807,-0.05709,-0.05807,-0.0561,-0.0561,-0.0561,-0.05709,-0.05807,-0.05709,-0.05807
2023-05-23 11:57:51,-0.05807,0.28245,0.3766,0.0,0.0,-0.05807,-0.05709,-0.05807,-0.0561,-0.0561,-0.0561,-0.05709,-0.05807,-0.05709,-0.05807
2023-05-23 11:57:53,-0.05709,0.27952,0.37549,0.0,0.0,-0.05709,-0.05709,-0.05807,-0.0561,-0.0561,-0.0561,-0.05709,-0.05807,-0.05709,-0.05807
2023-05-23 11:57:56,-0.05807,0.28645,0.37549,0.0,-201.0,-0.05807,-0.05709,-0.05807,-0.0561,-0.0561,-0.0561,-0.05709,-0.05807,-0.05709,-0.05807
2023-05-23 11:57:59,-0.05807,0.28841,0.37622,0.0,0.0,-0.05807,-0.05709,-0.05807,-0.0561,-0.0561,-0.0561,-0.05709,-0.05807,-0.05709,-0.05807
2023-05-23 11:58:00,-0.05709,0.28758,0.37657,-200.0,0.0,-0.05709,-0.05709,-0.05807,-0.05709,-0.05807,-0.0561,-0.0561,-0.0561,-0.05709,-0.05807
2023-05-23 11:58:02,-0.05709,0.28659,0.3762,-50.0,0.0,-0.05709,-0.05709,-0.05807,-0.05709,-0.05807,-0.0561,-0.0561,-0.0561,-0.05709,-0.05807
2023-05-23 11:58:04,-0.05709,0.29552,0.3795,0.0,0.0,-0.05709,-0.05709,-0.05807,-0.05709,-0.05807,-0.0561,-0.0561,-0.0561,-0.05709,-0.05807
2023-05-23 11:58:06,-0.05807,0.29598,0.37973,0.0,0.0,-0.05807,-0.05709,-0.05807,-0.05709,-0.05807,-0.0561,-0.0561,-0.0561,-0.05709,-0.05807
2023-05-23 11:58:08,-0.05807,0.29598,0.37979,0.0,0.0,-0.05807,-0.05709,-0.05807,-0.05709,-0.05807,-0.0561,-0.0561,-0.0561,-0.05709,-0.05807
2023-05-23 11:58:10,-0.05709,0.29557,0.37963,-21.0,0.0,-0.05709,-0.05709,-0.05807,-0.05709,-0.05807,-0.0561,-0.0561,-0.0561,-0.05709,-0.05807
2023-05-23 11:58:12,-0.05709,0.2975,0.38034,100.0,0.0,-0.05709,-0.05709,-0.05807,-0.05709,-0.05807,-0.0561,-0.0561,-0.0561,-0.05709,-0.05807
2023-05-23 11:58:14,-0.05807,0.30324,0.38248,282.0,0.0,-0.05807,-0.05709,-0.05807,-0.05709,-0.05807,-0.0561,-0.0561,-0.0561,-0.05709,-0.05807
2023-05-23 11:58:15,-0.05807,0.3043,0.38297,0.0,-207.0,-0.05807,-0.05709,-0.05807,-0.05709,-0.05807,-0.0561,-0.0561,-0.0561,-0.05709,-0.05807
2023-05-23 11:58:17,-0.05807,0.3043,0.38297,0.0,0.0,-0.05807,-0.05709,-0.05807,-0.05709,-0.05807,-0.0561,-0.0561,-0.0561,-0.05709,-0.05807
2023-05-23 11:58:19,-0.05807,0.30446,0.38299,0.0,50.0,-0.05807,-0.05709,-0.05807,-0.05709,-0.05807,-0.0561,-0.0561,-0.0561,-0.05709,-0.05807
2023-05-23 11:58:21,-0.05807,0.31041,0.38519,300.0,0.0,-0.05807,-0.05709,-0.05807,-0.05709,-0.05807,-0.0561,-0.0561,-0.0561,-0.05709,-0.05807
2023-05-23 11:58:23,-0.05807,0.3197,0.38913,150.0,0.0,-0.05807,-0.05709,-0.05807,-0.05709,-0.05807,-0.0561,-0.0561,-0.0561,-0.05709,-0.05807
2023-05-23 11:58:25,-0.05807,0.32296,0.39118,277.0,0.0,-0.05807,-0.05709,-0.05807,-0.05709,-0.05807,-0.0561,-0.0561,-0.0561,-0.05709,-0.05807
2023-05-23 11:58:27,-0.05807,0.32308,0.39123,0.0,-17.0,-0.05807,-0.05709,-0.05807,-0.05709,-0.05807,-0.0561,-0.0561,-0.0561,-0.05709,-0.05807
2023-05-23 11:58:28,-0.05807,0.32304,0.38574,0.0,1919.0,-0.05807,-0.05709,-0.05807,-0.05709,-0.05807,-0.0561,-0.0561,-0.0561,-0.05709,-0.05807
2023-05-23 11:58:30,-0.05807,0.32412,0.3862,0.0,-51.0,-0.05807,-0.05709,-0.05807,-0.05709,-0.05807,-0.0561,-0.0561,-0.0561,-0.05709,-0.05807
2023-05-23 11:58:32,-0.05807,0.32545,0.38676,0.0,-200.0,-0.05807,-0.05709,-0.05807,-0.05709,-0.05807,-0.0561,-0.0561,-0.0561,-0.05709,-0.05807
2023-05-23 11:58:34,-0.05807,0.31483,0.38337,-753.0,-753.0,-0.05807,-0.05709,-0.05807,-0.05709,-0.05807,-0.0561,-0.0561,-0.0561,-0.05709,-0.05807
2023-05-23 11:58:36,-0.05807,0.31483,0.38337,-753.0,-753.0,-0.05807,-0.05709,-0.05807,-0.05709,-0.05807,-0.0561,-0.0561,-0.0561,-0.05709,-0.05807
2023-05-23 11:58:38,-0.05807,0.31483,0.38337,0.0,-20.0,-0.05807,-0.05709,-0.05807,-0.05709,-0.05807,-0.0561,-0.0561,-0.0561,-0.05709,-0.05807
2023-05-23 11:58:40,-0.05807,0.31482,0.38337,0.0,1.0,-0.05807,-0.05709,-0.05807,-0.05709,-0.05807,-0.0561,-0.0561,-0.0561,-0.05709,-0.05807
2023-05-23 11:58:42,-0.05807,0.31286,0.38422,0.0,300.0,-0.05807,-0.05709,-0.05807,-0.05709,-0.05807,-0.0561,-0.0561,-0.0561,-0.05709,-0.05807
2023-05-23 11:58:44,-0.05807,0.30886,0.38061,0.0,-700.0,-0.05807,-0.05709,-0.05807,-0.05709,-0.05807,-0.0561,-0.0561,-0.0561,-0.05709,-0.05807
2023-05-23 11:58:46,-0.05807,0.30886,0.38061,0.0,0.0,-0.05807,-0.05709,-0.05807,-0.05709,-0.05807,-0.0561,-0.0561,-0.0561,-0.05709,-0.05807
2023-05-23 11:58:47,-0.05807,0.30067,0.37696,0.0,300.0,-0.05807,-0.05709,-0.05807,-0.05709,-0.05807,-0.0561,-0.0561,-0.0561,-0.05709,-0.05807
2023-05-23 11:58:49,-0.05807,0.29464,0.37478,-300.0,0.0,-0.05807,-0.05709,-0.05807,-0.05709,-0.05807,-0.0561,-0.0561,-0.0561,-0.05709,-0.05807
2023-05-23 11:58:51,-0.05807,0.28321,0.36939,0.0,2000.0,-0.05807,-0.05709,-0.05807,-0.05709,-0.05807,-0.0561,-0.0561,-0.0561,-0.05709,-0.05807
2023-05-23 11:58:53,-0.05807,0.28185,0.36872,0.0,251.0,-0.05807,-0.05709,-0.05807,-0.05709,-0.05807,-0.0561,-0.0561,-0.0561,-0.05709,-0.05807
2023-05-23 11:58:55,-0.05807,0.28071,0.36817,0.0,0.0,-0.05807,-0.05709,-0.05807,-0.05709,-0.05807,-0.0561,-0.0561,-0.0561,-0.05709,-0.05807
2023-05-23 11:58:57,-0.05807,0.2809,0.36824,0.0,0.0,-0.05807,-0.05709,-0.05807,-0.05709,-0.05807,-0.0561,-0.0561,-0.0561,-0.05709,-0.05807
2023-05-23 11:58:59,-0.05807,0.28091,0.36824,0.0,-2.0,-0.05807,-0.05709,-0.05807,-0.05709,-0.05807,-0.0561,-0.0561,-0.0561,-0.05709,-0.05807
2023-05-23 11:59:00,-0.05807,0.28081,0.36819,0.0,6.0,-0.05807,-0.05709,-0.05807,-0.05807,-0.05807,-0.05709,-0.05807,-0.0561,-0.0561,-0.0561
2023-05-23 11:59:02,-0.05807,0.30054,0.37742,0.0,-3368.0,-0.05807,-0.05807,-0.05807,-0.05709,-0.05807,-0.05709,-0.05807,-0.0561,-0.0561,-0.0561
2023-05-23 11:59:04,-0.05807,0.30221,0.38238,0.0,20.0,-0.05807,-0.05807,-0.05807,-0.05709,-0.05807,-0.05709,-0.05807,-0.0561,-0.0561,-0.0561
2023-05-23 11:59:06,-0.05807,0.30212,0.38234,0.0,714.0,-0.05807,-0.05807,-0.05807,-0.05709,-0.05807,-0.05709,-0.05807,-0.0561,-0.0561,-0.0561
2023-05-23 11:59:08,-0.05807,0.29381,0.37856,0.0,1460.0,-0.05807,-0.05807,-0.05807,-0.05709,-0.05807,-0.05709,-0.05807,-0.0561,-0.0561,-0.0561
2023-05-23 11:59:10,-0.05807,0.29381,0.37856,0.0,1.0,-0.05807,-0.05807,-0.05807,-0.05709,-0.05807,-0.05709,-0.05807,-0.0561,-0.0561,-0.0561
2023-05-23 11:59:12,-0.05807,0.29192,0.37766,0.0,0.0,-0.05807,-0.05807,-0.05807,-0.05709,-0.05807,-0.05709,-0.05807,-0.0561,-0.0561,-0.0561
2023-05-23 11:59:13,-0.05807,0.29181,0.37834,0.0,19.0,-0.05807,-0.05807,-0.05807,-0.05709,-0.05807,-0.05709,-0.05807,-0.0561,-0.0561,-0.0561
2023-05-23 11:59:15,-0.05807,0.29175,0.38295,633.0,0.0,-0.05807,-0.05807,-0.05807,-0.05709,-0.05807,-0.05709,-0.05807,-0.0561,-0.0561,-0.0561
2023-05-23 11:59:17,-0.05807,0.29303,0.38431,0.0,-220.0,-0.05807,-0.05807,-0.05807,-0.05709,-0.05807,-0.05709,-0.05807,-0.0561,-0.0561,-0.0561
2023-05-23 11:59:19,-0.05807,0.29309,0.38438,0.0,0.0,-0.05807,-0.05807,-0.05807,-0.05709,-0.05807,-0.05709,-0.05807,-0.0561,-0.0561,-0.0561
2023-05-23 11:59:21,-0.05807,0.2941,0.38594,0.0,-171.0,-0.05807,-0.05807,-0.05807,-0.05709,-0.05807,-0.05709,-0.05807,-0.0561,-0.0561,-0.0561
2023-05-23 11:59:23,-0.05807,0.2941,0.38518,-100.0,0.0,-0.05807,-0.05807,-0.05807,-0.05709,-0.05807,-0.05709,-0.05807,-0.0561,-0.0561,-0.0561
2023-05-23 11:59:25,-0.05807,0.29337,0.38482,0.0,69.0,-0.05807,-0.05807,-0.05807,-0.05709,-0.05807,-0.05709,-0.05807,-0.0561,-0.0561,-0.0561
2023-05-23 11:59:26,-0.05807,0.26845,0.3536,0.0,0.0,-0.05807,-0.05807,-0.05807,-0.05709,-0.05807,-0.05709,-0.05807,-0.0561,-0.0561,-0.0561
2023-05-23 11:59:28,-0.05906,0.27111,0.35539,0.0,-1.0,-0.05906,-0.05807,-0.05807,-0.05709,-0.05807,-0.05709,-0.05807,-0.0561,-0.0561,-0.0561
2023-05-23 11:59:30,-0.05807,0.27802,0.35974,-282.0,0.0,-0.05807,-0.05807,-0.05807,-0.05709,-0.05807,-0.05709,-0.05807,-0.0561,-0.0561,-0.0561
2023-05-23 11:59:32,-0.05807,0.27802,0.35974,0.0,0.0,-0.05807,-0.05807,-0.05807,-0.05709,-0.05807,-0.05709,-0.05807,-0.0561,-0.0561,-0.0561
2023-05-23 11:59:34,-0.05807,0.25445,0.34963,-1365.0,0.0,-0.05807,-0.05807,-0.05807,-0.05709,-0.05807,-0.05709,-0.05807,-0.0561,-0.0561,-0.0561
2023-05-23 11:59:36,-0.05807,0.31716,0.35088,0.0,-500.0,-0.05807,-0.05807,-0.05807,-0.05709,-0.05807,-0.05709,-0.05807,-0.0561,-0.0561,-0.0561
2023-05-23 11:59:37,-0.05807,0.31716,0.35088,0.0,0.0,-0.05807,-0.05807,-0.05807,-0.05709,-0.05807,-0.05709,-0.05807,-0.0561,-0.0561,-0.0561
2023-05-23 11:59:39,-0.05807,0.32205,0.35296,0.0,1.0,-0.05807,-0.05807,-0.05807,-0.05709,-0.05807,-0.05709,-0.05807,-0.0561,-0.0561,-0.0561
2023-05-23 11:59:41,-0.05906,0.33588,0.35924,0.0,5.0,-0.05906,-0.05807,-0.05807,-0.05709,-0.05807,-0.05709,-0.05807,-0.0561,-0.0561,-0.0561
2023-05-23 11:59:43,-0.05807,0.33678,0.35964,-1.0,0.0,-0.05807,-0.05807,-0.05807,-0.05709,-0.05807,-0.05709,-0.05807,-0.0561,-0.0561,-0.0561
2023-05-23 11:59:45,-0.05807,0.30783,0.34367,0.0,0.0,-0.05807,-0.05807,-0.05807,-0.05709,-0.05807,-0.05709,-0.05807,-0.0561,-0.0561,-0.0561
2023-05-23 11:59:47,-0.05807,0.30782,0.34367,0.0,1.0,-0.05807,-0.05807,-0.05807,-0.05709,-0.05807,-0.05709,-0.05807,-0.0561,-0.0561,-0.0561
2023-05-23 11:59:49,-0.05807,0.30782,0.34367,0.0,1.0,-0.05807,-0.05807,-0.05807,-0.05709,-0.05807,-0.05709,-0.05807,-0.0561,-0.0561,-0.0561
2023-05-23 11:59:50,-0.05807,0.30523,0.34206,0.0,10.0,-0.05807,-0.05807,-0.05807,-0.05709,-0.05807,-0.05709,-0.05807,-0.0561,-0.0561,-0.0561
2023-05-23 11:59:52,-0.05807,0.30272,0.34084,0.0,500.0,-0.05807,-0.05807,-0.05807,-0.05709,-0.05807,-0.05709,-0.05807,-0.0561,-0.0561,-0.0561
2023-05-23 11:59:54,-0.05807,0.3019,0.34048,-50.0,0.0,-0.05807,-0.05807,-0.05807,-0.05709,-0.05807,-0.05709,-0.05807,-0.0561,-0.0561,-0.0561
2023-05-23 11:59:56,-0.05807,0.3028,0.34092,0.0,-200.0,-0.05807,-0.05807,-0.05807,-0.05709,-0.05807,-0.05709,-0.05807,-0.0561,-0.0561,-0.0561
2023-05-23 11:59:58,-0.05807,0.3028,0.34092,0.0,0.0,-0.05807,-0.05807,-0.05807,-0.05709,-0.05807,-0.05709,-0.05807,-0.0561,-0.0561,-0.0561
2023-05-23 12:00:00,-0.05807,0.3028,0.34092,0.0,0.0,-0.05807,-0.05807,-0.05807,-0.05709,-0.05807,-0.05709,-0.05807,-0.0561,-0.0561,-0.0561
2023-05-23 12:00:01,-0.05807,0.30275,0.3409,0.0,10.0,-0.05807,-0.05807,-0.05807,-0.05807,-0.05807,-0.05709,-0.05807,-0.05709,-0.05807,-0.0561
2023-05-23 12:00:24,-0.05906,0.24413,0.34376,-821.0,3456.0,-0.05906,-0.05807,-0.05807,-0.05807,-0.05807,-0.05709,-0.05807,-0.05709,-0.05807,-0.0561
2023-05-23 12:00:26,-0.05906,0.24421,0.34379,0.0,-3.0,-0.05906,-0.05807,-0.05807,-0.05807,-0.05807,-0.05709,-0.05807,-0.05709,-0.05807,-0.0561
2023-05-23 12:00:28,-0.05906,0.25042,0.34712,400.0,0.0,-0.05906,-0.05807,-0.05807,-0.05807,-0.05807,-0.05709,-0.05807,-0.05709,-0.05807,-0.0561
2023-05-23 12:00:30,-0.05906,0.25042,0.34764,0.0,-204.0,-0.05906,-0.05807,-0.05807,-0.05807,-0.05807,-0.05709,-0.05807,-0.05709,-0.05807,-0.0561
2023-05-23 12:00:32,-0.05906,0.27184,0.3612,-5.0,0.0,-0.05906,-0.05807,-0.05807,-0.05807,-0.05807,-0.05709,-0.05807,-0.05709,-0.05807,-0.0561
2023-05-23 12:00:33,-0.05906,0.27184,0.36106,0.0,50.0,-0.05906,-0.05807,-0.05807,-0.05807,-0.05807,-0.05709,-0.05807,-0.05709,-0.05807,-0.0561
2023-05-23 12:00:35,-0.06004,0.21346,0.33879,0.0,-104.0,-0.06004,-0.05807,-0.05807,-0.05807,-0.05807,-0.05709,-0.05807,-0.05709,-0.05807,-0.0561
2023-05-23 12:00:37,-0.06004,0.21739,0.34126,0.0,-20.0,-0.06004,-0.05807,-0.05807,-0.05807,-0.05807,-0.05709,-0.05807,-0.05709,-0.05807,-0.0561
2023-05-23 12:00:39,-0.06004,0.2248,0.34614,0.0,0.0,-0.06004,-0.05807,-0.05807,-0.05807,-0.05807,-0.05709,-0.05807,-0.05709,-0.05807,-0.0561
2023-05-23 12:00:41,-0.06004,0.24135,0.35521,1.0,0.0,-0.06004,-0.05807,-0.05807,-0.05807,-0.05807,-0.05709,-0.05807,-0.05709,-0.05807,-0.0561
2023-05-23 12:00:43,-0.06004,0.2416,0.35536,0.0,0.0,-0.06004,-0.05807,-0.05807,-0.05807,-0.05807,-0.05709,-0.05807,-0.05709,-0.05807,-0.0561
2023-05-23 12:00:45,-0.06004,0.14076,0.29943,0.0,0.0,-0.06004,-0.05807,-0.05807,-0.05807,-0.05807,-0.05709,-0.05807,-0.05709,-0.05807,-0.0561
2023-05-23 12:00:47,-0.06004,0.23878,0.35039,0.0,3.0,-0.06004,-0.05807,-0.05807,-0.05807,-0.05807,-0.05709,-0.05807,-0.05709,-0.05807,-0.0561
2023-05-23 12:00:48,-0.06004,0.14395,0.30092,0.0,1.0,-0.06004,-0.05807,-0.05807,-0.05807,-0.05807,-0.05709,-0.05807,-0.05709,-0.05807,-0.0561
2023-05-23 12:00:50,-0.06004,0.16489,0.31067,290.0,0.0,-0.06004,-0.05807,-0.05807,-0.05807,-0.05807,-0.05709,-0.05807,-0.05709,-0.05807,-0.0561
2023-05-23 12:00:52,-0.06102,0.19711,0.34037,0.0,-29.0,-0.06102,-0.05807,-0.05807,-0.05807,-0.05807,-0.05709,-0.05807,-0.05709,-0.05807,-0.0561
2023-05-23 12:00:54,-0.06102,0.19316,0.33755,2.0,990.0,-0.06102,-0.05807,-0.05807,-0.05807,-0.05807,-0.05709,-0.05807,-0.05709,-0.05807,-0.0561
2023-05-23 12:00:56,-0.06102,0.19283,0.33744,0.0,10.0,-0.06102,-0.05807,-0.05807,-0.05807,-0.05807,-0.05709,-0.05807,-0.05709,-0.05807,-0.0561
2023-05-23 12:00:58,-0.06004,0.31873,0.38647,-1008.0,0.0,-0.06004,-0.05807,-0.05807,-0.05807,-0.05807,-0.05709,-0.05807,-0.05709,-0.05807,-0.0561
2023-05-23 12:01:00,-0.05807,0.31947,0.38672,0.0,0.0,-0.05807,-0.05807,-0.05807,-0.05807,-0.05807,-0.05709,-0.05807,-0.05709,-0.05807,-0.0561
2023-05-23 12:01:01,-0.06004,0.16443,0.3228,0.0,0.0,-0.06004,-0.06004,-0.06004,-0.05807,-0.05807,-0.05807,-0.05807,-0.05709,-0.05807,-0.05709
2023-05-23 12:01:03,-0.06004,0.16445,0.32276,-1.0,0.0,-0.06004,-0.06004,-0.06004,-0.05807,-0.05807,-0.05807,-0.05807,-0.05709,-0.05807,-0.05709
2023-05-23 12:01:05,-0.06102,0.16424,0.32274,0.0,5.0,-0.06102,-0.06004,-0.06004,-0.05807,-0.05807,-0.05807,-0.05807,-0.05709,-0.05807,-0.05709
2023-05-23 12:01:07,-0.06102,0.15826,0.31771,0.0,100.0,-0.06102,-0.06004,-0.06004,-0.05807,-0.05807,-0.05807,-0.05807,-0.05709,-0.05807,-0.05709
2023-05-23 12:01:09,-0.06102,0.15868,0.31804,0.0,0.0,-0.06102,-0.06004,-0.06004,-0.05807,-0.05807,-0.05807,-0.05807,-0.05709,-0.05807,-0.05709
2023-05-23 12:01:11,-0.06102,0.17081,0.32336,0.0,14.0,-0.06102,-0.06004,-0.06004,-0.05807,-0.05807,-0.05807,-0.05807,-0.05709,-0.05807,-0.05709
2023-05-23 12:01:13,-0.06102,0.16993,0.32301,0.0,5.0,-0.06102,-0.06004,-0.06004,-0.05807,-0.05807,-0.05807,-0.05807,-0.05709,-0.05807,-0.05709
2023-05-23 12:01:14,-0.06102,0.14773,0.30492,0.0,3.0,-0.06102,-0.06004,-0.06004,-0.05807,-0.05807,-0.05807,-0.05807,-0.05709,-0.05807,-0.05709
2023-05-23 12:01:16,-0.06004,0.25836,0.35156,2657.0,-11313.0,-0.06004,-0.06004,-0.06004,-0.05807,-0.05807,-0.05807,-0.05807,-0.05709,-0.05807,-0.05709
2023-05-23 12:01:18,-0.06004,0.25382,0.34929,0.0,60.0,-0.06004,-0.06004,-0.06004,-0.05807,-0.05807,-0.05807,-0.05807,-0.05709,-0.05807,-0.05709
2023-05-23 12:01:20,-0.06004,0.24374,0.34319,0.0,0.0,-0.06004,-0.06004,-0.06004,-0.05807,-0.05807,-0.05807,-0.05807,-0.05709,-0.05807,-0.05709
2023-05-23 12:01:22,-0.05906,0.23309,0.33913,0.0,3.0,-0.05906,-0.06004,-0.06004,-0.05807,-0.05807,-0.05807,-0.05807,-0.05709,-0.05807,-0.05709
2023-05-23 12:01:24,-0.06004,0.23269,0.33829,0.0,-49.0,-0.06004,-0.06004,-0.06004,-0.05807,-0.05807,-0.05807,-0.05807,-0.05709,-0.05807,-0.05709
2023-05-23 12:01:26,-0.06004,0.22321,0.3325,0.0,10.0,-0.06004,-0.06004,-0.06004,-0.05807,-0.05807,-0.05807,-0.05807,-0.05709,-0.05807,-0.05709
2023-05-23 12:01:27,-0.06004,0.21426,0.329,-450.0,0.0,-0.06004,-0.06004,-0.06004,-0.05807,-0.05807,-0.05807,-0.05807,-0.05709,-0.05807,-0.05709
2023-05-23 12:01:29,-0.06004,0.21363,0.32886,0.0,5.0,-0.06004,-0.06004,-0.06004,-0.05807,-0.05807,-0.05807,-0.05807,-0.05709,-0.05807,-0.05709
2023-05-23 12:01:31,-0.06102,0.18253,0.31003,0.0,6.0,-0.06102,-0.06004,-0.06004,-0.05807,-0.05807,-0.05807,-0.05807,-0.05709,-0.05807,-0.05709
2023-05-23 12:01:33,-0.06102,0.18028,0.30834,0.0,214.0,-0.06102,-0.06004,-0.06004,-0.05807,-0.05807,-0.05807,-0.05807,-0.05709,-0.05807,-0.05709
2023-05-23 12:01:35,-0.06102,0.12936,0.29253,500.0,-636.0,-0.06102,-0.06004,-0.06004,-0.05807,-0.05807,-0.05807,-0.05807,-0.05709,-0.05807,-0.05709
2023-05-23 12:01:37,-0.06102,0.16086,0.3092,-267.0,5.0,-0.06102,-0.06004,-0.06004,-0.05807,-0.05807,-0.05807,-0.05807,-0.05709,-0.05807,-0.05709
2023-05-23 12:01:39,-0.06102,0.16497,0.31296,100.0,10.0,-0.06102,-0.06004,-0.06004,-0.05807,-0.05807,-0.05807,-0.05807,-0.05709,-0.05807,-0.05709
2023-05-23 12:01:40,-0.06102,0.17435,0.31997,0.0,-1195.0,-0.06102,-0.06004,-0.06004,-0.05807,-0.05807,-0.05807,-0.05807,-0.05709,-0.05807,-0.05709
2023-05-23 12:01:42,-0.06004,0.20324,0.33996,-40.0,0.0,-0.06004,-0.06004,-0.06004,-0.05807,-0.05807,-0.05807,-0.05807,-0.05709,-0.05807,-0.05709
2023-05-23 12:01:44,-0.06299,0.12225,0.3665,0.0,0.0,-0.06299,-0.06004,-0.06004,-0.05807,-0.05807,-0.05807,-0.05807,-0.05709,-0.05807,-0.05709
2023-05-23 12:01:46,-0.05906,0.25875,0.42424,0.0,0.0,-0.05906,-0.06004,-0.06004,-0.05807,-0.05807,-0.05807,-0.05807,-0.05709,-0.05807,-0.05709
2023-05-23 12:01:48,-0.06398,0.30796,0.44719,0.0,-7393.0,-0.06398,-0.06004,-0.06004,-0.05807,-0.05807,-0.05807,-0.05807,-0.05709,-0.05807,-0.05709
2023-05-23 12:01:50,-0.05906,0.34585,0.47338,0.0,0.0,-0.05906,-0.06004,-0.06004,-0.05807,-0.05807,-0.05807,-0.05807,-0.05709,-0.05807,-0.05709
2023-05-23 12:01:51,-0.05906,0.59308,0.44602,0.0,100.0,-0.05906,-0.06004,-0.06004,-0.05807,-0.05807,-0.05807,-0.05807,-0.05709,-0.05807,-0.05709
2023-05-23 12:01:53,-0.06102,0.65216,0.45391,0.0,-1000.0,-0.06102,-0.06004,-0.06004,-0.05807,-0.05807,-0.05807,-0.05807,-0.05709,-0.05807,-0.05709
2023-05-23 12:01:55,-0.06102,0.23871,0.44027,0.0,1.0,-0.06102,-0.06004,-0.06004,-0.05807,-0.05807,-0.05807,-0.05807,-0.05709,-0.05807,-0.05709
2023-05-23 12:01:57,-0.06102,0.24209,0.44018,49.0,0.0,-0.06102,-0.06004,-0.06004,-0.05807,-0.05807,-0.05807,-0.05807,-0.05709,-0.05807,-0.05709
2023-05-23 12:01:59,-0.06102,0.26207,0.33694,0.0,0.0,-0.06102,-0.06004,-0.06004,-0.05807,-0.05807,-0.05807,-0.05807,-0.05709,-0.05807,-0.05709
2023-05-23 12:02:01,-0.06102,0.24346,0.32648,0.0,50.0,-0.06102,-0.06102,-0.06102,-0.06004,-0.06004,-0.05807,-0.05807,-0.05807,-0.05807,-0.05709
2023-05-23 12:02:03,-0.06201,0.21888,0.30736,0.0,0.0,-0.06201,-0.06102,-0.06102,-0.06004,-0.06004,-0.05807,-0.05807,-0.05807,-0.05807,-0.05709
2023-05-23 12:02:04,-0.06201,0.22231,0.30799,0.0,7.0,-0.06201,-0.06102,-0.06102,-0.06004,-0.06004,-0.05807,-0.05807,-0.05807,-0.05807,-0.05709
2023-05-23 12:02:06,-0.06201,0.19347,0.29005,0.0,20.0,-0.06201,-0.06102,-0.06102,-0.06004,-0.06004,-0.05807,-0.05807,-0.05807,-0.05807,-0.05709
2023-05-23 12:02:08,-0.06201,0.19353,0.29008,0.0,5.0,-0.06201,-0.06102,-0.06102,-0.06004,-0.06004,-0.05807,-0.05807,-0.05807,-0.05807,-0.05709
2023-05-23 12:02:10,-0.06102,0.18782,0.28453,0.0,30.0,-0.06102,-0.06102,-0.06102,-0.06004,-0.06004,-0.05807,-0.05807,-0.05807,-0.05807,-0.05709
2023-05-23 12:02:12,-0.06201,0.17669,0.2873,0.0,5.0,-0.06201,-0.06102,-0.06102,-0.06004,-0.06004,-0.05807,-0.05807,-0.05807,-0.05807,-0.05709
2023-05-23 12:02:14,-0.06201,0.17788,0.28873,0.0,0.0,-0.06201,-0.06102,-0.06102,-0.06004,-0.06004,-0.05807,-0.05807,-0.05807,-0.05807,-0.05709
2023-05-23 12:02:15,-0.06201,0.18641,0.29341,0.0,1.0,-0.06201,-0.06102,-0.06102,-0.06004,-0.06004,-0.05807,-0.05807,-0.05807,-0.05807,-0.05709
2023-05-23 12:02:17,-0.06201,0.19016,0.2964,0.0,14.0,-0.06201,-0.06102,-0.06102,-0.06004,-0.06004,-0.05807,-0.05807,-0.05807,-0.05807,-0.05709
2023-05-23 12:02:19,-0.06102,0.19927,0.30123,543.0,0.0,-0.06102,-0.06102,-0.06102,-0.06004,-0.06004,-0.05807,-0.05807,-0.05807,-0.05807,-0.05709
2023-05-23 12:02:21,-0.06201,0.20085,0.30241,0.0,-500.0,-0.06201,-0.06102,-0.06102,-0.06004,-0.06004,-0.05807,-0.05807,-0.05807,-0.05807,-0.05709
2023-05-23 12:02:23,-0.06201,0.09776,0.25777,0.0,0.0,-0.06201,-0.06102,-0.06102,-0.06004,-0.06004,-0.05807,-0.05807,-0.05807,-0.05807,-0.05709
2023-05-23 12:02:25,-0.06201,0.10287,0.26568,-30.0,0.0,-0.06201,-0.06102,-0.06102,-0.06004,-0.06004,-0.05807,-0.05807,-0.05807,-0.05807,-0.05709
2023-05-23 12:02:27,-0.06201,0.10206,0.26495,-30.0,0.0,-0.06201,-0.06102,-0.06102,-0.06004,-0.06004,-0.05807,-0.05807,-0.05807,-0.05807,-0.05709
2023-05-23 12:02:28,-0.06201,0.10551,0.26666,0.0,1.0,-0.06201,-0.06102,-0.06102,-0.06004,-0.06004,-0.05807,-0.05807,-0.05807,-0.05807,-0.05709
2023-05-23 12:02:30,-0.06201,0.10595,0.29727,0.0,0.0,-0.06201,-0.06102,-0.06102,-0.06004,-0.06004,-0.05807,-0.05807,-0.05807,-0.05807,-0.05709
2023-05-23 12:02:32,-0.06201,0.10403,0.29607,-30.0,0.0,-0.06201,-0.06102,-0.06102,-0.06004,-0.06004,-0.05807,-0.05807,-0.05807,-0.05807,-0.05709
2023-05-23 12:02:34,-0.06201,0.10675,0.29721,0.0,-500.0,-0.06201,-0.06102,-0.06102,-0.06004,-0.06004,-0.05807,-0.05807,-0.05807,-0.05807,-0.05709
2023-05-23 12:02:36,-0.06201,0.21104,0.3432,0.0,2.0,-0.06201,-0.06102,-0.06102,-0.06004,-0.06004,-0.05807,-0.05807,-0.05807,-0.05807,-0.05709
2023-05-23 12:02:38,-0.06299,0.10283,0.29175,1.0,0.0,-0.06299,-0.06102,-0.06102,-0.06004,-0.06004,-0.05807,-0.05807,-0.05807,-0.05807,-0.05709
2023-05-23 12:02:40,-0.06201,0.09782,0.29049,0.0,0.0,-0.06201,-0.06102,-0.06102,-0.06004,-0.06004,-0.05807,-0.05807,-0.05807,-0.05807,-0.05709
2023-05-23 12:02:41,-0.06201,0.22116,0.34654,3669.0,-7246.0,-0.06201,-0.06102,-0.06102,-0.06004,-0.06004,-0.05807,-0.05807,-0.05807,-0.05807,-0.05709
2023-05-23 12:02:43,-0.06201,0.21622,0.3425,0.0,318.0,-0.06201,-0.06102,-0.06102,-0.06004,-0.06004,-0.05807,-0.05807,-0.05807,-0.05807,-0.05709
2023-05-23 12:02:45,-0.06201,0.30683,0.38948,1.0,0.0,-0.06201,-0.06102,-0.06102,-0.06004,-0.06004,-0.05807,-0.05807,-0.05807,-0.05807,-0.05709
2023-05-23 12:02:47,-0.06201,0.30587,0.38913,0.0,4.0,-0.06201,-0.06102,-0.06102,-0.06004,-0.06004,-0.05807,-0.05807,-0.05807,-0.05807,-0.05709
2023-05-23 12:02:49,-0.06201,0.3034,0.38774,-1.0,40.0,-0.06201,-0.06102,-0.06102,-0.06004,-0.06004,-0.05807,-0.05807,-0.05807,-0.05807,-0.05709
2023-05-23 12:02:51,-0.06102,0.22071,0.32462,-12.0,0.0,-0.06102,-0.06102,-0.06102,-0.06004,-0.06004,-0.05807,-0.05807,-0.05807,-0.05807,-0.05709
2023-05-23 12:02:52,-0.06102,0.21533,0.32094,30.0,0.0,-0.06102,-0.06102,-0.06102,-0.06004,-0.06004,-0.05807,-0.05807,-0.05807,-0.05807,-0.05709
2023-05-23 12:02:54,-0.06102,0.21491,0.31895,0.0,500.0,-0.06102,-0.06102,-0.06102,-0.06004,-0.06004,-0.05807,-0.05807,-0.05807,-0.05807,-0.05709
2023-05-23 12:02:56,-0.06201,0.1634,0.25794,0.0,1.0,-0.06201,-0.06102,-0.06102,-0.06004,-0.06004,-0.05807,-0.05807,-0.05807,-0.05807,-0.05709
2023-05-23 12:02:58,-0.06201,0.1628,0.25757,-50.0,0.0,-0.06201,-0.06102,-0.06102,-0.06004,-0.06004,-0.05807,-0.05807,-0.05807,-0.05807,-0.05709
2023-05-23 12:03:00,-0.06201,0.1605,0.25534,-1.0,0.0,-0.06201,-0.06201,-0.06201,-0.06102,-0.06102,-0.06004,-0.06004,-0.05807,-0.05807,-0.05807
2023-05-23 12:03:02,-0.06201,0.13192,0.22635,0.0,4.0,-0.06201,-0.06201,-0.06201,-0.06102,-0.06102,-0.06004,-0.06004,-0.05807,-0.05807,-0.05807
2023-05-23 12:03:04,-0.06201,0.13217,0.22647,0.0,0.0,-0.06201,-0.06201,-0.06201,-0.06102,-0.06102,-0.06004,-0.06004,-0.05807,-0.05807,-0.05807
2023-05-23 12:03:05,-0.06201,0.12082,0.21904,-1003.0,0.0,-0.06201,-0.06201,-0.06201,-0.06102,-0.06102,-0.06004,-0.06004,-0.05807,-0.05807,-0.05807
2023-05-23 12:03:07,-0.06201,0.14477,0.24619,0.0,1.0,-0.06201,-0.06201,-0.06201,-0.06102,-0.06102,-0.06004,-0.06004,-0.05807,-0.05807,-0.05807
2023-05-23 12:03:09,-0.06004,0.24752,0.27852,0.0,1.0,-0.06004,-0.06201,-0.06201,-0.06102,-0.06102,-0.06004,-0.06004,-0.05807,-0.05807,-0.05807
2023-05-23 12:03:11,-0.06102,0.24769,0.27859,0.0,-50.0,-0.06102,-0.06201,-0.06201,-0.06102,-0.06102,-0.06004,-0.06004,-0.05807,-0.05807,-0.05807
2023-05-23 12:03:13,-0.06102,0.24132,0.27582,0.0,50.0,-0.06102,-0.06201,-0.06201,-0.06102,-0.06102,-0.06004,-0.06004,-0.05807,-0.05807,-0.05807
2023-05-23 12:03:15,-0.06102,0.24018,0.27531,0.0,212.0,-0.06102,-0.06201,-0.06201,-0.06102,-0.06102,-0.06004,-0.06004,-0.05807,-0.05807,-0.05807
2023-05-23 12:03:17,-0.06004,0.24012,0.2753,0.0,0.0,-0.06004,-0.06201,-0.06201,-0.06102,-0.06102,-0.06004,-0.06004,-0.05807,-0.05807,-0.05807
2023-05-23 12:03:18,-0.06004,0.25163,0.27975,0.0,12.0,-0.06004,-0.06201,-0.06201,-0.06102,-0.06102,-0.06004,-0.06004,-0.05807,-0.05807,-0.05807
2023-05-23 12:03:20,-0.06004,0.21607,0.26592,0.0,100.0,-0.06004,-0.06201,-0.06201,-0.06102,-0.06102,-0.06004,-0.06004,-0.05807,-0.05807,-0.05807
2023-05-23 12:03:22,-0.06004,0.20215,0.26176,-200.0,0.0,-0.06004,-0.06201,-0.06201,-0.06102,-0.06102,-0.06004,-0.06004,-0.05807,-0.05807,-0.05807
2023-05-23 12:03:24,-0.06004,0.20215,0.26187,55.0,0.0,-0.06004,-0.06201,-0.06201,-0.06102,-0.06102,-0.06004,-0.06004,-0.05807,-0.05807,-0.05807
2023-05-23 12:03:26,-0.06004,0.18992,0.29162,0.0,-16176.0,-0.06004,-0.06201,-0.06201,-0.06102,-0.06102,-0.06004,-0.06004,-0.05807,-0.05807,-0.05807
2023-05-23 12:03:28,-0.06004,0.35257,0.34308,2968.0,-11545.0,-0.06004,-0.06201,-0.06201,-0.06102,-0.06102,-0.06004,-0.06004,-0.05807,-0.05807,-0.05807
2023-05-23 12:03:30,-0.06004,0.21687,0.3022,0.0,1000.0,-0.06004,-0.06201,-0.06201,-0.06102,-0.06102,-0.06004,-0.06004,-0.05807,-0.05807,-0.05807
2023-05-23 12:03:34,-0.06004,0.21874,0.30251,0.0,1.0,-0.06004,-0.06201,-0.06201,-0.06102,-0.06102,-0.06004,-0.06004,-0.05807,-0.05807,-0.05807
2023-05-23 12:03:35,-0.06004,0.32596,0.30172,1.0,0.0,-0.06004,-0.06201,-0.06201,-0.06102,-0.06102,-0.06004,-0.06004,-0.05807,-0.05807,-0.05807
2023-05-23 12:03:37,-0.06102,0.32307,0.30179,0.0,333.0,-0.06102,-0.06201,-0.06201,-0.06102,-0.06102,-0.06004,-0.06004,-0.05807,-0.05807,-0.05807
2023-05-23 12:03:39,-0.06102,0.32175,0.269,0.0,-24.0,-0.06102,-0.06201,-0.06201,-0.06102,-0.06102,-0.06004,-0.06004,-0.05807,-0.05807,-0.05807
2023-05-23 12:03:41,-0.06102,0.36031,0.27704,0.0,15.0,-0.06102,-0.06201,-0.06201,-0.06102,-0.06102,-0.06004,-0.06004,-0.05807,-0.05807,-0.05807
2023-05-23 12:03:43,-0.06004,0.35582,0.27579,0.0,2.0,-0.06004,-0.06201,-0.06201,-0.06102,-0.06102,-0.06004,-0.06004,-0.05807,-0.05807,-0.05807
2023-05-23 12:03:45,-0.06004,0.347,0.27356,0.0,20.0,-0.06004,-0.06201,-0.06201,-0.06102,-0.06102,-0.06004,-0.06004,-0.05807,-0.05807,-0.05807
2023-05-23 12:03:47,-0.06004,0.32614,0.26843,0.0,0.0,-0.06004,-0.06201,-0.06201,-0.06102,-0.06102,-0.06004,-0.06004,-0.05807,-0.05807,-0.05807
2023-05-23 12:03:48,-0.06004,0.32319,0.26473,0.0,30.0,-0.06004,-0.06201,-0.06201,-0.06102,-0.06102,-0.06004,-0.06004,-0.05807,-0.05807,-0.05807
2023-05-23 12:03:50,-0.06004,0.30255,0.25981,-500.0,0.0,-0.06004,-0.06201,-0.06201,-0.06102,-0.06102,-0.06004,-0.06004,-0.05807,-0.05807,-0.05807
2023-05-23 12:03:52,-0.06004,0.30078,0.25941,0.0,-5.0,-0.06004,-0.06201,-0.06201,-0.06102,-0.06102,-0.06004,-0.06004,-0.05807,-0.05807,-0.05807
2023-05-23 12:03:54,-0.06004,0.30209,0.26021,19.0,0.0,-0.06004,-0.06201,-0.06201,-0.06102,-0.06102,-0.06004,-0.06004,-0.05807,-0.05807,-0.05807
2023-05-23 12:03:56,-0.06004,0.34527,0.26851,-1.0,0.0,-0.06004,-0.06201,-0.06201,-0.06102,-0.06102,-0.06004,-0.06004,-0.05807,-0.05807,-0.05807
2023-05-23 12:03:58,-0.06004,0.89068,0.30918,0.0,1.0,-0.06004,-0.06201,-0.06201,-0.06102,-0.06102,-0.06004,-0.06004,-0.05807,-0.05807,-0.05807
2023-05-23 12:03:59,-0.06201,0.88945,0.30632,0.0,1.0,-0.06201,-0.06201,-0.06201,-0.06102,-0.06102,-0.06004,-0.06004,-0.05807,-0.05807,-0.05807
2023-05-23 12:04:01,-0.06004,0.90051,0.32206,0.0,0.0,-0.06004,-0.06004,-0.06004,-0.06201,-0.06201,-0.06102,-0.06102,-0.06004,-0.06004,-0.05807
2023-05-23 12:04:03,-0.06004,0.31893,0.27434,0.0,1.0,-0.06004,-0.06004,-0.06004,-0.06201,-0.06201,-0.06102,-0.06102,-0.06004,-0.06004,-0.05807
2023-05-23 12:04:05,-0.06004,0.67592,0.30983,0.0,210.0,-0.06004,-0.06004,-0.06004,-0.06201,-0.06201,-0.06102,-0.06102,-0.06004,-0.06004,-0.05807
2023-05-23 12:04:07,-0.06004,0.66603,0.30915,0.0,0.0,-0.06004,-0.06004,-0.06004,-0.06201,-0.06201,-0.06102,-0.06102,-0.06004,-0.06004,-0.05807
2023-05-23 12:04:09,-0.06004,0.61758,0.30565,0.0,0.0,-0.06004,-0.06004,-0.06004,-0.06201,-0.06201,-0.06102,-0.06102,-0.06004,-0.06004,-0.05807
2023-05-23 12:04:11,-0.06004,0.61758,0.30565,0.0,0.0,-0.06004,-0.06004,-0.06004,-0.06201,-0.06201,-0.06102,-0.06102,-0.06004,-0.06004,-0.05807
2023-05-23 12:04:13,-0.06004,0.61597,0.308,0.0,10.0,-0.06004,-0.06004,-0.06004,-0.06201,-0.06201,-0.06102,-0.06102,-0.06004,-0.06004,-0.05807
2023-05-23 12:04:14,-0.06004,0.54178,0.30118,0.0,418.0,-0.06004,-0.06004,-0.06004,-0.06201,-0.06201,-0.06102,-0.06102,-0.06004,-0.06004,-0.05807
2023-05-23 12:04:16,-0.06004,0.56207,0.3039,0.0,-500.0,-0.06004,-0.06004,-0.06004,-0.06201,-0.06201,-0.06102,-0.06102,-0.06004,-0.06004,-0.05807
2023-05-23 12:04:18,-0.06004,0.56207,0.30413,0.0,-106.0,-0.06004,-0.06004,-0.06004,-0.06201,-0.06201,-0.06102,-0.06102,-0.06004,-0.06004,-0.05807
2023-05-23 12:04:20,-0.05906,0.56283,0.30702,400.0,0.0,-0.05906,-0.06004,-0.06004,-0.06201,-0.06201,-0.06102,-0.06102,-0.06004,-0.06004,-0.05807
2023-05-23 12:04:22,-0.05906,0.63753,0.31362,-2.0,1.0,-0.05906,-0.06004,-0.06004,-0.06201,-0.06201,-0.06102,-0.06102,-0.06004,-0.06004,-0.05807
2023-05-23 12:04:24,-0.05906,0.63912,0.31368,0.0,1.0,-0.05906,-0.06004,-0.06004,-0.06201,-0.06201,-0.06102,-0.06102,-0.06004,-0.06004,-0.05807
2023-05-23 12:04:25,-0.05906,0.75559,0.32189,0.0,-4274.0,-0.05906,-0.06004,-0.06004,-0.06201,-0.06201,-0.06102,-0.06102,-0.06004,-0.06004,-0.05807
2023-05-23 12:04:27,-0.06004,0.76773,0.3226,0.0,50.0,-0.06004,-0.06004,-0.06004,-0.06201,-0.06201,-0.06102,-0.06102,-0.06004,-0.06004,-0.05807
2023-05-23 12:04:29,-0.06004,0.76767,0.36669,-1.0,0.0,-0.06004,-0.06004,-0.06004,-0.06201,-0.06201,-0.06102,-0.06102,-0.06004,-0.06004,-0.05807
2023-05-23 12:04:31,-0.06004,0.7279,0.36356,-11.0,-11.0,-0.06004,-0.06004,-0.06004,-0.06201,-0.06201,-0.06102,-0.06102,-0.06004,-0.06004,-0.05807
2023-05-23 12:04:33,-0.06004,0.72943,0.36276,0.0,-5.0,-0.06004,-0.06004,-0.06004,-0.06201,-0.06201,-0.06102,-0.06102,-0.06004,-0.06004,-0.05807
2023-05-23 12:04:35,-0.06004,0.74641,0.36411,0.0,-450.0,-0.06004,-0.06004,-0.06004,-0.06201,-0.06201,-0.06102,-0.06102,-0.06004,-0.06004,-0.05807
2023-05-23 12:04:37,-0.05906,0.74379,0.36097,0.0,1000.0,-0.05906,-0.06004,-0.06004,-0.06201,-0.06201,-0.06102,-0.06102,-0.06004,-0.06004,-0.05807
2023-05-23 12:04:38,-0.05906,0.74379,0.36376,0.0,0.0,-0.05906,-0.06004,-0.06004,-0.06201,-0.06201,-0.06102,-0.06102,-0.06004,-0.06004,-0.05807
2023-05-23 12:04:40,-0.05906,0.7229,0.3621,0.0,0.0,-0.05906,-0.06004,-0.06004,-0.06201,-0.06201,-0.06102,-0.06102,-0.06004,-0.06004,-0.05807
2023-05-23 12:04:42,-0.05906,0.7229,0.3621,0.0,0.0,-0.05906,-0.06004,-0.06004,-0.06201,-0.06201,-0.06102,-0.06102,-0.06004,-0.06004,-0.05807
2023-05-23 12:04:44,-0.05906,0.7797,0.36909,186.0,-207.0,-0.05906,-0.06004,-0.06004,-0.06201,-0.06201,-0.06102,-0.06102,-0.06004,-0.06004,-0.05807
2023-05-23 12:04:46,-0.05906,0.76905,0.36832,0.0,0.0,-0.05906,-0.06004,-0.06004,-0.06201,-0.06201,-0.06102,-0.06102,-0.06004,-0.06004,-0.05807
2023-05-23 12:04:48,-0.05906,0.76905,0.36832,0.0,0.0,-0.05906,-0.06004,-0.06004,-0.06201,-0.06201,-0.06102,-0.06102,-0.06004,-0.06004,-0.05807
2023-05-23 12:04:50,-0.05906,0.75942,0.36758,-1.0,0.0,-0.05906,-0.06004,-0.06004,-0.06201,-0.06201,-0.06102,-0.06102,-0.06004,-0.06004,-0.05807
2023-05-23 12:04:52,-0.05906,0.75942,0.37202,0.0,-1434.0,-0.05906,-0.06004,-0.06004,-0.06201,-0.06201,-0.06102,-0.06102,-0.06004,-0.06004,-0.05807
2023-05-23 12:04:53,-0.05906,0.75937,0.37197,0.0,0.0,-0.05906,-0.06004,-0.06004,-0.06201,-0.06201,-0.06102,-0.06102,-0.06004,-0.06004,-0.05807
2023-05-23 12:04:55,-0.05906,0.75937,0.37197,0.0,0.0,-0.05906,-0.06004,-0.06004,-0.06201,-0.06201,-0.06102,-0.06102,-0.06004,-0.06004,-0.05807
2023-05-23 12:04:57,-0.06004,0.5407,0.34973,0.0,-47.0,-0.06004,-0.06004,-0.06004,-0.06201,-0.06201,-0.06102,-0.06102,-0.06004,-0.06004,-0.05807
2023-05-23 12:04:59,-0.06004,0.54642,0.3508,0.0,-100.0,-0.06004,-0.06004,-0.06004,-0.06201,-0.06201,-0.06102,-0.06102,-0.06004,-0.06004,-0.05807
2023-05-23 12:05:01,-0.06004,0.51837,0.3468,0.0,0.0,-0.06004,-0.06004,-0.06004,-0.06004,-0.06004,-0.06201,-0.06201,-0.06102,-0.06102,-0.06004
2023-05-23 12:05:03,-0.06004,0.53629,0.34939,0.0,0.0,-0.06004,-0.06004,-0.06004,-0.06004,-0.06004,-0.06201,-0.06201,-0.06102,-0.06102,-0.06004
2023-05-23 12:05:05,-0.06004,0.53688,0.34947,0.0,0.0,-0.06004,-0.06004,-0.06004,-0.06004,-0.06004,-0.06201,-0.06201,-0.06102,-0.06102,-0.06004
2023-05-23 12:05:06,-0.06004,0.34099,0.3287,0.0,-817.0,-0.06004,-0.06004,-0.06004,-0.06004,-0.06004,-0.06201,-0.06201,-0.06102,-0.06102,-0.06004
2023-05-23 12:05:08,-0.06004,0.34099,0.3287,0.0,-817.0,-0.06004,-0.06004,-0.06004,-0.06004,-0.06004,-0.06201,-0.06201,-0.06102,-0.06102,-0.06004
2023-05-23 12:05:10,-0.06004,0.34794,0.3309,300.0,0.0,-0.06004,-0.06004,-0.06004,-0.06004,-0.06004,-0.06201,-0.06201,-0.06102,-0.06102,-0.06004
2023-05-23 12:05:12,-0.06102,0.36915,0.33708,0.0,0.0,-0.06102,-0.06004,-0.06004,-0.06004,-0.06004,-0.06201,-0.06201,-0.06102,-0.06102,-0.06004
2023-05-23 12:05:14,-0.06102,0.3664,0.33631,0.0,0.0,-0.06102,-0.06004,-0.06004,-0.06004,-0.06004,-0.06201,-0.06201,-0.06102,-0.06102,-0.06004
2023-05-23 12:05:16,-0.06102,0.45009,0.35662,0.0,-7690.0,-0.06102,-0.06004,-0.06004,-0.06004,-0.06004,-0.06201,-0.06201,-0.06102,-0.06102,-0.06004
2023-05-23 12:05:17,-0.06102,0.44702,0.35419,-189.0,0.0,-0.06102,-0.06004,-0.06004,-0.06004,-0.06004,-0.06201,-0.06201,-0.06102,-0.06102,-0.06004
2023-05-23 12:05:19,-0.06102,0.43761,0.35153,0.0,0.0,-0.06102,-0.06004,-0.06004,-0.06004,-0.06004,-0.06201,-0.06201,-0.06102,-0.06102,-0.06004
2023-05-23 12:05:21,-0.06102,0.43786,0.35158,0.0,-20.0,-0.06102,-0.06004,-0.06004,-0.06004,-0.06004,-0.06201,-0.06201,-0.06102,-0.06102,-0.06004
2023-05-23 12:05:23,-0.06201,0.18547,0.27921,0.0,-2.0,-0.06201,-0.06004,-0.06004,-0.06004,-0.06004,-0.06201,-0.06201,-0.06102,-0.06102,-0.06004
2023-05-23 12:05:25,-0.06102,0.4453,0.35305,0.0,11.0,-0.06102,-0.06004,-0.06004,-0.06004,-0.06004,-0.06201,-0.06201,-0.06102,-0.06102,-0.06004
2023-05-23 12:05:27,-0.06102,0.18462,0.27883,-7853.0,5426.0,-0.06102,-0.06004,-0.06004,-0.06004,-0.06004,-0.06201,-0.06201,-0.06102,-0.06102,-0.06004
2023-05-23 12:05:28,-0.06102,0.18599,0.27839,0.0,0.0,-0.06102,-0.06004,-0.06004,-0.06004,-0.06004,-0.06201,-0.06201,-0.06102,-0.06102,-0.06004
2023-05-23 12:05:30,-0.06102,0.19393,0.27837,0.0,0.0,-0.06102,-0.06004,-0.06004,-0.06004,-0.06004,-0.06201,-0.06201,-0.06102,-0.06102,-0.06004
2023-05-23 12:05:32,-0.06201,0.1957,0.27943,0.0,0.0,-0.06201,-0.06004,-0.06004,-0.06004,-0.06004,-0.06201,-0.06201,-0.06102,-0.06102,-0.06004
2023-05-23 12:05:34,-0.06201,0.19235,0.27742,0.0,610.0,-0.06201,-0.06004,-0.06004,-0.06004,-0.06004,-0.06201,-0.06201,-0.06102,-0.06102,-0.06004
2023-05-23 12:05:36,-0.06201,0.20494,0.28271,0.0,0.0,-0.06201,-0.06004,-0.06004,-0.06004,-0.06004,-0.06201,-0.06201,-0.06102,-0.06102,-0.06004
2023-05-23 12:05:38,-0.06201,0.20372,0.28221,0.0,102.0,-0.06201,-0.06004,-0.06004,-0.06004,-0.06004,-0.06201,-0.06201,-0.06102,-0.06102,-0.06004
2023-05-23 12:05:40,-0.06201,0.20378,0.28223,-2.0,0.0,-0.06201,-0.06004,-0.06004,-0.06004,-0.06004,-0.06201,-0.06201,-0.06102,-0.06102,-0.06004
2023-05-23 12:05:41,-0.06201,0.20093,0.28051,-5.0,795.0,-0.06201,-0.06004,-0.06004,-0.06004,-0.06004,-0.06201,-0.06201,-0.06102,-0.06102,-0.06004
2023-05-23 12:05:43,-0.06201,0.2025,0.28144,0.0,-428.0,-0.06201,-0.06004,-0.06004,-0.06004,-0.06004,-0.06201,-0.06201,-0.06102,-0.06102,-0.06004
2023-05-23 12:05:45,-0.06201,0.20249,0.28142,0.0,1.0,-0.06201,-0.06004,-0.06004,-0.06004,-0.06004,-0.06201,-0.06201,-0.06102,-0.06102,-0.06004
2023-05-23 12:05:47,-0.06201,0.20178,0.28099,0.0,200.0,-0.06201,-0.06004,-0.06004,-0.06004,-0.06004,-0.06201,-0.06201,-0.06102,-0.06102,-0.06004
2023-05-23 12:05:49,-0.06201,0.2,0.27994,0.0,500.0,-0.06201,-0.06004,-0.06004,-0.06004,-0.06004,-0.06201,-0.06201,-0.06102,-0.06102,-0.06004
2023-05-23 12:05:51,-0.06201,0.19993,0.27896,-125.0,0.0,-0.06201,-0.06004,-0.06004,-0.06004,-0.06004,-0.06201,-0.06201,-0.06102,-0.06102,-0.06004
2023-05-23 12:05:53,-0.06201,0.1971,0.27652,0.0,0.0,-0.06201,-0.06004,-0.06004,-0.06004,-0.06004,-0.06201,-0.06201,-0.06102,-0.06102,-0.06004
2023-05-23 12:05:55,-0.06398,0.16622,0.25851,0.0,0.0,-0.06398,-0.06004,-0.06004,-0.06004,-0.06004,-0.06201,-0.06201,-0.06102,-0.06102,-0.06004
2023-05-23 12:05:56,-0.06201,0.16301,0.25612,-3563.0,7716.0,-0.06201,-0.06004,-0.06004,-0.06004,-0.06004,-0.06201,-0.06201,-0.06102,-0.06102,-0.06004
2023-05-23 12:05:58,-0.06201,0.16446,0.25711,0.0,-500.0,-0.06201,-0.06004,-0.06004,-0.06004,-0.06004,-0.06201,-0.06201,-0.06102,-0.06102,-0.06004
2023-05-23 12:06:00,-0.06201,0.17164,0.25769,-413.0,0.0,-0.06201,-0.06004,-0.06004,-0.06004,-0.06004,-0.06004,-0.06004,-0.06201,-0.06201,-0.06102
2023-05-23 12:06:02,-0.06398,0.17174,0.25777,0.0,-54.0,-0.06398,-0.06398,-0.06201,-0.06004,-0.06004,-0.06004,-0.06004,-0.06201,-0.06201,-0.06102
2023-05-23 12:06:04,-0.06201,0.17184,0.2578,0.0,7.0,-0.06201,-0.06398,-0.06201,-0.06004,-0.06004,-0.06004,-0.06004,-0.06201,-0.06201,-0.06102
2023-05-23 12:06:06,-0.06201,0.17168,0.25774,-10.0,0.0,-0.06201,-0.06398,-0.06201,-0.06004,-0.06004,-0.06004,-0.06004,-0.06201,-0.06201,-0.06102
2023-05-23 12:06:07,-0.06201,0.2406,0.28026,300.0,0.0,-0.06201,-0.06398,-0.06201,-0.06004,-0.06004,-0.06004,-0.06004,-0.06201,-0.06201,-0.06102
2023-05-23 12:06:09,-0.06201,0.16547,0.25727,0.0,30.0,-0.06201,-0.06398,-0.06201,-0.06004,-0.06004,-0.06004,-0.06004,-0.06201,-0.06201,-0.06102
2023-05-23 12:06:11,-0.06398,0.18892,0.26995,500.0,0.0,-0.06398,-0.06398,-0.06201,-0.06004,-0.06004,-0.06004,-0.06004,-0.06201,-0.06201,-0.06102
2023-05-23 12:06:13,-0.06398,0.19076,0.27072,175.0,0.0,-0.06398,-0.06398,-0.06201,-0.06004,-0.06004,-0.06004,-0.06004,-0.06201,-0.06201,-0.06102
2023-05-23 12:06:15,-0.06398,0.2625,0.28902,0.0,100.0,-0.06398,-0.06398,-0.06201,-0.06004,-0.06004,-0.06004,-0.06004,-0.06201,-0.06201,-0.06102
2023-05-23 12:06:17,-0.06299,0.2473,0.28087,0.0,1120.0,-0.06299,-0.06398,-0.06201,-0.06004,-0.06004,-0.06004,-0.06004,-0.06201,-0.06201,-0.06102
2023-05-23 12:06:19,-0.06299,0.22824,0.27136,0.0,1.0,-0.06299,-0.06398,-0.06201,-0.06004,-0.06004,-0.06004,-0.06004,-0.06201,-0.06201,-0.06102
2023-05-23 12:06:20,-0.06201,0.22213,0.26893,0.0,50.0,-0.06201,-0.06398,-0.06201,-0.06004,-0.06004,-0.06004,-0.06004,-0.06201,-0.06201,-0.06102
2023-05-23 12:06:22,-0.06201,0.2203,0.26813,0.0,0.0,-0.06201,-0.06398,-0.06201,-0.06004,-0.06004,-0.06004,-0.06004,-0.06201,-0.06201,-0.06102
2023-05-23 12:06:24,-0.06201,0.21867,0.26551,-130.0,1.0,-0.06201,-0.06398,-0.06201,-0.06004,-0.06004,-0.06004,-0.06004,-0.06201,-0.06201,-0.06102
2023-05-23 12:06:26,-0.06299,0.21092,0.26159,-100.0,0.0,-0.06299,-0.06398,-0.06201,-0.06004,-0.06004,-0.06004,-0.06004,-0.06201,-0.06201,-0.06102
2023-05-23 12:06:28,-0.06299,0.24975,0.2782,0.0,50.0,-0.06299,-0.06398,-0.06201,-0.06004,-0.06004,-0.06004,-0.06004,-0.06201,-0.06201,-0.06102
2023-05-23 12:06:30,-0.06201,0.24147,0.28839,0.0,1000.0,-0.06201,-0.06398,-0.06201,-0.06004,-0.06004,-0.06004,-0.06004,-0.06201,-0.06201,-0.06102
2023-05-23 12:06:32,-0.06201,0.23239,0.28299,0.0,3000.0,-0.06201,-0.06398,-0.06201,-0.06004,-0.06004,-0.06004,-0.06004,-0.06201,-0.06201,-0.06102
2023-05-23 12:06:33,-0.06201,0.23295,0.29836,0.0,-600.0,-0.06201,-0.06398,-0.06201,-0.06004,-0.06004,-0.06004,-0.06004,-0.06201,-0.06201,-0.06102
2023-05-23 12:06:35,-0.06299,0.23181,0.29809,0.0,200.0,-0.06299,-0.06398,-0.06201,-0.06004,-0.06004,-0.06004,-0.06004,-0.06201,-0.06201,-0.06102
2023-05-23 12:06:37,-0.06201,0.23889,0.30116,0.0,10.0,-0.06201,-0.06398,-0.06201,-0.06004,-0.06004,-0.06004,-0.06004,-0.06201,-0.06201,-0.06102
2023-05-23 12:06:40,-0.06201,0.2333,0.29817,0.0,0.0,-0.06201,-0.06398,-0.06201,-0.06004,-0.06004,-0.06004,-0.06004,-0.06201,-0.06201,-0.06102
2023-05-23 12:06:43,-0.06201,0.23187,0.29777,-9.0,0.0,-0.06201,-0.06398,-0.06201,-0.06004,-0.06004,-0.06004,-0.06004,-0.06201,-0.06201,-0.06102
2023-05-23 12:06:45,-0.06299,0.23066,0.29743,0.0,211.0,-0.06299,-0.06398,-0.06201,-0.06004,-0.06004,-0.06004,-0.06004,-0.06201,-0.06201,-0.06102
2023-05-23 12:06:47,-0.06201,0.22549,0.29527,0.0,30.0,-0.06201,-0.06398,-0.06201,-0.06004,-0.06004,-0.06004,-0.06004,-0.06201,-0.06201,-0.06102
2023-05-23 12:06:48,-0.06299,0.22507,0.29525,0.0,-500.0,-0.06299,-0.06398,-0.06201,-0.06004,-0.06004,-0.06004,-0.06004,-0.06201,-0.06201,-0.06102
2023-05-23 12:06:50,-0.06201,0.22299,0.29538,0.0,3.0,-0.06201,-0.06398,-0.06201,-0.06004,-0.06004,-0.06004,-0.06004,-0.06201,-0.06201,-0.06102
2023-05-23 12:06:52,-0.06201,0.2235,0.29544,-1.0,0.0,-0.06201,-0.06398,-0.06201,-0.06004,-0.06004,-0.06004,-0.06004,-0.06201,-0.06201,-0.06102
2023-05-23 12:06:54,-0.06299,0.22184,0.29467,0.0,29.0,-0.06299,-0.06398,-0.06201,-0.06004,-0.06004,-0.06004,-0.06004,-0.06201,-0.06201,-0.06102
2023-05-23 12:06:56,-0.06201,0.22924,0.29794,0.0,-1.0,-0.06201,-0.06398,-0.06201,-0.06004,-0.06004,-0.06004,-0.06004,-0.06201,-0.06201,-0.06102
2023-05-23 12:06:58,-0.06299,0.22539,0.29592,0.0,50.0,-0.06299,-0.06398,-0.06201,-0.06004,-0.06004,-0.06004,-0.06004,-0.06201,-0.06201,-0.06102
2023-05-23 12:07:00,-0.06299,0.22304,0.29499,-100.0,-1.0,-0.06299,-0.06398,-0.06201,-0.06004,-0.06004,-0.06004,-0.06004,-0.06201,-0.06201,-0.06102
2023-05-23 12:07:01,-0.06201,0.23592,0.30074,161.0,0.0,-0.06201,-0.06201,-0.06299,-0.06398,-0.06201,-0.06004,-0.06004,-0.06004,-0.06004,-0.06201
2023-05-23 12:07:03,-0.06299,0.23542,0.30046,0.0,235.0,-0.06299,-0.06201,-0.06299,-0.06398,-0.06201,-0.06004,-0.06004,-0.06004,-0.06004,-0.06201
2023-05-23 12:07:05,-0.06201,0.24888,0.30648,-1.0,0.0,-0.06201,-0.06201,-0.06299,-0.06398,-0.06201,-0.06004,-0.06004,-0.06004,-0.06004,-0.06201
2023-05-23 12:07:07,-0.06201,0.21404,0.29045,-53.0,30.0,-0.06201,-0.06201,-0.06299,-0.06398,-0.06201,-0.06004,-0.06004,-0.06004,-0.06004,-0.06201
2023-05-23 12:07:09,-0.06201,0.20683,0.26943,0.0,16227.0,-0.06201,-0.06201,-0.06299,-0.06398,-0.06201,-0.06004,-0.06004,-0.06004,-0.06004,-0.06201
2023-05-23 12:07:11,-0.06201,0.1981,0.26603,-20.0,-20.0,-0.06201,-0.06201,-0.06299,-0.06398,-0.06201,-0.06004,-0.06004,-0.06004,-0.06004,-0.06201
2023-05-23 12:07:13,-0.06201,0.195,0.26407,-100.0,0.0,-0.06201,-0.06201,-0.06299,-0.06398,-0.06201,-0.06004,-0.06004,-0.06004,-0.06004,-0.06201
2023-05-23 12:07:14,-0.06299,0.19256,0.26385,0.0,421.0,-0.06299,-0.06201,-0.06299,-0.06398,-0.06201,-0.06004,-0.06004,-0.06004,-0.06004,-0.06201
2023-05-23 12:07:16,-0.06201,0.19103,0.26321,0.0,-1.0,-0.06201,-0.06201,-0.06299,-0.06398,-0.06201,-0.06004,-0.06004,-0.06004,-0.06004,-0.06201
2023-05-23 12:07:18,-0.06201,0.32848,0.30539,0.0,0.0,-0.06201,-0.06201,-0.06299,-0.06398,-0.06201,-0.06004,-0.06004,-0.06004,-0.06004,-0.06201
2023-05-23 12:07:20,-0.06201,0.3267,0.30482,0.0,-1.0,-0.06201,-0.06201,-0.06299,-0.06398,-0.06201,-0.06004,-0.06004,-0.06004,-0.06004,-0.06201
2023-05-23 12:07:22,-0.06102,0.33027,0.34382,20.0,0.0,-0.06102,-0.06201,-0.06299,-0.06398,-0.06201,-0.06004,-0.06004,-0.06004,-0.06004,-0.06201
2023-05-23 12:07:24,-0.06201,0.32771,0.34272,0.0,0.0,-0.06201,-0.06201,-0.06299,-0.06398,-0.06201,-0.06004,-0.06004,-0.06004,-0.06004,-0.06201
2023-05-23 12:07:25,-0.06102,0.72311,0.37822,0.0,2589.0,-0.06102,-0.06201,-0.06299,-0.06398,-0.06201,-0.06004,-0.06004,-0.06004,-0.06004,-0.06201
2023-05-23 12:07:27,-0.06004,0.37278,0.37572,0.0,-4044.0,-0.06004,-0.06201,-0.06299,-0.06398,-0.06201,-0.06004,-0.06004,-0.06004,-0.06004,-0.06201
2023-05-23 12:07:29,-0.06201,0.38044,0.37863,0.0,0.0,-0.06201,-0.06201,-0.06299,-0.06398,-0.06201,-0.06004,-0.06004,-0.06004,-0.06004,-0.06201
2023-05-23 12:07:31,-0.06004,0.37206,0.37545,0.0,0.0,-0.06004,-0.06201,-0.06299,-0.06398,-0.06201,-0.06004,-0.06004,-0.06004,-0.06004,-0.06201
2023-05-23 12:07:33,-0.06004,0.36747,0.37367,0.0,3.0,-0.06004,-0.06201,-0.06299,-0.06398,-0.06201,-0.06004,-0.06004,-0.06004,-0.06004,-0.06201
2023-05-23 12:07:35,-0.06004,0.33509,0.36033,0.0,25.0,-0.06004,-0.06201,-0.06299,-0.06398,-0.06201,-0.06004,-0.06004,-0.06004,-0.06004,-0.06201
2023-05-23 12:07:37,-0.06004,0.33447,0.35926,0.0,92.0,-0.06004,-0.06201,-0.06299,-0.06398,-0.06201,-0.06004,-0.06004,-0.06004,-0.06004,-0.06201
2023-05-23 12:07:38,-0.06201,0.4131,0.39109,3700.0,0.0,-0.06201,-0.06201,-0.06299,-0.06398,-0.06201,-0.06004,-0.06004,-0.06004,-0.06004,-0.06201
2023-05-23 12:07:40,-0.06201,0.41303,0.39106,0.0,0.0,-0.06201,-0.06201,-0.06299,-0.06398,-0.06201,-0.06004,-0.06004,-0.06004,-0.06004,-0.06201
2023-05-23 12:07:42,-0.06201,0.44727,0.40357,0.0,-4075.0,-0.06201,-0.06201,-0.06299,-0.06398,-0.06201,-0.06004,-0.06004,-0.06004,-0.06004,-0.06201
2023-05-23 12:07:44,-0.06201,0.46171,0.40894,0.0,0.0,-0.06201,-0.06201,-0.06299,-0.06398,-0.06201,-0.06004,-0.06004,-0.06004,-0.06004,-0.06201
2023-05-23 12:07:46,-0.06201,0.46178,0.40896,0.0,-18.0,-0.06201,-0.06201,-0.06299,-0.06398,-0.06201,-0.06004,-0.06004,-0.06004,-0.06004,-0.06201
2023-05-23 12:07:48,-0.06201,0.39817,0.37114,300.0,0.0,-0.06201,-0.06201,-0.06299,-0.06398,-0.06201,-0.06004,-0.06004,-0.06004,-0.06004,-0.06201
2023-05-23 12:07:49,-0.06299,0.28099,0.33883,0.0,-903.0,-0.06299,-0.06201,-0.06299,-0.06398,-0.06201,-0.06004,-0.06004,-0.06004,-0.06004,-0.06201
2023-05-23 12:07:51,-0.06299,0.26996,0.33343,-267.0,0.0,-0.06299,-0.06201,-0.06299,-0.06398,-0.06201,-0.06004,-0.06004,-0.06004,-0.06004,-0.06201
2023-05-23 12:07:53,-0.06299,0.27994,0.34288,0.0,230.0,-0.06299,-0.06201,-0.06299,-0.06398,-0.06201,-0.06004,-0.06004,-0.06004,-0.06004,-0.06201
2023-05-23 12:07:55,-0.06299,0.28248,0.34412,100.0,0.0,-0.06299,-0.06201,-0.06299,-0.06398,-0.06201,-0.06004,-0.06004,-0.06004,-0.06004,-0.06201
2023-05-23 12:07:57,-0.06299,0.28297,0.34441,0.0,-88.0,-0.06299,-0.06201,-0.06299,-0.06398,-0.06201,-0.06004,-0.06004,-0.06004,-0.06004,-0.06201
2023-05-23 12:07:59,-0.06299,0.29298,0.34885,1323.0,0.0,-0.06299,-0.06201,-0.06299,-0.06398,-0.06201,-0.06004,-0.06004,-0.06004,-0.06004,-0.06201
2023-05-23 12:08:00,-0.06299,0.29715,0.35103,0.0,-228.0,-0.06299,-0.06299,-0.06299,-0.06201,-0.06299,-0.06398,-0.06201,-0.06004,-0.06004,-0.06004
2023-05-23 12:08:02,-0.06299,0.30641,0.36323,0.0,0.0,-0.06299,-0.06299,-0.06299,-0.06201,-0.06299,-0.06398,-0.06201,-0.06004,-0.06004,-0.06004
2023-05-23 12:08:04,-0.06299,0.31384,0.36484,0.0,900.0,-0.06299,-0.06299,-0.06299,-0.06201,-0.06299,-0.06398,-0.06201,-0.06004,-0.06004,-0.06004
2023-05-23 12:08:06,-0.06299,0.31756,0.36665,0.0,2.0,-0.06299,-0.06299,-0.06299,-0.06201,-0.06299,-0.06398,-0.06201,-0.06004,-0.06004,-0.06004
2023-05-23 12:08:08,-0.06201,0.32114,0.36715,0.0,148.0,-0.06201,-0.06299,-0.06299,-0.06201,-0.06299,-0.06398,-0.06201,-0.06004,-0.06004,-0.06004
2023-05-23 12:08:10,-0.06398,0.24987,0.35427,0.0,-500.0,-0.06398,-0.06299,-0.06299,-0.06201,-0.06299,-0.06398,-0.06201,-0.06004,-0.06004,-0.06004
2023-05-23 12:08:12,-0.06201,0.32721,0.37196,0.0,-7915.0,-0.06201,-0.06299,-0.06299,-0.06201,-0.06299,-0.06398,-0.06201,-0.06004,-0.06004,-0.06004
2023-05-23 12:08:13,-0.06398,0.24378,0.35104,0.0,42.0,-0.06398,-0.06299,-0.06299,-0.06201,-0.06299,-0.06398,-0.06201,-0.06004,-0.06004,-0.06004
2023-05-23 12:08:15,-0.06398,0.20286,0.28675,0.0,0.0,-0.06398,-0.06299,-0.06299,-0.06201,-0.06299,-0.06398,-0.06201,-0.06004,-0.06004,-0.06004
2023-05-23 12:08:17,-0.06201,0.15249,0.26373,0.0,6.0,-0.06201,-0.06299,-0.06299,-0.06201,-0.06299,-0.06398,-0.06201,-0.06004,-0.06004,-0.06004
2023-05-23 12:08:19,-0.06299,0.27914,0.30997,5343.0,-8034.0,-0.06299,-0.06299,-0.06299,-0.06201,-0.06299,-0.06398,-0.06201,-0.06004,-0.06004,-0.06004
2023-05-23 12:08:21,-0.06299,0.27112,0.30668,0.0,-200.0,-0.06299,-0.06299,-0.06299,-0.06201,-0.06299,-0.06398,-0.06201,-0.06004,-0.06004,-0.06004
2023-05-23 12:08:23,-0.06299,0.27182,0.30701,0.0,-202.0,-0.06299,-0.06299,-0.06299,-0.06201,-0.06299,-0.06398,-0.06201,-0.06004,-0.06004,-0.06004
2023-05-23 12:08:24,-0.06299,0.27175,0.30697,0.0,0.0,-0.06299,-0.06299,-0.06299,-0.06201,-0.06299,-0.06398,-0.06201,-0.06004,-0.06004,-0.06004
2023-05-23 12:08:26,-0.06299,0.27736,0.31216,0.0,-60.0,-0.06299,-0.06299,-0.06299,-0.06201,-0.06299,-0.06398,-0.06201,-0.06004,-0.06004,-0.06004
2023-05-23 12:08:28,-0.06299,0.1438,0.26474,400.0,0.0,-0.06299,-0.06299,-0.06299,-0.06201,-0.06299,-0.06398,-0.06201,-0.06004,-0.06004,-0.06004
2023-05-23 12:08:30,-0.06299,0.14371,0.2647,-7.0,0.0,-0.06299,-0.06299,-0.06299,-0.06201,-0.06299,-0.06398,-0.06201,-0.06004,-0.06004,-0.06004
2023-05-23 12:08:32,-0.06398,0.12708,0.25637,-1500.0,-230.0,-0.06398,-0.06299,-0.06299,-0.06201,-0.06299,-0.06398,-0.06201,-0.06004,-0.06004,-0.06004
2023-05-23 12:08:34,-0.06299,0.24606,0.3014,0.0,-1.0,-0.06299,-0.06299,-0.06299,-0.06201,-0.06299,-0.06398,-0.06201,-0.06004,-0.06004,-0.06004
2023-05-23 12:08:36,-0.06398,0.25602,0.30644,0.0,-2688.0,-0.06398,-0.06299,-0.06299,-0.06201,-0.06299,-0.06398,-0.06201,-0.06004,-0.06004,-0.06004
2023-05-23 12:08:37,-0.06398,0.25601,0.30644,0.0,1.0,-0.06398,-0.06299,-0.06299,-0.06201,-0.06299,-0.06398,-0.06201,-0.06004,-0.06004,-0.06004
2023-05-23 12:08:39,-0.06398,0.25487,0.30642,56.0,0.0,-0.06398,-0.06299,-0.06299,-0.06201,-0.06299,-0.06398,-0.06201,-0.06004,-0.06004,-0.06004
2023-05-23 12:08:41,-0.06299,0.25539,0.30665,0.0,15.0,-0.06299,-0.06299,-0.06299,-0.06201,-0.06299,-0.06398,-0.06201,-0.06004,-0.06004,-0.06004
2023-05-23 12:08:43,-0.06299,0.25525,0.3097,0.0,100.0,-0.06299,-0.06299,-0.06299,-0.06201,-0.06299,-0.06398,-0.06201,-0.06004,-0.06004,-0.06004
2023-05-23 12:08:45,-0.06299,0.25512,0.30957,0.0,54.0,-0.06299,-0.06299,-0.06299,-0.06201,-0.06299,-0.06398,-0.06201,-0.06004,-0.06004,-0.06004
2023-05-23 12:08:47,-0.06398,0.19366,0.26452,20.0,0.0,-0.06398,-0.06299,-0.06299,-0.06201,-0.06299,-0.06398,-0.06201,-0.06004,-0.06004,-0.06004
2023-05-23 12:08:49,-0.06299,0.25686,0.31044,0.0,20.0,-0.06299,-0.06299,-0.06299,-0.06201,-0.06299,-0.06398,-0.06201,-0.06004,-0.06004,-0.06004
2023-05-23 12:08:50,-0.06201,0.25807,0.31104,-1.0,-342.0,-0.06201,-0.06299,-0.06299,-0.06201,-0.06299,-0.06398,-0.06201,-0.06004,-0.06004,-0.06004
2023-05-23 12:08:52,-0.06201,0.25805,0.31103,0.0,4.0,-0.06201,-0.06299,-0.06299,-0.06201,-0.06299,-0.06398,-0.06201,-0.06004,-0.06004,-0.06004
2023-05-23 12:08:54,-0.06299,0.18795,0.26159,-300.0,0.0,-0.06299,-0.06299,-0.06299,-0.06201,-0.06299,-0.06398,-0.06201,-0.06004,-0.06004,-0.06004
2023-05-23 12:08:56,-0.06299,0.18602,0.26083,-10.0,0.0,-0.06299,-0.06299,-0.06299,-0.06201,-0.06299,-0.06398,-0.06201,-0.06004,-0.06004,-0.06004
2023-05-23 12:08:58,-0.06398,0.18768,0.26309,200.0,0.0,-0.06398,-0.06299,-0.06299,-0.06201,-0.06299,-0.06398,-0.06201,-0.06004,-0.06004,-0.06004
2023-05-23 12:09:00,-0.06398,0.18881,0.26389,0.0,0.0,-0.06398,-0.06299,-0.06299,-0.06299,-0.06299,-0.06201,-0.06299,-0.06398,-0.06201,-0.06004
2023-05-23 12:09:02,-0.06299,0.25373,0.3109,0.0,15.0,-0.06299,-0.06299,-0.06398,-0.06299,-0.06299,-0.06201,-0.06299,-0.06398,-0.06201,-0.06004
2023-05-23 12:09:03,-0.06299,0.2537,0.31089,0.0,-10.0,-0.06299,-0.06299,-0.06398,-0.06299,-0.06299,-0.06201,-0.06299,-0.06398,-0.06201,-0.06004
2023-05-23 12:09:05,-0.06299,0.25363,0.31085,0.0,10.0,-0.06299,-0.06299,-0.06398,-0.06299,-0.06299,-0.06201,-0.06299,-0.06398,-0.06201,-0.06004
2023-05-23 12:09:07,-0.06201,0.25184,0.30996,1.0,0.0,-0.06201,-0.06299,-0.06398,-0.06299,-0.06299,-0.06201,-0.06299,-0.06398,-0.06201,-0.06004
2023-05-23 12:09:09,-0.06299,0.25034,0.30923,0.0,102.0,-0.06299,-0.06299,-0.06398,-0.06299,-0.06299,-0.06201,-0.06299,-0.06398,-0.06201,-0.06004
2023-05-23 12:09:11,-0.06299,0.23409,0.2863,-1566.0,7443.0,-0.06299,-0.06299,-0.06398,-0.06299,-0.06299,-0.06201,-0.06299,-0.06398,-0.06201,-0.06004
2023-05-23 12:09:13,-0.06299,0.22767,0.28314,250.0,0.0,-0.06299,-0.06299,-0.06398,-0.06299,-0.06299,-0.06201,-0.06299,-0.06398,-0.06201,-0.06004
2023-05-23 12:09:15,-0.06299,0.22729,0.28305,-30.0,0.0,-0.06299,-0.06299,-0.06398,-0.06299,-0.06299,-0.06201,-0.06299,-0.06398,-0.06201,-0.06004
2023-05-23 12:09:16,-0.06299,0.22754,0.28321,0.0,-114.0,-0.06299,-0.06299,-0.06398,-0.06299,-0.06299,-0.06201,-0.06299,-0.06398,-0.06201,-0.06004
2023-05-23 12:09:18,-0.06299,0.22762,0.28385,0.0,20.0,-0.06299,-0.06299,-0.06398,-0.06299,-0.06299,-0.06201,-0.06299,-0.06398,-0.06201,-0.06004
2023-05-23 12:09:20,-0.06299,0.22762,0.28342,0.0,50.0,-0.06299,-0.06299,-0.06398,-0.06299,-0.06299,-0.06201,-0.06299,-0.06398,-0.06201,-0.06004
2023-05-23 12:09:22,-0.06299,0.22688,0.28344,-35.0,0.0,-0.06299,-0.06299,-0.06398,-0.06299,-0.06299,-0.06201,-0.06299,-0.06398,-0.06201,-0.06004
2023-05-23 12:09:24,-0.06299,0.22701,0.28352,0.0,-46.0,-0.06299,-0.06299,-0.06398,-0.06299,-0.06299,-0.06201,-0.06299,-0.06398,-0.06201,-0.06004
2023-05-23 12:09:26,-0.06299,0.22703,0.28352,0.0,0.0,-0.06299,-0.06299,-0.06398,-0.06299,-0.06299,-0.06201,-0.06299,-0.06398,-0.06201,-0.06004
2023-05-23 12:09:28,-0.06398,0.22538,0.28273,0.0,-10.0,-0.06398,-0.06299,-0.06398,-0.06299,-0.06299,-0.06201,-0.06299,-0.06398,-0.06201,-0.06004
2023-05-23 12:09:29,-0.06398,0.24375,0.29177,0.0,0.0,-0.06398,-0.06299,-0.06398,-0.06299,-0.06299,-0.06201,-0.06299,-0.06398,-0.06201,-0.06004
2023-05-23 12:09:31,-0.06398,0.2462,0.29178,0.0,0.0,-0.06398,-0.06299,-0.06398,-0.06299,-0.06299,-0.06201,-0.06299,-0.06398,-0.06201,-0.06004
2023-05-23 12:09:33,-0.06398,0.24589,0.29161,1.0,0.0,-0.06398,-0.06299,-0.06398,-0.06299,-0.06299,-0.06201,-0.06299,-0.06398,-0.06201,-0.06004
2023-05-23 12:09:35,-0.06398,0.25901,0.29793,0.0,-2747.0,-0.06398,-0.06299,-0.06398,-0.06299,-0.06299,-0.06201,-0.06299,-0.06398,-0.06201,-0.06004
2023-05-23 12:09:37,-0.06398,0.26432,0.30156,0.0,-91.0,-0.06398,-0.06299,-0.06398,-0.06299,-0.06299,-0.06201,-0.06299,-0.06398,-0.06201,-0.06004
2023-05-23 12:09:39,-0.06299,0.25464,0.29802,-91.0,0.0,-0.06299,-0.06299,-0.06398,-0.06299,-0.06299,-0.06201,-0.06299,-0.06398,-0.06201,-0.06004
2023-05-23 12:09:41,-0.06398,0.24284,0.293,0.0,0.0,-0.06398,-0.06299,-0.06398,-0.06299,-0.06299,-0.06201,-0.06299,-0.06398,-0.06201,-0.06004
2023-05-23 12:09:42,-0.06398,0.25494,0.2995,0.0,-2500.0,-0.06398,-0.06299,-0.06398,-0.06299,-0.06299,-0.06201,-0.06299,-0.06398,-0.06201,-0.06004
2023-05-23 12:09:44,-0.06496,0.21501,0.29566,160.0,0.0,-0.06496,-0.06299,-0.06398,-0.06299,-0.06299,-0.06201,-0.06299,-0.06398,-0.06201,-0.06004
2023-05-23 12:09:46,-0.06496,0.21973,0.2975,0.0,-20.0,-0.06496,-0.06299,-0.06398,-0.06299,-0.06299,-0.06201,-0.06299,-0.06398,-0.06201,-0.06004
2023-05-23 12:09:49,-0.06496,0.23803,0.30418,0.0,470.0,-0.06496,-0.06299,-0.06398,-0.06299,-0.06299,-0.06201,-0.06299,-0.06398,-0.06201,-0.06004
2023-05-23 12:09:52,-0.06496,0.30582,0.32139,0.0,0.0,-0.06496,-0.06299,-0.06398,-0.06299,-0.06299,-0.06201,-0.06299,-0.06398,-0.06201,-0.06004
2023-05-23 12:09:54,-0.06496,0.32021,0.32671,0.0,10.0,-0.06496,-0.06299,-0.06398,-0.06299,-0.06299,-0.06201,-0.06299,-0.06398,-0.06201,-0.06004
2023-05-23 12:09:56,-0.06496,0.33563,0.3322,0.0,0.0,-0.06496,-0.06299,-0.06398,-0.06299,-0.06299,-0.06201,-0.06299,-0.06398,-0.06201,-0.06004
2023-05-23 12:09:57,-0.06496,0.33276,0.33125,0.0,-30.0,-0.06496,-0.06299,-0.06398,-0.06299,-0.06299,-0.06201,-0.06299,-0.06398,-0.06201,-0.06004
2023-05-23 12:09:59,-0.06398,0.36807,0.34203,0.0,-12.0,-0.06398,-0.06398,-0.06398,-0.06299,-0.06299,-0.06201,-0.06299,-0.06398,-0.06201,-0.06004
2023-05-23 12:10:01,-0.06496,0.37538,0.34397,0.0,-650.0,-0.06496,-0.06496,-0.06496,-0.06299,-0.06398,-0.06299,-0.06299,-0.06201,-0.06299,-0.06398
2023-05-23 12:10:03,-0.06496,0.37634,0.26771,0.0,10.0,-0.06496,-0.06496,-0.06496,-0.06299,-0.06398,-0.06299,-0.06299,-0.06201,-0.06299,-0.06398
2023-05-23 12:10:05,-0.06594,0.39157,0.27008,0.0,20.0,-0.06594,-0.06496,-0.06496,-0.06299,-0.06398,-0.06299,-0.06299,-0.06201,-0.06299,-0.06398
2023-05-23 12:10:07,-0.06594,0.39153,0.27029,38.0,0.0,-0.06594,-0.06496,-0.06496,-0.06299,-0.06398,-0.06299,-0.06299,-0.06201,-0.06299,-0.06398
2023-05-23 12:10:09,-0.06594,0.40077,0.27215,20.0,1.0,-0.06594,-0.06496,-0.06496,-0.06299,-0.06398,-0.06299,-0.06299,-0.06201,-0.06299,-0.06398
2023-05-23 12:10:11,-0.06594,0.37321,0.27216,0.0,0.0,-0.06594,-0.06496,-0.06496,-0.06299,-0.06398,-0.06299,-0.06299,-0.06201,-0.06299,-0.06398
2023-05-23 12:10:12,-0.06594,0.4409,0.29486,0.0,60.0,-0.06594,-0.06496,-0.06496,-0.06299,-0.06398,-0.06299,-0.06299,-0.06201,-0.06299,-0.06398
2023-05-23 12:10:14,-0.06693,0.42205,0.28114,-4125.0,0.0,-0.06693,-0.06496,-0.06496,-0.06299,-0.06398,-0.06299,-0.06299,-0.06201,-0.06299,-0.06398
2023-05-23 12:10:16,-0.06693,0.44332,0.28866,-50.0,0.0,-0.06693,-0.06496,-0.06496,-0.06299,-0.06398,-0.06299,-0.06299,-0.06201,-0.06299,-0.06398
2023-05-23 12:10:18,-0.06693,0.44865,0.29061,329.0,0.0,-0.06693,-0.06496,-0.06496,-0.06299,-0.06398,-0.06299,-0.06299,-0.06201,-0.06299,-0.06398
2023-05-23 12:10:20,-0.06594,0.45198,0.29345,632.0,0.0,-0.06594,-0.06496,-0.06496,-0.06299,-0.06398,-0.06299,-0.06299,-0.06201,-0.06299,-0.06398
2023-05-23 12:10:22,-0.06594,0.45533,0.29433,0.0,0.0,-0.06594,-0.06496,-0.06496,-0.06299,-0.06398,-0.06299,-0.06299,-0.06201,-0.06299,-0.06398
2023-05-23 12:10:24,-0.06594,0.45989,0.29791,0.0,0.0,-0.06594,-0.06496,-0.06496,-0.06299,-0.06398,-0.06299,-0.06299,-0.06201,-0.06299,-0.06398
2023-05-23 12:10:26,-0.06594,0.47557,0.3034,0.0,100.0,-0.06594,-0.06496,-0.06496,-0.06299,-0.06398,-0.06299,-0.06299,-0.06201,-0.06299,-0.06398
2023-05-23 12:10:27,-0.06594,0.53068,0.32384,0.0,0.0,-0.06594,-0.06496,-0.06496,-0.06299,-0.06398,-0.06299,-0.06299,-0.06201,-0.06299,-0.06398
2023-05-23 12:10:29,-0.06594,0.47091,0.29973,-100.0,1.0,-0.06594,-0.06496,-0.06496,-0.06299,-0.06398,-0.06299,-0.06299,-0.06201,-0.06299,-0.06398
2023-05-23 12:10:31,-0.06693,0.47246,0.29392,0.0,-46.0,-0.06693,-0.06496,-0.06496,-0.06299,-0.06398,-0.06299,-0.06299,-0.06201,-0.06299,-0.06398
2023-05-23 12:10:33,-0.06693,0.54193,0.31199,0.0,-1500.0,-0.06693,-0.06496,-0.06496,-0.06299,-0.06398,-0.06299,-0.06299,-0.06201,-0.06299,-0.06398
2023-05-23 12:10:35,-0.06693,0.28756,0.26758,0.0,50.0,-0.06693,-0.06496,-0.06496,-0.06299,-0.06398,-0.06299,-0.06299,-0.06201,-0.06299,-0.06398
2023-05-23 12:10:37,-0.06693,0.29056,0.26893,309.0,0.0,-0.06693,-0.06496,-0.06496,-0.06299,-0.06398,-0.06299,-0.06299,-0.06201,-0.06299,-0.06398
2023-05-23 12:10:38,-0.06693,0.36493,0.25741,200.0,0.0,-0.06693,-0.06496,-0.06496,-0.06299,-0.06398,-0.06299,-0.06299,-0.06201,-0.06299,-0.06398
2023-05-23 12:10:40,-0.06791,0.36484,0.25717,0.0,-2.0,-0.06791,-0.06496,-0.06496,-0.06299,-0.06398,-0.06299,-0.06299,-0.06201,-0.06299,-0.06398
2023-05-23 12:10:42,-0.06693,0.38264,0.26066,0.0,0.0,-0.06693,-0.06496,-0.06496,-0.06299,-0.06398,-0.06299,-0.06299,-0.06201,-0.06299,-0.06398
2023-05-23 12:10:44,-0.06791,0.35602,0.2562,0.0,100.0,-0.06791,-0.06496,-0.06496,-0.06299,-0.06398,-0.06299,-0.06299,-0.06201,-0.06299,-0.06398
2023-05-23 12:10:46,-0.06791,0.38889,0.26557,0.0,-1.0,-0.06791,-0.06496,-0.06496,-0.06299,-0.06398,-0.06299,-0.06299,-0.06201,-0.06299,-0.06398
2023-05-23 12:10:48,-0.06791,0.35877,0.25739,-954.0,0.0,-0.06791,-0.06496,-0.06496,-0.06299,-0.06398,-0.06299,-0.06299,-0.06201,-0.06299,-0.06398
2023-05-23 12:10:50,-0.06791,0.34894,0.25153,-1000.0,0.0,-0.06791,-0.06496,-0.06496,-0.06299,-0.06398,-0.06299,-0.06299,-0.06201,-0.06299,-0.06398
2023-05-23 12:10:52,-0.06791,0.38942,0.25626,0.0,-20.0,-0.06791,-0.06496,-0.06496,-0.06299,-0.06398,-0.06299,-0.06299,-0.06201,-0.06299,-0.06398
2023-05-23 12:10:53,-0.06791,0.39192,0.25538,0.0,0.0,-0.06791,-0.06496,-0.06496,-0.06299,-0.06398,-0.06299,-0.06299,-0.06201,-0.06299,-0.06398
2023-05-23 12:10:55,-0.06791,0.38895,0.25341,0.0,211.0,-0.06791,-0.06496,-0.06496,-0.06299,-0.06398,-0.06299,-0.06299,-0.06201,-0.06299,-0.06398
2023-05-23 12:10:57,-0.06791,0.54537,0.3123,-3500.0,719.0,-0.06791,-0.06496,-0.06496,-0.06299,-0.06398,-0.06299,-0.06299,-0.06201,-0.06299,-0.06398
2023-05-23 12:10:59,-0.06791,0.53861,0.31149,0.0,0.0,-0.06791,-0.06496,-0.06496,-0.06299,-0.06398,-0.06299,-0.06299,-0.06201,-0.06299,-0.06398
2023-05-23 12:11:01,-0.0689,0.53717,0.3112,0.0,-19.0,-0.0689,-0.0689,-0.06791,-0.06496,-0.06496,-0.06299,-0.06398,-0.06299,-0.06299,-0.06201
2023-05-23 12:11:03,-0.0689,0.56186,0.32051,-100.0,0.0,-0.0689,-0.0689,-0.06791,-0.06496,-0.06496,-0.06299,-0.06398,-0.06299,-0.06299,-0.06201
2023-05-23 12:11:04,-0.0689,0.65663,0.34465,350.0,0.0,-0.0689,-0.0689,-0.06791,-0.06496,-0.06496,-0.06299,-0.06398,-0.06299,-0.06299,-0.06201
2023-05-23 12:11:06,-0.06988,0.55908,0.34767,0.0,-400.0,-0.06988,-0.0689,-0.06791,-0.06496,-0.06496,-0.06299,-0.06398,-0.06299,-0.06299,-0.06201
2023-05-23 12:11:08,-0.06988,0.29562,0.24944,0.0,756.0,-0.06988,-0.0689,-0.06791,-0.06496,-0.06496,-0.06299,-0.06398,-0.06299,-0.06299,-0.06201
2023-05-23 12:11:10,-0.06988,0.37544,0.2432,-1480.0,0.0,-0.06988,-0.0689,-0.06791,-0.06496,-0.06496,-0.06299,-0.06398,-0.06299,-0.06299,-0.06201
2023-05-23 12:11:12,-0.07087,0.20477,0.19766,-8110.0,1283.0,-0.07087,-0.0689,-0.06791,-0.06496,-0.06496,-0.06299,-0.06398,-0.06299,-0.06299,-0.06201
2023-05-23 12:11:14,-0.06988,0.43417,0.25259,0.0,-76.0,-0.06988,-0.0689,-0.06791,-0.06496,-0.06496,-0.06299,-0.06398,-0.06299,-0.06299,-0.06201
2023-05-23 12:11:16,-0.06988,0.43549,0.25405,0.0,1.0,-0.06988,-0.0689,-0.06791,-0.06496,-0.06496,-0.06299,-0.06398,-0.06299,-0.06299,-0.06201
2023-05-23 12:11:17,-0.06988,0.43667,0.25467,0.0,-1.0,-0.06988,-0.0689,-0.06791,-0.06496,-0.06496,-0.06299,-0.06398,-0.06299,-0.06299,-0.06201
2023-05-23 12:11:19,-0.0689,0.47888,0.26428,0.0,1.0,-0.0689,-0.0689,-0.06791,-0.06496,-0.06496,-0.06299,-0.06398,-0.06299,-0.06299,-0.06201
2023-05-23 12:11:21,-0.06988,0.4504,0.25951,0.0,-34.0,-0.06988,-0.0689,-0.06791,-0.06496,-0.06496,-0.06299,-0.06398,-0.06299,-0.06299,-0.06201
2023-05-23 12:11:23,-0.06988,0.19143,0.19178,0.0,7.0,-0.06988,-0.0689,-0.06791,-0.06496,-0.06496,-0.06299,-0.06398,-0.06299,-0.06299,-0.06201
2023-05-23 12:11:25,-0.07087,0.24351,0.21918,-200.0,-200.0,-0.07087,-0.0689,-0.06791,-0.06496,-0.06496,-0.06299,-0.06398,-0.06299,-0.06299,-0.06201
2023-05-23 12:11:27,-0.07087,0.24745,0.21389,0.0,-311.0,-0.07087,-0.0689,-0.06791,-0.06496,-0.06496,-0.06299,-0.06398,-0.06299,-0.06299,-0.06201
2023-05-23 12:11:29,-0.07087,0.25222,0.21013,0.0,-20.0,-0.07087,-0.0689,-0.06791,-0.06496,-0.06496,-0.06299,-0.06398,-0.06299,-0.06299,-0.06201
2023-05-23 12:11:30,-0.06988,0.25607,0.22787,0.0,50.0,-0.06988,-0.0689,-0.06791,-0.06496,-0.06496,-0.06299,-0.06398,-0.06299,-0.06299,-0.06201
2023-05-23 12:11:32,-0.07087,0.20955,0.20107,0.0,1000.0,-0.07087,-0.0689,-0.06791,-0.06496,-0.06496,-0.06299,-0.06398,-0.06299,-0.06299,-0.06201
2023-05-23 12:11:34,-0.06791,0.35582,0.18229,0.0,200.0,-0.06791,-0.0689,-0.06791,-0.06496,-0.06496,-0.06299,-0.06398,-0.06299,-0.06299,-0.06201
2023-05-23 12:11:36,-0.0689,0.41311,0.1654,0.0,13.0,-0.0689,-0.0689,-0.06791,-0.06496,-0.06496,-0.06299,-0.06398,-0.06299,-0.06299,-0.06201
2023-05-23 12:11:38,-0.06988,0.30278,0.1377,-4655.0,6883.0,-0.06988,-0.0689,-0.06791,-0.06496,-0.06496,-0.06299,-0.06398,-0.06299,-0.06299,-0.06201
2023-05-23 12:11:40,-0.06693,0.68391,0.17122,0.0,0.0,-0.06693,-0.0689,-0.06791,-0.06496,-0.06496,-0.06299,-0.06398,-0.06299,-0.06299,-0.06201
2023-05-23 12:11:42,-0.06693,0.6009,0.16303,0.0,30.0,-0.06693,-0.0689,-0.06791,-0.06496,-0.06496,-0.06299,-0.06398,-0.06299,-0.06299,-0.06201
2023-05-23 12:11:43,-0.06693,0.46692,0.15801,390.0,0.0,-0.06693,-0.0689,-0.06791,-0.06496,-0.06496,-0.06299,-0.06398,-0.06299,-0.06299,-0.06201
2023-05-23 12:11:45,-0.06693,0.46643,0.15984,210.0,10.0,-0.06693,-0.0689,-0.06791,-0.06496,-0.06496,-0.06299,-0.06398,-0.06299,-0.06299,-0.06201
2023-05-23 12:11:47,-0.06693,0.37425,0.14856,-1.0,1.0,-0.06693,-0.0689,-0.06791,-0.06496,-0.06496,-0.06299,-0.06398,-0.06299,-0.06299,-0.06201
2023-05-23 12:11:49,-0.06791,0.17104,0.14073,0.0,-453.0,-0.06791,-0.0689,-0.06791,-0.06496,-0.06496,-0.06299,-0.06398,-0.06299,-0.06299,-0.06201
2023-05-23 12:11:51,-0.06693,0.17767,0.13964,0.0,31.0,-0.06693,-0.0689,-0.06791,-0.06496,-0.06496,-0.06299,-0.06398,-0.06299,-0.06299,-0.06201
2023-05-23 12:11:53,-0.06791,0.19581,0.14345,101.0,-7.0,-0.06791,-0.0689,-0.06791,-0.06496,-0.06496,-0.06299,-0.06398,-0.06299,-0.06299,-0.06201
2023-05-23 12:11:54,-0.06791,0.34477,0.18715,0.0,10.0,-0.06791,-0.0689,-0.06791,-0.06496,-0.06496,-0.06299,-0.06398,-0.06299,-0.06299,-0.06201
2023-05-23 12:11:56,-0.06791,0.34431,0.18647,194.0,100.0,-0.06791,-0.0689,-0.06791,-0.06496,-0.06496,-0.06299,-0.06398,-0.06299,-0.06299,-0.06201
2023-05-23 12:11:58,-0.06791,0.34407,0.18347,1.0,639.0,-0.06791,-0.0689,-0.06791,-0.06496,-0.06496,-0.06299,-0.06398,-0.06299,-0.06299,-0.06201
2023-05-23 12:12:00,-0.06693,0.39568,0.20059,0.0,300.0,-0.06693,-0.06791,-0.06693,-0.0689,-0.06791,-0.06496,-0.06496,-0.06299,-0.06398,-0.06299
2023-05-23 12:12:02,-0.06693,0.38797,0.20056,0.0,457.0,-0.06693,-0.06791,-0.06693,-0.0689,-0.06791,-0.06496,-0.06496,-0.06299,-0.06398,-0.06299
2023-05-23 12:12:04,-0.06594,0.38865,0.20118,-200.0,0.0,-0.06594,-0.06791,-0.06693,-0.0689,-0.06791,-0.06496,-0.06496,-0.06299,-0.06398,-0.06299
2023-05-23 12:12:05,-0.06693,0.39634,0.20297,0.0,1.0,-0.06693,-0.06791,-0.06693,-0.0689,-0.06791,-0.06496,-0.06496,-0.06299,-0.06398,-0.06299
2023-05-23 12:12:07,-0.06693,0.40864,0.2091,10.0,0.0,-0.06693,-0.06791,-0.06693,-0.0689,-0.06791,-0.06496,-0.06496,-0.06299,-0.06398,-0.06299
2023-05-23 12:12:09,-0.06693,0.41087,0.21048,0.0,1.0,-0.06693,-0.06791,-0.06693,-0.0689,-0.06791,-0.06496,-0.06496,-0.06299,-0.06398,-0.06299
2023-05-23 12:12:11,-0.06693,0.39214,0.20532,0.0,0.0,-0.06693,-0.06791,-0.06693,-0.0689,-0.06791,-0.06496,-0.06496,-0.06299,-0.06398,-0.06299
2023-05-23 12:12:13,-0.06594,0.43347,0.23353,20.0,20.0,-0.06594,-0.06791,-0.06693,-0.0689,-0.06791,-0.06496,-0.06496,-0.06299,-0.06398,-0.06299
2023-05-23 12:12:15,-0.06594,0.47081,0.24271,0.0,8.0,-0.06594,-0.06791,-0.06693,-0.0689,-0.06791,-0.06496,-0.06496,-0.06299,-0.06398,-0.06299
2023-05-23 12:12:17,-0.06594,0.51079,0.24927,-1.0,1.0,-0.06594,-0.06791,-0.06693,-0.0689,-0.06791,-0.06496,-0.06496,-0.06299,-0.06398,-0.06299
2023-05-23 12:12:18,-0.06693,0.41738,0.23825,0.0,297.0,-0.06693,-0.06791,-0.06693,-0.0689,-0.06791,-0.06496,-0.06496,-0.06299,-0.06398,-0.06299
2023-05-23 12:12:20,-0.06693,0.40798,0.23681,0.0,100.0,-0.06693,-0.06791,-0.06693,-0.0689,-0.06791,-0.06496,-0.06496,-0.06299,-0.06398,-0.06299
2023-05-23 12:12:22,-0.06693,0.40797,0.23678,0.0,0.0,-0.06693,-0.06791,-0.06693,-0.0689,-0.06791,-0.06496,-0.06496,-0.06299,-0.06398,-0.06299
2023-05-23 12:12:24,-0.06693,0.4225,0.24271,1000.0,0.0,-0.06693,-0.06791,-0.06693,-0.0689,-0.06791,-0.06496,-0.06496,-0.06299,-0.06398,-0.06299
2023-05-23 12:12:26,-0.06693,0.43115,0.2428,0.0,210.0,-0.06693,-0.06791,-0.06693,-0.0689,-0.06791,-0.06496,-0.06496,-0.06299,-0.06398,-0.06299
2023-05-23 12:12:28,-0.06594,0.33146,0.22324,1.0,0.0,-0.06594,-0.06791,-0.06693,-0.0689,-0.06791,-0.06496,-0.06496,-0.06299,-0.06398,-0.06299
2023-05-23 12:12:29,-0.06693,0.33162,0.22297,0.0,10.0,-0.06693,-0.06791,-0.06693,-0.0689,-0.06791,-0.06496,-0.06496,-0.06299,-0.06398,-0.06299
2023-05-23 12:12:31,-0.06594,0.30432,0.21302,-900.0,0.0,-0.06594,-0.06791,-0.06693,-0.0689,-0.06791,-0.06496,-0.06496,-0.06299,-0.06398,-0.06299
2023-05-23 12:12:33,-0.06594,0.37999,0.23841,5620.0,0.0,-0.06594,-0.06791,-0.06693,-0.0689,-0.06791,-0.06496,-0.06496,-0.06299,-0.06398,-0.06299
2023-05-23 12:12:35,-0.06594,0.42497,0.25482,1000.0,106.0,-0.06594,-0.06791,-0.06693,-0.0689,-0.06791,-0.06496,-0.06496,-0.06299,-0.06398,-0.06299
2023-05-23 12:12:37,-0.06594,0.44817,0.2592,-1.0,0.0,-0.06594,-0.06791,-0.06693,-0.0689,-0.06791,-0.06496,-0.06496,-0.06299,-0.06398,-0.06299
2023-05-23 12:12:39,-0.06594,0.3963,0.24318,0.0,50.0,-0.06594,-0.06791,-0.06693,-0.0689,-0.06791,-0.06496,-0.06496,-0.06299,-0.06398,-0.06299
2023-05-23 12:12:41,-0.06693,0.48067,0.25597,-485.0,-485.0,-0.06693,-0.06791,-0.06693,-0.0689,-0.06791,-0.06496,-0.06496,-0.06299,-0.06398,-0.06299
2023-05-23 12:12:43,-0.06594,0.53019,0.26915,0.0,0.0,-0.06594,-0.06791,-0.06693,-0.0689,-0.06791,-0.06496,-0.06496,-0.06299,-0.06398,-0.06299
2023-05-23 12:12:44,-0.06594,0.55921,0.27792,-21.0,5.0,-0.06594,-0.06791,-0.06693,-0.0689,-0.06791,-0.06496,-0.06496,-0.06299,-0.06398,-0.06299
2023-05-23 12:12:46,-0.06594,0.59883,0.2828,0.0,-2721.0,-0.06594,-0.06791,-0.06693,-0.0689,-0.06791,-0.06496,-0.06496,-0.06299,-0.06398,-0.06299
2023-05-23 12:12:48,-0.06693,0.59319,0.28138,0.0,-1.0,-0.06693,-0.06791,-0.06693,-0.0689,-0.06791,-0.06496,-0.06496,-0.06299,-0.06398,-0.06299
2023-05-23 12:12:50,-0.06693,0.56905,0.278,10.0,990.0,-0.06693,-0.06791,-0.06693,-0.0689,-0.06791,-0.06496,-0.06496,-0.06299,-0.06398,-0.06299
2023-05-23 12:12:52,-0.06594,0.55584,0.27563,0.0,20.0,-0.06594,-0.06791,-0.06693,-0.0689,-0.06791,-0.06496,-0.06496,-0.06299,-0.06398,-0.06299
2023-05-23 12:12:54,-0.06594,0.51337,0.26712,0.0,-10.0,-0.06594,-0.06791,-0.06693,-0.0689,-0.06791,-0.06496,-0.06496,-0.06299,-0.06398,-0.06299
2023-05-23 12:12:56,-0.06594,0.51322,0.26696,0.0,12.0,-0.06594,-0.06791,-0.06693,-0.0689,-0.06791,-0.06496,-0.06496,-0.06299,-0.06398,-0.06299
2023-05-23 12:12:58,-0.06693,0.40016,0.2332,0.0,1.0,-0.06693,-0.06791,-0.06693,-0.0689,-0.06791,-0.06496,-0.06496,-0.06299,-0.06398,-0.06299
2023-05-23 12:13:01,-0.06693,0.38932,0.22983,0.0,13.0,-0.06693,-0.06693,-0.06693,-0.06791,-0.06693,-0.0689,-0.06791,-0.06496,-0.06496,-0.06299
2023-05-23 12:13:03,-0.06693,0.4987,0.26709,0.0,-1.0,-0.06693,-0.06693,-0.06693,-0.06791,-0.06693,-0.0689,-0.06791,-0.06496,-0.06496,-0.06299
2023-05-23 12:13:05,-0.06693,0.48631,0.26506,0.0,1.0,-0.06693,-0.06693,-0.06693,-0.06791,-0.06693,-0.0689,-0.06791,-0.06496,-0.06496,-0.06299
2023-05-23 12:13:07,-0.06594,0.46799,0.27278,-139.0,0.0,-0.06594,-0.06693,-0.06693,-0.06791,-0.06693,-0.0689,-0.06791,-0.06496,-0.06496,-0.06299
2023-05-23 12:13:09,-0.06693,0.45552,0.2673,0.0,-88.0,-0.06693,-0.06693,-0.06693,-0.06791,-0.06693,-0.0689,-0.06791,-0.06496,-0.06496,-0.06299
2023-05-23 12:13:11,-0.06693,0.39473,0.23219,-1.0,0.0,-0.06693,-0.06693,-0.06693,-0.06791,-0.06693,-0.0689,-0.06791,-0.06496,-0.06496,-0.06299
2023-05-23 12:13:12,-0.06693,0.39333,0.23175,1.0,0.0,-0.06693,-0.06693,-0.06693,-0.06791,-0.06693,-0.0689,-0.06791,-0.06496,-0.06496,-0.06299
2023-05-23 12:13:14,-0.06693,0.39329,0.23174,0.0,1.0,-0.06693,-0.06693,-0.06693,-0.06791,-0.06693,-0.0689,-0.06791,-0.06496,-0.06496,-0.06299
2023-05-23 12:13:16,-0.06693,0.37705,0.22847,0.0,-518.0,-0.06693,-0.06693,-0.06693,-0.06791,-0.06693,-0.0689,-0.06791,-0.06496,-0.06496,-0.06299
2023-05-23 12:13:18,-0.06791,0.32235,0.20709,0.0,300.0,-0.06791,-0.06693,-0.06693,-0.06791,-0.06693,-0.0689,-0.06791,-0.06496,-0.06496,-0.06299
2023-05-23 12:13:20,-0.06791,0.33382,0.20944,0.0,-42.0,-0.06791,-0.06693,-0.06693,-0.06791,-0.06693,-0.0689,-0.06791,-0.06496,-0.06496,-0.06299
2023-05-23 12:13:22,-0.06791,0.34303,0.21136,0.0,-559.0,-0.06791,-0.06693,-0.06693,-0.06791,-0.06693,-0.0689,-0.06791,-0.06496,-0.06496,-0.06299
2023-05-23 12:13:23,-0.06791,0.34288,0.21385,0.0,-2000.0,-0.06791,-0.06693,-0.06693,-0.06791,-0.06693,-0.0689,-0.06791,-0.06496,-0.06496,-0.06299
2023-05-23 12:13:25,-0.06791,0.34475,0.21422,0.0,-10.0,-0.06791,-0.06693,-0.06693,-0.06791,-0.06693,-0.0689,-0.06791,-0.06496,-0.06496,-0.06299
2023-05-23 12:13:27,-0.06791,0.34269,0.21358,0.0,30.0,-0.06791,-0.06693,-0.06693,-0.06791,-0.06693,-0.0689,-0.06791,-0.06496,-0.06496,-0.06299
2023-05-23 12:13:29,-0.06791,0.34027,0.21404,0.0,1054.0,-0.06791,-0.06693,-0.06693,-0.06791,-0.06693,-0.0689,-0.06791,-0.06496,-0.06496,-0.06299
2023-05-23 12:13:31,-0.06791,0.33894,0.21295,0.0,1.0,-0.06791,-0.06693,-0.06693,-0.06791,-0.06693,-0.0689,-0.06791,-0.06496,-0.06496,-0.06299
2023-05-23 12:13:33,-0.06791,0.37311,0.22431,70.0,0.0,-0.06791,-0.06693,-0.06693,-0.06791,-0.06693,-0.0689,-0.06791,-0.06496,-0.06496,-0.06299
2023-05-23 12:13:35,-0.06791,0.37364,0.22442,0.0,0.0,-0.06791,-0.06693,-0.06693,-0.06791,-0.06693,-0.0689,-0.06791,-0.06496,-0.06496,-0.06299
2023-05-23 12:13:36,-0.06791,0.37636,0.21973,0.0,4039.0,-0.06791,-0.06693,-0.06693,-0.06791,-0.06693,-0.0689,-0.06791,-0.06496,-0.06496,-0.06299
2023-05-23 12:13:38,-0.06791,0.37715,0.21997,0.0,-104.0,-0.06791,-0.06693,-0.06693,-0.06791,-0.06693,-0.0689,-0.06791,-0.06496,-0.06496,-0.06299
2023-05-23 12:13:40,-0.06791,0.37473,0.21952,0.0,346.0,-0.06791,-0.06693,-0.06693,-0.06791,-0.06693,-0.0689,-0.06791,-0.06496,-0.06496,-0.06299
2023-05-23 12:13:42,-0.06791,0.16461,0.18606,0.0,100.0,-0.06791,-0.06693,-0.06693,-0.06791,-0.06693,-0.0689,-0.06791,-0.06496,-0.06496,-0.06299
2023-05-23 12:13:44,-0.06791,0.17327,0.18606,0.0,0.0,-0.06791,-0.06693,-0.06693,-0.06791,-0.06693,-0.0689,-0.06791,-0.06496,-0.06496,-0.06299
2023-05-23 12:13:46,-0.06791,0.15374,0.17826,0.0,-1500.0,-0.06791,-0.06693,-0.06693,-0.06791,-0.06693,-0.0689,-0.06791,-0.06496,-0.06496,-0.06299
2023-05-23 12:13:48,-0.06791,0.15342,0.17829,0.0,10.0,-0.06791,-0.06693,-0.06693,-0.06791,-0.06693,-0.0689,-0.06791,-0.06496,-0.06496,-0.06299
2023-05-23 12:13:49,-0.0689,0.15115,0.17857,-100.0,-100.0,-0.0689,-0.06693,-0.06693,-0.06791,-0.06693,-0.0689,-0.06791,-0.06496,-0.06496,-0.06299
2023-05-23 12:13:51,-0.0689,0.15115,0.17856,0.0,0.0,-0.0689,-0.06693,-0.06693,-0.06791,-0.06693,-0.0689,-0.06791,-0.06496,-0.06496,-0.06299
2023-05-23 12:13:53,-0.0689,0.14253,0.1751,0.0,100.0,-0.0689,-0.06693,-0.06693,-0.06791,-0.06693,-0.0689,-0.06791,-0.06496,-0.06496,-0.06299
2023-05-23 12:13:55,-0.0689,0.14498,0.17644,0.0,-101.0,-0.0689,-0.06693,-0.06693,-0.06791,-0.06693,-0.0689,-0.06791,-0.06496,-0.06496,-0.06299
2023-05-23 12:13:57,-0.0689,0.14494,0.17642,0.0,0.0,-0.0689,-0.06693,-0.06693,-0.06791,-0.06693,-0.0689,-0.06791,-0.06496,-0.06496,-0.06299
2023-05-23 12:13:59,-0.06791,0.14146,0.17504,0.0,0.0,-0.06791,-0.06693,-0.06693,-0.06791,-0.06693,-0.0689,-0.06791,-0.06496,-0.06496,-0.06299
2023-05-23 12:14:00,-0.06791,0.39315,0.21393,100.0,2000.0,-0.06791,-0.06791,-0.06791,-0.06693,-0.06693,-0.06791,-0.06693,-0.0689,-0.06791,-0.06496
2023-05-23 12:14:02,-0.06791,0.39054,0.21353,0.0,-174.0,-0.06791,-0.06791,-0.06791,-0.06693,-0.06693,-0.06791,-0.06693,-0.0689,-0.06791,-0.06496
2023-05-23 12:14:04,-0.06791,0.14538,0.17531,0.0,300.0,-0.06791,-0.06791,-0.06791,-0.06693,-0.06693,-0.06791,-0.06693,-0.0689,-0.06791,-0.06496
2023-05-23 12:14:06,-0.06791,0.37221,0.21043,0.0,-250.0,-0.06791,-0.06791,-0.06791,-0.06693,-0.06693,-0.06791,-0.06693,-0.0689,-0.06791,-0.06496
2023-05-23 12:14:08,-0.06791,0.37853,0.21147,0.0,5.0,-0.06791,-0.06791,-0.06791,-0.06693,-0.06693,-0.06791,-0.06693,-0.0689,-0.06791,-0.06496
2023-05-23 12:14:10,-0.06791,0.37845,0.21146,0.0,1.0,-0.06791,-0.06791,-0.06791,-0.06693,-0.06693,-0.06791,-0.06693,-0.0689,-0.06791,-0.06496
2023-05-23 12:14:12,-0.06791,0.37534,0.21029,0.0,208.0,-0.06791,-0.06791,-0.06791,-0.06693,-0.06693,-0.06791,-0.06693,-0.0689,-0.06791,-0.06496
2023-05-23 12:14:13,-0.06791,0.36797,0.20903,0.0,140.0,-0.06791,-0.06791,-0.06791,-0.06693,-0.06693,-0.06791,-0.06693,-0.0689,-0.06791,-0.06496
2023-05-23 12:14:15,-0.06791,0.37361,0.20997,0.0,100.0,-0.06791,-0.06791,-0.06791,-0.06693,-0.06693,-0.06791,-0.06693,-0.0689,-0.06791,-0.06496
2023-05-23 12:14:17,-0.06791,0.36776,0.209,0.0,0.0,-0.06791,-0.06791,-0.06791,-0.06693,-0.06693,-0.06791,-0.06693,-0.0689,-0.06791,-0.06496
2023-05-23 12:14:19,-0.06791,0.37609,0.20797,0.0,2000.0,-0.06791,-0.06791,-0.06791,-0.06693,-0.06693,-0.06791,-0.06693,-0.0689,-0.06791,-0.06496
2023-05-23 12:14:21,-0.06791,0.38482,0.2093,0.0,-1200.0,-0.06791,-0.06791,-0.06791,-0.06693,-0.06693,-0.06791,-0.06693,-0.0689,-0.06791,-0.06496
2023-05-23 12:14:23,-0.06791,0.13866,0.16993,-6507.0,0.0,-0.06791,-0.06791,-0.06791,-0.06693,-0.06693,-0.06791,-0.06693,-0.0689,-0.06791,-0.06496
2023-05-23 12:14:24,-0.06791,0.27805,0.20865,6357.0,0.0,-0.06791,-0.06791,-0.06791,-0.06693,-0.06693,-0.06791,-0.06693,-0.0689,-0.06791,-0.06496
2023-05-23 12:14:26,-0.0689,0.26732,0.20399,0.0,-1000.0,-0.0689,-0.06791,-0.06791,-0.06693,-0.06693,-0.06791,-0.06693,-0.0689,-0.06791,-0.06496
2023-05-23 12:14:28,-0.0689,0.12445,0.16627,0.0,-360.0,-0.0689,-0.06791,-0.06791,-0.06693,-0.06693,-0.06791,-0.06693,-0.0689,-0.06791,-0.06496
2023-05-23 12:14:30,-0.0689,0.12445,0.16627,0.0,0.0,-0.0689,-0.06791,-0.06791,-0.06693,-0.06693,-0.06791,-0.06693,-0.0689,-0.06791,-0.06496
2023-05-23 12:14:32,-0.0689,0.12723,0.16964,0.0,-1480.0,-0.0689,-0.06791,-0.06791,-0.06693,-0.06693,-0.06791,-0.06693,-0.0689,-0.06791,-0.06496
2023-05-23 12:14:34,-0.0689,0.18374,0.19135,0.0,30.0,-0.0689,-0.06791,-0.06791,-0.06693,-0.06693,-0.06791,-0.06693,-0.0689,-0.06791,-0.06496
2023-05-23 12:14:36,-0.0689,0.18376,0.19134,0.0,-53.0,-0.0689,-0.06791,-0.06791,-0.06693,-0.06693,-0.06791,-0.06693,-0.0689,-0.06791,-0.06496
2023-05-23 12:14:37,-0.0689,0.1819,0.19059,0.0,433.0,-0.0689,-0.06791,-0.06791,-0.06693,-0.06693,-0.06791,-0.06693,-0.0689,-0.06791,-0.06496
2023-05-23 12:14:39,-0.0689,0.18167,0.19039,0.0,-2.0,-0.0689,-0.06791,-0.06791,-0.06693,-0.06693,-0.06791,-0.06693,-0.0689,-0.06791,-0.06496
2023-05-23 12:14:41,-0.0689,0.18241,0.19047,0.0,40.0,-0.0689,-0.06791,-0.06791,-0.06693,-0.06693,-0.06791,-0.06693,-0.0689,-0.06791,-0.06496
2023-05-23 12:14:43,-0.0689,0.18378,0.19044,70.0,0.0,-0.0689,-0.06791,-0.06791,-0.06693,-0.06693,-0.06791,-0.06693,-0.0689,-0.06791,-0.06496
2023-05-23 12:14:45,-0.0689,0.18463,0.19061,0.0,-297.0,-0.0689,-0.06791,-0.06791,-0.06693,-0.06693,-0.06791,-0.06693,-0.0689,-0.06791,-0.06496
2023-05-23 12:14:47,-0.06791,0.18461,0.19061,-1.0,0.0,-0.06791,-0.06791,-0.06791,-0.06693,-0.06693,-0.06791,-0.06693,-0.0689,-0.06791,-0.06496
2023-05-23 12:14:49,-0.06791,0.18423,0.19084,0.0,-398.0,-0.06791,-0.06791,-0.06791,-0.06693,-0.06693,-0.06791,-0.06693,-0.0689,-0.06791,-0.06496
2023-05-23 12:14:50,-0.06791,0.18261,0.19016,0.0,42.0,-0.06791,-0.06791,-0.06791,-0.06693,-0.06693,-0.06791,-0.06693,-0.0689,-0.06791,-0.06496
2023-05-23 12:14:52,-0.0689,0.17141,0.18584,0.0,-200.0,-0.0689,-0.06791,-0.06791,-0.06693,-0.06693,-0.06791,-0.06693,-0.0689,-0.06791,-0.06496
2023-05-23 12:14:54,-0.06791,0.17046,0.18545,-391.0,0.0,-0.06791,-0.06791,-0.06791,-0.06693,-0.06693,-0.06791,-0.06693,-0.0689,-0.06791,-0.06496
2023-05-23 12:14:56,-0.0689,0.17082,0.18555,0.0,-48.0,-0.0689,-0.06791,-0.06791,-0.06693,-0.06693,-0.06791,-0.06693,-0.0689,-0.06791,-0.06496
2023-05-23 12:14:58,-0.0689,0.17085,0.18563,0.0,-23.0,-0.0689,-0.06791,-0.06791,-0.06693,-0.06693,-0.06791,-0.06693,-0.0689,-0.06791,-0.06496
2023-05-23 12:15:00,-0.0689,0.17121,0.18573,0.0,0.0,-0.0689,-0.0689,-0.0689,-0.06791,-0.06791,-0.06693,-0.06693,-0.06791,-0.06693,-0.0689
2023-05-23 12:15:02,-0.0689,0.17859,0.18856,0.0,50.0,-0.0689,-0.0689,-0.0689,-0.06791,-0.06791,-0.06693,-0.06693,-0.06791,-0.06693,-0.0689
2023-05-23 12:15:21,-0.06791,0.15857,0.17937,-1.0,0.0,-0.06791,-0.0689,-0.0689,-0.06791,-0.06791,-0.06693,-0.06693,-0.06791,-0.06693,-0.0689
2023-05-23 12:15:23,-0.06791,0.15949,0.18026,0.0,-1.0,-0.06791,-0.0689,-0.0689,-0.06791,-0.06791,-0.06693,-0.06693,-0.06791,-0.06693,-0.0689
2023-05-23 12:15:25,-0.06791,0.15885,0.18176,-1.0,0.0,-0.06791,-0.0689,-0.0689,-0.06791,-0.06791,-0.06693,-0.06693,-0.06791,-0.06693,-0.0689
2023-05-23 12:15:27,-0.06791,0.40553,0.2145,0.0,-1.0,-0.06791,-0.0689,-0.0689,-0.06791,-0.06791,-0.06693,-0.06693,-0.06791,-0.06693,-0.0689
2023-05-23 12:15:29,-0.06693,0.39888,0.21347,-1.0,0.0,-0.06693,-0.0689,-0.0689,-0.06791,-0.06791,-0.06693,-0.06693,-0.06791,-0.06693,-0.0689
2023-05-23 12:15:31,-0.06791,0.35699,0.22507,0.0,-1.0,-0.06791,-0.0689,-0.0689,-0.06791,-0.06791,-0.06693,-0.06693,-0.06791,-0.06693,-0.0689
2023-05-23 12:15:33,-0.06693,0.4541,0.2383,0.0,-1.0,-0.06693,-0.0689,-0.0689,-0.06791,-0.06791,-0.06693,-0.06693,-0.06791,-0.06693,-0.0689
2023-05-23 12:15:35,-0.06693,0.39158,0.2371,0.0,-1.0,-0.06693,-0.0689,-0.0689,-0.06791,-0.06791,-0.06693,-0.06693,-0.06791,-0.06693,-0.0689
2023-05-23 12:15:36,-0.06496,0.37944,0.23258,0.0,-42.0,-0.06496,-0.0689,-0.0689,-0.06791,-0.06791,-0.06693,-0.06693,-0.06791,-0.06693,-0.0689
2023-05-23 12:15:38,-0.06496,0.4316,0.25201,-1.0,0.0,-0.06496,-0.0689,-0.0689,-0.06791,-0.06791,-0.06693,-0.06693,-0.06791,-0.06693,-0.0689
2023-05-23 12:15:40,-0.06398,0.65882,0.47471,-1.0,0.0,-0.06398,-0.0689,-0.0689,-0.06791,-0.06791,-0.06693,-0.06693,-0.06791,-0.06693,-0.0689
2023-05-23 12:15:42,-0.06398,0.59931,0.46342,0.0,5.0,-0.06398,-0.0689,-0.0689,-0.06791,-0.06791,-0.06693,-0.06693,-0.06791,-0.06693,-0.0689
2023-05-23 12:15:44,-0.06398,0.46824,0.45134,-1.0,0.0,-0.06398,-0.0689,-0.0689,-0.06791,-0.06791,-0.06693,-0.06693,-0.06791,-0.06693,-0.0689
2023-05-23 12:15:46,-0.06398,0.38678,0.387,-1.0,0.0,-0.06398,-0.0689,-0.0689,-0.06791,-0.06791,-0.06693,-0.06693,-0.06791,-0.06693,-0.0689
2023-05-23 12:15:48,-0.06496,0.37978,0.38486,0.0,-1.0,-0.06496,-0.0689,-0.0689,-0.06791,-0.06791,-0.06693,-0.06693,-0.06791,-0.06693,-0.0689
2023-05-23 12:15:49,-0.06496,0.36309,0.3804,0.0,-1.0,-0.06496,-0.0689,-0.0689,-0.06791,-0.06791,-0.06693,-0.06693,-0.06791,-0.06693,-0.0689
2023-05-23 12:15:51,-0.06496,0.32905,0.3722,0.0,-1.0,-0.06496,-0.0689,-0.0689,-0.06791,-0.06791,-0.06693,-0.06693,-0.06791,-0.06693,-0.0689
2023-05-23 12:15:53,-0.06496,0.28367,0.35408,-958.0,0.0,-0.06496,-0.0689,-0.0689,-0.06791,-0.06791,-0.06693,-0.06693,-0.06791,-0.06693,-0.0689
2023-05-23 12:15:55,-0.06398,0.89613,0.4964,300.0,0.0,-0.06398,-0.0689,-0.0689,-0.06791,-0.06791,-0.06693,-0.06693,-0.06791,-0.06693,-0.0689
2023-05-23 12:15:57,-0.06398,0.90721,0.49598,0.0,0.0,-0.06398,-0.0689,-0.0689,-0.06791,-0.06791,-0.06693,-0.06693,-0.06791,-0.06693,-0.0689
2023-05-23 12:15:59,-0.06398,1.35133,0.52433,0.0,-1.0,-0.06398,-0.0689,-0.0689,-0.06791,-0.06791,-0.06693,-0.06693,-0.06791,-0.06693,-0.0689
2023-05-23 12:16:01,-0.06398,1.32063,0.52457,0.0,117.0,-0.06398,-0.06398,-0.06398,-0.0689,-0.0689,-0.06791,-0.06791,-0.06693,-0.06693,-0.06791
2023-05-23 12:16:03,-0.06299,1.2525,0.52097,-44.0,-61.0,-0.06299,-0.06398,-0.06398,-0.0689,-0.0689,-0.06791,-0.06791,-0.06693,-0.06693,-0.06791
2023-05-23 12:16:04,-0.06398,1.34826,0.55992,0.0,-1.0,-0.06398,-0.06398,-0.06398,-0.0689,-0.0689,-0.06791,-0.06791,-0.06693,-0.06693,-0.06791
2023-05-23 12:16:06,-0.06299,1.13038,0.54998,-1970.0,0.0,-0.06299,-0.06398,-0.06398,-0.0689,-0.0689,-0.06791,-0.06791,-0.06693,-0.06693,-0.06791
2023-05-23 12:16:08,-0.06299,1.12508,0.55181,0.0,-61.0,-0.06299,-0.06398,-0.06398,-0.0689,-0.0689,-0.06791,-0.06791,-0.06693,-0.06693,-0.06791
2023-05-23 12:16:10,-0.06398,0.96432,0.52725,-10.0,-1.0,-0.06398,-0.06398,-0.06398,-0.0689,-0.0689,-0.06791,-0.06791,-0.06693,-0.06693,-0.06791
2023-05-23 12:16:12,-0.06299,0.70714,0.49719,0.0,2135.0,-0.06299,-0.06398,-0.06398,-0.0689,-0.0689,-0.06791,-0.06791,-0.06693,-0.06693,-0.06791
2023-05-23 12:16:14,-0.06299,0.6666,0.48837,0.0,297.0,-0.06299,-0.06398,-0.06398,-0.0689,-0.0689,-0.06791,-0.06791,-0.06693,-0.06693,-0.06791
2023-05-23 12:16:16,-0.06299,0.64335,0.48393,0.0,-543.0,-0.06299,-0.06398,-0.06398,-0.0689,-0.0689,-0.06791,-0.06791,-0.06693,-0.06693,-0.06791
2023-05-23 12:16:17,-0.06201,0.62373,0.5462,-100.0,0.0,-0.06201,-0.06398,-0.06398,-0.0689,-0.0689,-0.06791,-0.06791,-0.06693,-0.06693,-0.06791
2023-05-23 12:16:19,-0.06299,0.46674,0.51048,-3528.0,0.0,-0.06299,-0.06398,-0.06398,-0.0689,-0.0689,-0.06791,-0.06791,-0.06693,-0.06693,-0.06791
2023-05-23 12:16:21,-0.06201,0.49728,0.51722,0.0,1.0,-0.06201,-0.06398,-0.06398,-0.0689,-0.0689,-0.06791,-0.06791,-0.06693,-0.06693,-0.06791
2023-05-23 12:16:23,-0.06299,0.50168,0.51828,0.0,500.0,-0.06299,-0.06398,-0.06398,-0.0689,-0.0689,-0.06791,-0.06791,-0.06693,-0.06693,-0.06791
2023-05-23 12:16:25,-0.06299,0.49928,0.5281,0.0,-14.0,-0.06299,-0.06398,-0.06398,-0.0689,-0.0689,-0.06791,-0.06791,-0.06693,-0.06693,-0.06791
2023-05-23 12:16:27,-0.06201,0.49859,0.52794,-1.0,0.0,-0.06201,-0.06398,-0.06398,-0.0689,-0.0689,-0.06791,-0.06791,-0.06693,-0.06693,-0.06791
2023-05-23 12:16:29,-0.06299,0.47411,0.52292,0.0,-138.0,-0.06299,-0.06398,-0.06398,-0.0689,-0.0689,-0.06791,-0.06791,-0.06693,-0.06693,-0.06791
2023-05-23 12:16:30,-0.06299,0.46126,0.56279,0.0,19.0,-0.06299,-0.06398,-0.06398,-0.0689,-0.0689,-0.06791,-0.06791,-0.06693,-0.06693,-0.06791
2023-05-23 12:16:32,-0.06201,0.45676,0.60392,-1.0,161.0,-0.06201,-0.06398,-0.06398,-0.0689,-0.0689,-0.06791,-0.06791,-0.06693,-0.06693,-0.06791
2023-05-23 12:16:34,-0.06299,0.49268,0.57105,0.0,-1.0,-0.06299,-0.06398,-0.06398,-0.0689,-0.0689,-0.06791,-0.06791,-0.06693,-0.06693,-0.06791
2023-05-23 12:16:36,-0.06299,0.51543,0.665,-1.0,0.0,-0.06299,-0.06398,-0.06398,-0.0689,-0.0689,-0.06791,-0.06791,-0.06693,-0.06693,-0.06791
2023-05-23 12:16:38,-0.06299,0.50843,0.6623,0.0,-1.0,-0.06299,-0.06398,-0.06398,-0.0689,-0.0689,-0.06791,-0.06791,-0.06693,-0.06693,-0.06791
2023-05-23 12:16:40,-0.06201,0.53504,0.67014,-6.0,-5.0,-0.06201,-0.06398,-0.06398,-0.0689,-0.0689,-0.06791,-0.06791,-0.06693,-0.06693,-0.06791
2023-05-23 12:16:42,-0.06398,0.24948,0.4321,0.0,0.0,-0.06398,-0.06398,-0.06398,-0.0689,-0.0689,-0.06791,-0.06791,-0.06693,-0.06693,-0.06791
2023-05-23 12:16:43,-0.06299,0.27582,0.45308,-1.0,0.0,-0.06299,-0.06398,-0.06398,-0.0689,-0.0689,-0.06791,-0.06791,-0.06693,-0.06693,-0.06791
2023-05-23 12:16:45,-0.06398,0.31232,0.45822,-1.0,0.0,-0.06398,-0.06398,-0.06398,-0.0689,-0.0689,-0.06791,-0.06791,-0.06693,-0.06693,-0.06791
2023-05-23 12:16:47,-0.06496,0.31121,0.46114,0.0,-1.0,-0.06496,-0.06398,-0.06398,-0.0689,-0.0689,-0.06791,-0.06791,-0.06693,-0.06693,-0.06791
2023-05-23 12:16:49,-0.06398,0.30933,0.45922,0.0,0.0,-0.06398,-0.06398,-0.06398,-0.0689,-0.0689,-0.06791,-0.06791,-0.06693,-0.06693,-0.06791
2023-05-23 12:16:51,-0.06398,0.30762,0.45837,-40.0,0.0,-0.06398,-0.06398,-0.06398,-0.0689,-0.0689,-0.06791,-0.06791,-0.06693,-0.06693,-0.06791
2023-05-23 12:16:53,-0.06496,0.32892,0.46649,0.0,-1.0,-0.06496,-0.06398,-0.06398,-0.0689,-0.0689,-0.06791,-0.06791,-0.06693,-0.06693,-0.06791
2023-05-23 12:16:55,-0.06496,0.33346,0.46958,0.0,11.0,-0.06496,-0.06398,-0.06398,-0.0689,-0.0689,-0.06791,-0.06791,-0.06693,-0.06693,-0.06791
2023-05-23 12:16:57,-0.06496,0.33643,0.47065,0.0,0.0,-0.06496,-0.06398,-0.06398,-0.0689,-0.0689,-0.06791,-0.06791,-0.06693,-0.06693,-0.06791
2023-05-23 12:16:58,-0.06398,0.33067,0.50557,0.0,300.0,-0.06398,-0.06398,-0.06398,-0.0689,-0.0689,-0.06791,-0.06791,-0.06693,-0.06693,-0.06791
2023-05-23 12:17:00,-0.06496,0.33113,0.51814,0.0,-1.0,-0.06496,-0.06496,-0.06398,-0.06398,-0.06398,-0.0689,-0.0689,-0.06791,-0.06791,-0.06693
2023-05-23 12:17:02,-0.06299,0.77804,0.67629,-1.0,1.0,-0.06299,-0.06496,-0.06398,-0.06398,-0.06398,-0.0689,-0.0689,-0.06791,-0.06791,-0.06693
2023-05-23 12:17:04,-0.06398,0.61856,0.64595,0.0,0.0,-0.06398,-0.06496,-0.06398,-0.06398,-0.06398,-0.0689,-0.0689,-0.06791,-0.06791,-0.06693
2023-05-23 12:17:06,-0.06299,0.47665,0.61365,-1.0,0.0,-0.06299,-0.06496,-0.06398,-0.06398,-0.06398,-0.0689,-0.0689,-0.06791,-0.06791,-0.06693
2023-05-23 12:17:08,-0.06299,0.74462,0.78935,2.0,0.0,-0.06299,-0.06496,-0.06398,-0.06398,-0.06398,-0.0689,-0.0689,-0.06791,-0.06791,-0.06693
2023-05-23 12:17:09,-0.06201,0.6741,0.77643,0.0,400.0,-0.06201,-0.06496,-0.06398,-0.06398,-0.06398,-0.0689,-0.0689,-0.06791,-0.06791,-0.06693
2023-05-23 12:17:11,-0.06299,0.65911,0.65203,-12.0,0.0,-0.06299,-0.06496,-0.06398,-0.06398,-0.06398,-0.0689,-0.0689,-0.06791,-0.06791,-0.06693
2023-05-23 12:17:13,-0.06299,0.6497,0.65035,0.0,0.0,-0.06299,-0.06496,-0.06398,-0.06398,-0.06398,-0.0689,-0.0689,-0.06791,-0.06791,-0.06693
2023-05-23 12:17:15,-0.06398,0.43639,0.62534,0.0,6.0,-0.06398,-0.06496,-0.06398,-0.06398,-0.06398,-0.0689,-0.0689,-0.06791,-0.06791,-0.06693
2023-05-23 12:17:17,-0.06398,0.45614,0.66323,0.0,-1.0,-0.06398,-0.06496,-0.06398,-0.06398,-0.06398,-0.0689,-0.0689,-0.06791,-0.06791,-0.06693
2023-05-23 12:17:19,-0.06398,0.45894,0.66438,0.0,-1.0,-0.06398,-0.06496,-0.06398,-0.06398,-0.06398,-0.0689,-0.0689,-0.06791,-0.06791,-0.06693
2023-05-23 12:17:21,-0.06299,0.41612,0.64976,0.0,0.0,-0.06299,-0.06496,-0.06398,-0.06398,-0.06398,-0.0689,-0.0689,-0.06791,-0.06791,-0.06693
2023-05-23 12:17:22,-0.06299,0.38799,0.61916,-1.0,0.0,-0.06299,-0.06496,-0.06398,-0.06398,-0.06398,-0.0689,-0.0689,-0.06791,-0.06791,-0.06693
2023-05-23 12:17:24,-0.06398,0.41548,0.65247,0.0,29.0,-0.06398,-0.06496,-0.06398,-0.06398,-0.06398,-0.0689,-0.0689,-0.06791,-0.06791,-0.06693
2023-05-23 12:17:26,-0.06201,0.50671,0.7605,-51.0,0.0,-0.06201,-0.06496,-0.06398,-0.06398,-0.06398,-0.0689,-0.0689,-0.06791,-0.06791,-0.06693
2023-05-23 12:17:28,-0.06299,0.50608,0.76015,0.0,-1.0,-0.06299,-0.06496,-0.06398,-0.06398,-0.06398,-0.0689,-0.0689,-0.06791,-0.06791,-0.06693
2023-05-23 12:17:30,-0.06299,0.53318,0.7705,-1.0,-738.0,-0.06299,-0.06496,-0.06398,-0.06398,-0.06398,-0.0689,-0.0689,-0.06791,-0.06791,-0.06693
2023-05-23 12:17:32,-0.06299,0.50247,0.75662,0.0,-1.0,-0.06299,-0.06496,-0.06398,-0.06398,-0.06398,-0.0689,-0.0689,-0.06791,-0.06791,-0.06693
2023-05-23 12:17:33,-0.06201,0.45951,0.78631,0.0,-841.0,-0.06201,-0.06496,-0.06398,-0.06398,-0.06398,-0.0689,-0.0689,-0.06791,-0.06791,-0.06693
2023-05-23 12:17:35,-0.06299,0.55213,0.81298,0.0,-18.0,-0.06299,-0.06496,-0.06398,-0.06398,-0.06398,-0.0689,-0.0689,-0.06791,-0.06791,-0.06693
2023-05-23 12:17:37,-0.06201,0.57099,0.8183,0.0,1.0,-0.06201,-0.06496,-0.06398,-0.06398,-0.06398,-0.0689,-0.0689,-0.06791,-0.06791,-0.06693
2023-05-23 12:17:39,-0.06201,0.56587,0.81677,-1.0,0.0,-0.06201,-0.06496,-0.06398,-0.06398,-0.06398,-0.0689,-0.0689,-0.06791,-0.06791,-0.06693
2023-05-23 12:17:41,-0.06398,0.53467,0.67243,0.0,0.0,-0.06398,-0.06496,-0.06398,-0.06398,-0.06398,-0.0689,-0.0689,-0.06791,-0.06791,-0.06693
2023-05-23 12:17:43,-0.06201,0.77865,0.89465,-1.0,0.0,-0.06201,-0.06496,-0.06398,-0.06398,-0.06398,-0.0689,-0.0689,-0.06791,-0.06791,-0.06693
2023-05-23 12:17:45,-0.06299,0.54561,0.67509,-1.0,0.0,-0.06299,-0.06496,-0.06398,-0.06398,-0.06398,-0.0689,-0.0689,-0.06791,-0.06791,-0.06693
2023-05-23 12:17:46,-0.06299,0.50141,0.66129,0.0,0.0,-0.06299,-0.06496,-0.06398,-0.06398,-0.06398,-0.0689,-0.0689,-0.06791,-0.06791,-0.06693
2023-05-23 12:17:48,-0.06398,0.39891,0.63241,0.0,0.0,-0.06398,-0.06496,-0.06398,-0.06398,-0.06398,-0.0689,-0.0689,-0.06791,-0.06791,-0.06693
2023-05-23 12:17:50,-0.06299,0.46903,0.65055,0.0,100.0,-0.06299,-0.06496,-0.06398,-0.06398,-0.06398,-0.0689,-0.0689,-0.06791,-0.06791,-0.06693
2023-05-23 12:17:52,-0.06299,0.43898,0.63914,-18.0,0.0,-0.06299,-0.06496,-0.06398,-0.06398,-0.06398,-0.0689,-0.0689,-0.06791,-0.06791,-0.06693
2023-05-23 12:17:54,-0.06201,1.27147,0.912,0.0,-6787.0,-0.06201,-0.06496,-0.06398,-0.06398,-0.06398,-0.0689,-0.0689,-0.06791,-0.06791,-0.06693
2023-05-23 12:17:56,-0.06102,1.15157,0.89531,-1.0,0.0,-0.06102,-0.06496,-0.06398,-0.06398,-0.06398,-0.0689,-0.0689,-0.06791,-0.06791,-0.06693
2023-05-23 12:17:58,-0.06102,1.19656,0.88687,0.0,1.0,-0.06102,-0.06496,-0.06398,-0.06398,-0.06398,-0.0689,-0.0689,-0.06791,-0.06791,-0.06693
2023-05-23 12:17:59,-0.06398,1.20384,0.83195,0.0,20.0,-0.06398,-0.06398,-0.06398,-0.06398,-0.06398,-0.0689,-0.0689,-0.06791,-0.06791,-0.06693
2023-05-23 12:18:01,-0.06201,0.40435,0.6799,-11.0,0.0,-0.06201,-0.06201,-0.06102,-0.06496,-0.06398,-0.06398,-0.06398,-0.0689,-0.0689,-0.06791
2023-05-23 12:18:03,-0.06201,0.41613,0.67845,-1.0,0.0,-0.06201,-0.06201,-0.06102,-0.06496,-0.06398,-0.06398,-0.06398,-0.0689,-0.0689,-0.06791
2023-05-23 12:18:05,-0.06201,0.48026,0.66148,0.0,1500.0,-0.06201,-0.06201,-0.06102,-0.06496,-0.06398,-0.06398,-0.06398,-0.0689,-0.0689,-0.06791
2023-05-23 12:18:07,-0.06201,1.21861,0.79019,400.0,0.0,-0.06201,-0.06201,-0.06102,-0.06496,-0.06398,-0.06398,-0.06398,-0.0689,-0.0689,-0.06791
2023-05-23 12:18:09,-0.06102,1.21403,0.78941,5.0,0.0,-0.06102,-0.06201,-0.06102,-0.06496,-0.06398,-0.06398,-0.06398,-0.0689,-0.0689,-0.06791
2023-05-23 12:18:10,-0.06201,1.25763,0.79766,5.0,0.0,-0.06201,-0.06201,-0.06102,-0.06496,-0.06398,-0.06398,-0.06398,-0.0689,-0.0689,-0.06791
2023-05-23 12:18:12,-0.06201,1.2368,0.79485,0.0,0.0,-0.06201,-0.06201,-0.06102,-0.06496,-0.06398,-0.06398,-0.06398,-0.0689,-0.0689,-0.06791
2023-05-23 12:18:14,-0.06201,1.24924,0.7961,0.0,-1.0,-0.06201,-0.06201,-0.06102,-0.06496,-0.06398,-0.06398,-0.06398,-0.0689,-0.0689,-0.06791
2023-05-23 12:18:16,-0.06201,1.24427,0.79547,0.0,-1.0,-0.06201,-0.06201,-0.06102,-0.06496,-0.06398,-0.06398,-0.06398,-0.0689,-0.0689,-0.06791
2023-05-23 12:18:18,-0.06299,0.60939,0.69016,-1.0,0.0,-0.06299,-0.06201,-0.06102,-0.06496,-0.06398,-0.06398,-0.06398,-0.0689,-0.0689,-0.06791
2023-05-23 12:18:20,-0.06201,0.60812,0.68987,0.0,0.0,-0.06201,-0.06201,-0.06102,-0.06496,-0.06398,-0.06398,-0.06398,-0.0689,-0.0689,-0.06791
2023-05-23 12:18:22,-0.06201,0.63062,0.69455,300.0,0.0,-0.06201,-0.06201,-0.06102,-0.06496,-0.06398,-0.06398,-0.06398,-0.0689,-0.0689,-0.06791
2023-05-23 12:18:23,-0.06201,0.61063,0.69076,0.0,10.0,-0.06201,-0.06201,-0.06102,-0.06496,-0.06398,-0.06398,-0.06398,-0.0689,-0.0689,-0.06791
2023-05-23 12:18:25,-0.06201,0.64451,0.64958,0.0,0.0,-0.06201,-0.06201,-0.06102,-0.06496,-0.06398,-0.06398,-0.06398,-0.0689,-0.0689,-0.06791
2023-05-23 12:18:28,-0.06201,0.59891,0.63979,1.0,0.0,-0.06201,-0.06201,-0.06102,-0.06496,-0.06398,-0.06398,-0.06398,-0.0689,-0.0689,-0.06791
2023-05-23 12:18:31,-0.06201,0.64895,0.66122,11.0,0.0,-0.06201,-0.06201,-0.06102,-0.06496,-0.06398,-0.06398,-0.06398,-0.0689,-0.0689,-0.06791
2023-05-23 12:18:33,-0.06201,0.64881,0.66119,5.0,0.0,-0.06201,-0.06201,-0.06102,-0.06496,-0.06398,-0.06398,-0.06398,-0.0689,-0.0689,-0.06791
2023-05-23 12:18:34,-0.06299,0.67027,0.66599,0.0,10.0,-0.06299,-0.06201,-0.06102,-0.06496,-0.06398,-0.06398,-0.06398,-0.0689,-0.0689,-0.06791
2023-05-23 12:18:36,-0.06299,0.4873,0.62287,1.0,0.0,-0.06299,-0.06201,-0.06102,-0.06496,-0.06398,-0.06398,-0.06398,-0.0689,-0.0689,-0.06791
2023-05-23 12:18:38,-0.06299,0.48726,0.62294,0.0,-10.0,-0.06299,-0.06201,-0.06102,-0.06496,-0.06398,-0.06398,-0.06398,-0.0689,-0.0689,-0.06791
2023-05-23 12:18:40,-0.06299,0.48414,0.62184,0.0,-1.0,-0.06299,-0.06201,-0.06102,-0.06496,-0.06398,-0.06398,-0.06398,-0.0689,-0.0689,-0.06791
2023-05-23 12:18:42,-0.06299,0.27005,0.51691,0.0,0.0,-0.06299,-0.06201,-0.06102,-0.06496,-0.06398,-0.06398,-0.06398,-0.0689,-0.0689,-0.06791
2023-05-23 12:18:44,-0.06299,0.26002,0.51355,-202.0,0.0,-0.06299,-0.06201,-0.06102,-0.06496,-0.06398,-0.06398,-0.06398,-0.0689,-0.0689,-0.06791
2023-05-23 12:18:46,-0.06299,0.25069,0.51122,155.0,0.0,-0.06299,-0.06201,-0.06102,-0.06496,-0.06398,-0.06398,-0.06398,-0.0689,-0.0689,-0.06791
2023-05-23 12:18:47,-0.06299,0.2421,0.507,-248.0,209.0,-0.06299,-0.06201,-0.06102,-0.06496,-0.06398,-0.06398,-0.06398,-0.0689,-0.0689,-0.06791
2023-05-23 12:18:49,-0.06398,0.35065,0.55018,20.0,0.0,-0.06398,-0.06201,-0.06102,-0.06496,-0.06398,-0.06398,-0.06398,-0.0689,-0.0689,-0.06791
2023-05-23 12:18:51,-0.06201,0.31145,0.53547,-1127.0,0.0,-0.06201,-0.06201,-0.06102,-0.06496,-0.06398,-0.06398,-0.06398,-0.0689,-0.0689,-0.06791
2023-05-23 12:18:53,-0.06201,0.20778,0.49177,100.0,0.0,-0.06201,-0.06201,-0.06102,-0.06496,-0.06398,-0.06398,-0.06398,-0.0689,-0.0689,-0.06791
2023-05-23 12:18:55,-0.06299,0.20771,0.49187,2.0,0.0,-0.06299,-0.06201,-0.06102,-0.06496,-0.06398,-0.06398,-0.06398,-0.0689,-0.0689,-0.06791
2023-05-23 12:18:57,-0.06299,0.45463,0.61029,0.0,0.0,-0.06299,-0.06201,-0.06102,-0.06496,-0.06398,-0.06398,-0.06398,-0.0689,-0.0689,-0.06791
2023-05-23 12:18:59,-0.06299,0.45461,0.6103,0.0,10.0,-0.06299,-0.06201,-0.06102,-0.06496,-0.06398,-0.06398,-0.06398,-0.0689,-0.0689,-0.06791
2023-05-23 12:19:00,-0.06299,0.47838,0.61672,20.0,0.0,-0.06299,-0.06299,-0.06299,-0.06201,-0.06102,-0.06496,-0.06398,-0.06398,-0.06398,-0.0689
2023-05-23 12:19:02,-0.06299,0.20833,0.49513,0.0,0.0,-0.06299,-0.06299,-0.06299,-0.06201,-0.06102,-0.06496,-0.06398,-0.06398,-0.06398,-0.0689
2023-05-23 12:19:04,-0.06299,0.20123,0.48927,-1.0,0.0,-0.06299,-0.06299,-0.06299,-0.06201,-0.06102,-0.06496,-0.06398,-0.06398,-0.06398,-0.0689
2023-05-23 12:19:06,-0.06299,0.20349,0.48456,0.0,1039.0,-0.06299,-0.06299,-0.06299,-0.06201,-0.06102,-0.06496,-0.06398,-0.06398,-0.06398,-0.0689
2023-05-23 12:19:08,-0.06299,0.42953,0.58607,0.0,5.0,-0.06299,-0.06299,-0.06299,-0.06201,-0.06102,-0.06496,-0.06398,-0.06398,-0.06398,-0.0689
2023-05-23 12:19:10,-0.06299,0.43645,0.59028,0.0,0.0,-0.06299,-0.06299,-0.06299,-0.06201,-0.06102,-0.06496,-0.06398,-0.06398,-0.06398,-0.0689
2023-05-23 12:19:12,-0.06299,0.44963,0.59508,0.0,-632.0,-0.06299,-0.06299,-0.06299,-0.06201,-0.06102,-0.06496,-0.06398,-0.06398,-0.06398,-0.0689
2023-05-23 12:19:13,-0.06299,0.44952,0.58748,0.0,0.0,-0.06299,-0.06299,-0.06299,-0.06201,-0.06102,-0.06496,-0.06398,-0.06398,-0.06398,-0.0689
2023-05-23 12:19:15,-0.06201,0.44904,0.5933,0.0,0.0,-0.06201,-0.06299,-0.06299,-0.06201,-0.06102,-0.06496,-0.06398,-0.06398,-0.06398,-0.0689
2023-05-23 12:19:17,-0.06201,0.44568,0.59218,-600.0,-1.0,-0.06201,-0.06299,-0.06299,-0.06201,-0.06102,-0.06496,-0.06398,-0.06398,-0.06398,-0.0689
2023-05-23 12:19:19,-0.06201,0.42175,0.59544,0.0,-443.0,-0.06201,-0.06299,-0.06299,-0.06201,-0.06102,-0.06496,-0.06398,-0.06398,-0.06398,-0.0689
2023-05-23 12:19:21,-0.06201,0.42217,0.59554,1.0,0.0,-0.06201,-0.06299,-0.06299,-0.06201,-0.06102,-0.06496,-0.06398,-0.06398,-0.06398,-0.0689
2023-05-23 12:19:23,-0.06201,0.4425,0.60104,-1.0,0.0,-0.06201,-0.06299,-0.06299,-0.06201,-0.06102,-0.06496,-0.06398,-0.06398,-0.06398,-0.0689
2023-05-23 12:19:24,-0.06201,0.4434,0.60118,1.0,0.0,-0.06201,-0.06299,-0.06299,-0.06201,-0.06102,-0.06496,-0.06398,-0.06398,-0.06398,-0.0689
2023-05-23 12:19:26,-0.06201,0.96451,0.67821,0.0,-20.0,-0.06201,-0.06299,-0.06299,-0.06201,-0.06102,-0.06496,-0.06398,-0.06398,-0.06398,-0.0689
2023-05-23 12:19:28,-0.06201,0.95785,0.67239,1.0,0.0,-0.06201,-0.06299,-0.06299,-0.06201,-0.06102,-0.06496,-0.06398,-0.06398,-0.06398,-0.0689
2023-05-23 12:19:30,-0.06201,0.28596,0.52708,-2852.0,6054.0,-0.06201,-0.06299,-0.06299,-0.06201,-0.06102,-0.06496,-0.06398,-0.06398,-0.06398,-0.0689
2023-05-23 12:19:32,-0.06201,0.33025,0.57407,0.0,-4225.0,-0.06201,-0.06299,-0.06299,-0.06201,-0.06102,-0.06496,-0.06398,-0.06398,-0.06398,-0.0689
2023-05-23 12:19:34,-0.06201,0.32585,0.57058,0.0,5.0,-0.06201,-0.06299,-0.06299,-0.06201,-0.06102,-0.06496,-0.06398,-0.06398,-0.06398,-0.0689
2023-05-23 12:19:36,-0.06201,0.3118,0.56649,-2673.0,6366.0,-0.06201,-0.06299,-0.06299,-0.06201,-0.06102,-0.06496,-0.06398,-0.06398,-0.06398,-0.0689
2023-05-23 12:19:37,-0.06201,0.31488,0.57102,0.0,-503.0,-0.06201,-0.06299,-0.06299,-0.06201,-0.06102,-0.06496,-0.06398,-0.06398,-0.06398,-0.0689
2023-05-23 12:19:39,-0.06201,0.31491,0.56727,0.0,503.0,-0.06201,-0.06299,-0.06299,-0.06201,-0.06102,-0.06496,-0.06398,-0.06398,-0.06398,-0.0689
2023-05-23 12:19:41,-0.06299,0.31765,0.57239,0.0,0.0,-0.06299,-0.06299,-0.06299,-0.06201,-0.06102,-0.06496,-0.06398,-0.06398,-0.06398,-0.0689
2023-05-23 12:19:43,-0.06201,0.74978,0.66425,0.0,-533.0,-0.06201,-0.06299,-0.06299,-0.06201,-0.06102,-0.06496,-0.06398,-0.06398,-0.06398,-0.0689
2023-05-23 12:19:45,-0.06201,0.75241,0.66484,0.0,-503.0,-0.06201,-0.06299,-0.06299,-0.06201,-0.06102,-0.06496,-0.06398,-0.06398,-0.06398,-0.0689
2023-05-23 12:19:47,-0.06102,0.78119,0.67052,0.0,-150.0,-0.06102,-0.06299,-0.06299,-0.06201,-0.06102,-0.06496,-0.06398,-0.06398,-0.06398,-0.0689
2023-05-23 12:19:48,-0.06102,0.78907,0.67732,0.0,-503.0,-0.06102,-0.06299,-0.06299,-0.06201,-0.06102,-0.06496,-0.06398,-0.06398,-0.06398,-0.0689
2023-05-23 12:19:50,-0.06201,0.74772,0.66667,-732.0,0.0,-0.06201,-0.06299,-0.06299,-0.06201,-0.06102,-0.06496,-0.06398,-0.06398,-0.06398,-0.0689
2023-05-23 12:19:52,-0.06201,0.74856,0.67099,0.0,-429.0,-0.06201,-0.06299,-0.06299,-0.06201,-0.06102,-0.06496,-0.06398,-0.06398,-0.06398,-0.0689
2023-05-23 12:19:54,-0.06102,0.74846,0.66803,0.0,0.0,-0.06102,-0.06299,-0.06299,-0.06201,-0.06102,-0.06496,-0.06398,-0.06398,-0.06398,-0.0689
2023-05-23 12:19:56,-0.06102,0.72885,0.66303,0.0,0.0,-0.06102,-0.06299,-0.06299,-0.06201,-0.06102,-0.06496,-0.06398,-0.06398,-0.06398,-0.0689
2023-05-23 12:19:58,-0.06102,0.72885,0.67749,0.0,-1500.0,-0.06102,-0.06299,-0.06299,-0.06201,-0.06102,-0.06496,-0.06398,-0.06398,-0.06398,-0.0689
2023-05-23 12:20:00,-0.06299,0.72872,0.67746,0.0,3.0,-0.06299,-0.06299,-0.06299,-0.06201,-0.06102,-0.06496,-0.06398,-0.06398,-0.06398,-0.0689
2023-05-23 12:20:01,-0.06102,0.65199,0.65031,200.0,0.0,-0.06102,-0.06299,-0.06299,-0.06299,-0.06299,-0.06201,-0.06102,-0.06496,-0.06398,-0.06398
2023-05-23 12:20:03,-0.06102,1.19656,0.8266,0.0,-500.0,-0.06102,-0.06102,-0.06102,-0.06299,-0.06299,-0.06201,-0.06102,-0.06496,-0.06398,-0.06398
2023-05-23 12:20:05,-0.06102,0.60945,0.64292,0.0,10.0,-0.06102,-0.06102,-0.06102,-0.06299,-0.06299,-0.06201,-0.06102,-0.06496,-0.06398,-0.06398
2023-05-23 12:20:07,-0.06201,0.64067,0.64788,0.0,0.0,-0.06201,-0.06102,-0.06102,-0.06299,-0.06299,-0.06201,-0.06102,-0.06496,-0.06398,-0.06398
2023-05-23 12:20:09,-0.06102,0.64418,0.63504,1.0,0.0,-0.06102,-0.06102,-0.06102,-0.06299,-0.06299,-0.06201,-0.06102,-0.06496,-0.06398,-0.06398
2023-05-23 12:20:11,-0.06102,0.6672,0.64171,1.0,0.0,-0.06102,-0.06102,-0.06102,-0.06299,-0.06299,-0.06201,-0.06102,-0.06496,-0.06398,-0.06398
2023-05-23 12:20:13,-0.06102,0.66639,0.64148,0.0,10.0,-0.06102,-0.06102,-0.06102,-0.06299,-0.06299,-0.06201,-0.06102,-0.06496,-0.06398,-0.06398
2023-05-23 12:20:14,-0.06201,0.66823,0.64759,0.0,-100.0,-0.06201,-0.06102,-0.06102,-0.06299,-0.06299,-0.06201,-0.06102,-0.06496,-0.06398,-0.06398
2023-05-23 12:20:16,-0.06102,0.69522,0.65575,0.0,0.0,-0.06102,-0.06102,-0.06102,-0.06299,-0.06299,-0.06201,-0.06102,-0.06496,-0.06398,-0.06398
2023-05-23 12:20:18,-0.06201,0.71723,0.66239,479.0,0.0,-0.06201,-0.06102,-0.06102,-0.06299,-0.06299,-0.06201,-0.06102,-0.06496,-0.06398,-0.06398
2023-05-23 12:20:20,-0.06102,0.70156,0.65914,0.0,0.0,-0.06102,-0.06102,-0.06102,-0.06299,-0.06299,-0.06201,-0.06102,-0.06496,-0.06398,-0.06398
2023-05-23 12:20:22,-0.06102,0.70124,0.65904,0.0,10.0,-0.06102,-0.06102,-0.06102,-0.06299,-0.06299,-0.06201,-0.06102,-0.06496,-0.06398,-0.06398
2023-05-23 12:20:24,-0.06102,0.70733,0.49485,0.0,-287.0,-0.06102,-0.06102,-0.06102,-0.06299,-0.06299,-0.06201,-0.06102,-0.06496,-0.06398,-0.06398
2023-05-23 12:20:26,-0.06201,0.70979,0.5003,0.0,-100.0,-0.06201,-0.06102,-0.06102,-0.06299,-0.06299,-0.06201,-0.06102,-0.06496,-0.06398,-0.06398
2023-05-23 12:20:27,-0.06102,0.70753,0.49977,-49.0,0.0,-0.06102,-0.06102,-0.06102,-0.06299,-0.06299,-0.06201,-0.06102,-0.06496,-0.06398,-0.06398
2023-05-23 12:20:29,-0.06102,0.71224,0.5011,-1.0,0.0,-0.06102,-0.06102,-0.06102,-0.06299,-0.06299,-0.06201,-0.06102,-0.06496,-0.06398,-0.06398
2023-05-23 12:20:31,-0.06102,0.67511,0.4929,0.0,0.0,-0.06102,-0.06102,-0.06102,-0.06299,-0.06299,-0.06201,-0.06102,-0.06496,-0.06398,-0.06398
2023-05-23 12:20:33,-0.06102,0.69182,0.49821,2.0,0.0,-0.06102,-0.06102,-0.06102,-0.06299,-0.06299,-0.06201,-0.06102,-0.06496,-0.06398,-0.06398
2023-05-23 12:20:35,-0.06201,0.69111,0.49811,0.0,20.0,-0.06201,-0.06102,-0.06102,-0.06299,-0.06299,-0.06201,-0.06102,-0.06496,-0.06398,-0.06398
2023-05-23 12:20:37,-0.06102,0.70478,0.50115,300.0,0.0,-0.06102,-0.06102,-0.06102,-0.06299,-0.06299,-0.06201,-0.06102,-0.06496,-0.06398,-0.06398
2023-05-23 12:20:39,-0.06102,0.70506,0.48722,0.0,0.0,-0.06102,-0.06102,-0.06102,-0.06299,-0.06299,-0.06201,-0.06102,-0.06496,-0.06398,-0.06398
2023-05-23 12:20:41,-0.06102,0.67975,0.48335,0.0,1.0,-0.06102,-0.06102,-0.06102,-0.06299,-0.06299,-0.06201,-0.06102,-0.06496,-0.06398,-0.06398
2023-05-23 12:20:42,-0.06102,0.6793,0.64821,0.0,-25878.0,-0.06102,-0.06102,-0.06102,-0.06299,-0.06299,-0.06201,-0.06102,-0.06496,-0.06398,-0.06398
2023-05-23 12:20:44,-0.06201,0.6867,0.65031,22.0,0.0,-0.06201,-0.06102,-0.06102,-0.06299,-0.06299,-0.06201,-0.06102,-0.06496,-0.06398,-0.06398
2023-05-23 12:20:46,-0.06201,0.69147,0.65152,9.0,0.0,-0.06201,-0.06102,-0.06102,-0.06299,-0.06299,-0.06201,-0.06102,-0.06496,-0.06398,-0.06398
2023-05-23 12:20:48,-0.06102,0.70939,0.65604,0.0,0.0,-0.06102,-0.06102,-0.06102,-0.06299,-0.06299,-0.06201,-0.06102,-0.06496,-0.06398,-0.06398
2023-05-23 12:20:50,-0.06102,0.69283,0.65161,0.0,2.0,-0.06102,-0.06102,-0.06102,-0.06299,-0.06299,-0.06201,-0.06102,-0.06496,-0.06398,-0.06398
2023-05-23 12:20:52,-0.06102,0.69283,0.65161,0.0,2.0,-0.06102,-0.06102,-0.06102,-0.06299,-0.06299,-0.06201,-0.06102,-0.06496,-0.06398,-0.06398
2023-05-23 12:20:53,-0.06102,0.6925,0.66161,0.0,10.0,-0.06102,-0.06102,-0.06102,-0.06299,-0.06299,-0.06201,-0.06102,-0.06496,-0.06398,-0.06398
2023-05-23 12:20:55,-0.06201,0.67993,0.65663,0.0,0.0,-0.06201,-0.06102,-0.06102,-0.06299,-0.06299,-0.06201,-0.06102,-0.06496,-0.06398,-0.06398
2023-05-23 12:20:57,-0.06102,0.67947,0.70009,3242.0,0.0,-0.06102,-0.06102,-0.06102,-0.06299,-0.06299,-0.06201,-0.06102,-0.06496,-0.06398,-0.06398
2023-05-23 12:20:59,-0.06201,0.68853,0.70276,0.0,0.0,-0.06201,-0.06102,-0.06102,-0.06299,-0.06299,-0.06201,-0.06102,-0.06496,-0.06398,-0.06398
2023-05-23 12:21:01,-0.06201,0.69704,0.71211,200.0,0.0,-0.06201,-0.06102,-0.06102,-0.06102,-0.06102,-0.06299,-0.06299,-0.06201,-0.06102,-0.06496
2023-05-23 12:21:03,-0.06201,0.69704,0.71211,0.0,0.0,-0.06201,-0.06102,-0.06102,-0.06102,-0.06102,-0.06299,-0.06299,-0.06201,-0.06102,-0.06496
2023-05-23 12:21:04,-0.06102,0.71619,0.7177,0.0,0.0,-0.06102,-0.06201,-0.06201,-0.06102,-0.06102,-0.06299,-0.06299,-0.06201,-0.06102,-0.06496
2023-05-23 12:21:06,-0.06201,0.73312,0.72247,0.0,0.0,-0.06201,-0.06201,-0.06201,-0.06102,-0.06102,-0.06299,-0.06299,-0.06201,-0.06102,-0.06496
2023-05-23 12:21:08,-0.06102,0.71816,0.73011,0.0,0.0,-0.06102,-0.06201,-0.06201,-0.06102,-0.06102,-0.06299,-0.06299,-0.06201,-0.06102,-0.06496
2023-05-23 12:21:10,-0.06102,0.73868,0.73597,428.0,0.0,-0.06102,-0.06201,-0.06201,-0.06102,-0.06102,-0.06299,-0.06299,-0.06201,-0.06102,-0.06496
2023-05-23 12:21:12,-0.06102,0.68975,0.72118,0.0,206.0,-0.06102,-0.06201,-0.06201,-0.06102,-0.06102,-0.06299,-0.06299,-0.06201,-0.06102,-0.06496
2023-05-23 12:21:14,-0.06102,0.68975,0.72118,0.0,206.0,-0.06102,-0.06201,-0.06201,-0.06102,-0.06102,-0.06299,-0.06299,-0.06201,-0.06102,-0.06496
2023-05-23 12:21:16,-0.06102,0.73148,0.7337,0.0,0.0,-0.06102,-0.06201,-0.06201,-0.06102,-0.06102,-0.06299,-0.06299,-0.06201,-0.06102,-0.06496
2023-05-23 12:21:17,-0.06102,0.80506,0.75802,800.0,0.0,-0.06102,-0.06201,-0.06201,-0.06102,-0.06102,-0.06299,-0.06299,-0.06201,-0.06102,-0.06496
2023-05-23 12:21:19,-0.06102,0.82669,0.77562,70.0,0.0,-0.06102,-0.06201,-0.06201,-0.06102,-0.06102,-0.06299,-0.06299,-0.06201,-0.06102,-0.06496
2023-05-23 12:21:21,-0.06201,0.8293,0.77641,56.0,0.0,-0.06201,-0.06201,-0.06201,-0.06102,-0.06102,-0.06299,-0.06299,-0.06201,-0.06102,-0.06496
2023-05-23 12:21:23,-0.06201,0.82633,0.77521,0.0,5.0,-0.06201,-0.06201,-0.06201,-0.06102,-0.06102,-0.06299,-0.06299,-0.06201,-0.06102,-0.06496
2023-05-23 12:21:25,-0.06201,0.88689,0.79264,0.0,0.0,-0.06201,-0.06201,-0.06201,-0.06102,-0.06102,-0.06299,-0.06299,-0.06201,-0.06102,-0.06496
2023-05-23 12:21:27,-0.06201,0.88951,0.79579,0.0,1.0,-0.06201,-0.06201,-0.06201,-0.06102,-0.06102,-0.06299,-0.06299,-0.06201,-0.06102,-0.06496
2023-05-23 12:21:29,-0.06201,0.81488,0.77488,0.0,2.0,-0.06201,-0.06201,-0.06201,-0.06102,-0.06102,-0.06299,-0.06299,-0.06201,-0.06102,-0.06496
2023-05-23 12:21:30,-0.06201,0.81045,0.77348,0.0,100.0,-0.06201,-0.06201,-0.06201,-0.06102,-0.06102,-0.06299,-0.06299,-0.06201,-0.06102,-0.06496
2023-05-23 12:21:32,-0.06201,0.81045,0.77348,0.0,100.0,-0.06201,-0.06201,-0.06201,-0.06102,-0.06102,-0.06299,-0.06299,-0.06201,-0.06102,-0.06496
2023-05-23 12:21:34,-0.06201,0.81045,0.77348,0.0,100.0,-0.06201,-0.06201,-0.06201,-0.06102,-0.06102,-0.06299,-0.06299,-0.06201,-0.06102,-0.06496
2023-05-23 12:21:37,-0.06201,0.79706,0.78054,-1109.0,0.0,-0.06201,-0.06201,-0.06201,-0.06102,-0.06102,-0.06299,-0.06299,-0.06201,-0.06102,-0.06496
2023-05-23 12:21:40,-0.06201,0.83463,0.78124,0.0,4.0,-0.06201,-0.06201,-0.06201,-0.06102,-0.06102,-0.06299,-0.06299,-0.06201,-0.06102,-0.06496
2023-05-23 12:21:41,-0.06201,0.84435,0.78394,0.0,368.0,-0.06201,-0.06201,-0.06201,-0.06102,-0.06102,-0.06299,-0.06299,-0.06201,-0.06102,-0.06496
2023-05-23 12:21:43,-0.06201,0.81385,0.77473,0.0,3.0,-0.06201,-0.06201,-0.06201,-0.06102,-0.06102,-0.06299,-0.06299,-0.06201,-0.06102,-0.06496
2023-05-23 12:21:45,-0.06201,0.83513,0.78166,0.0,0.0,-0.06201,-0.06201,-0.06201,-0.06102,-0.06102,-0.06299,-0.06299,-0.06201,-0.06102,-0.06496
2023-05-23 12:21:47,-0.06201,0.85229,0.78683,0.0,0.0,-0.06201,-0.06201,-0.06201,-0.06102,-0.06102,-0.06299,-0.06299,-0.06201,-0.06102,-0.06496
2023-05-23 12:21:49,-0.06201,0.50798,0.67846,0.0,0.0,-0.06201,-0.06201,-0.06201,-0.06102,-0.06102,-0.06299,-0.06299,-0.06201,-0.06102,-0.06496
2023-05-23 12:21:51,-0.06201,0.50601,0.66451,0.0,0.0,-0.06201,-0.06201,-0.06201,-0.06102,-0.06102,-0.06299,-0.06299,-0.06201,-0.06102,-0.06496
2023-05-23 12:21:53,-0.06201,0.50712,0.66482,80.0,0.0,-0.06201,-0.06201,-0.06201,-0.06102,-0.06102,-0.06299,-0.06299,-0.06201,-0.06102,-0.06496
2023-05-23 12:21:54,-0.06201,0.58138,0.68991,0.0,500.0,-0.06201,-0.06201,-0.06201,-0.06102,-0.06102,-0.06299,-0.06299,-0.06201,-0.06102,-0.06496
2023-05-23 12:21:56,-0.06201,0.58101,0.69005,-2.0,0.0,-0.06201,-0.06201,-0.06201,-0.06102,-0.06102,-0.06299,-0.06299,-0.06201,-0.06102,-0.06496
2023-05-23 12:21:58,-0.06201,0.6021,0.69767,500.0,0.0,-0.06201,-0.06201,-0.06201,-0.06102,-0.06102,-0.06299,-0.06299,-0.06201,-0.06102,-0.06496
2023-05-23 12:22:00,-0.06201,0.60581,0.69885,0.0,0.0,-0.06201,-0.06201,-0.06201,-0.06201,-0.06201,-0.06102,-0.06102,-0.06299,-0.06299,-0.06201
2023-05-23 12:22:02,-0.06299,0.60633,0.69887,0.0,0.0,-0.06299,-0.06299,-0.06201,-0.06201,-0.06201,-0.06102,-0.06102,-0.06299,-0.06299,-0.06201
2023-05-23 12:22:04,-0.06299,0.66247,0.71878,0.0,1.0,-0.06299,-0.06299,-0.06201,-0.06201,-0.06201,-0.06102,-0.06102,-0.06299,-0.06299,-0.06201
2023-05-23 12:22:06,-0.06299,0.66247,0.71878,0.0,0.0,-0.06299,-0.06299,-0.06201,-0.06201,-0.06201,-0.06102,-0.06102,-0.06299,-0.06299,-0.06201
2023-05-23 12:22:07,-0.06299,0.66495,0.71973,0.0,-100.0,-0.06299,-0.06299,-0.06201,-0.06201,-0.06201,-0.06102,-0.06102,-0.06299,-0.06299,-0.06201
2023-05-23 12:22:09,-0.06201,0.63493,0.70808,-1.0,0.0,-0.06201,-0.06299,-0.06201,-0.06201,-0.06201,-0.06102,-0.06102,-0.06299,-0.06299,-0.06201
2023-05-23 12:22:11,-0.06201,0.78789,0.77363,0.0,0.0,-0.06201,-0.06299,-0.06201,-0.06201,-0.06201,-0.06102,-0.06102,-0.06299,-0.06299,-0.06201
2023-05-23 12:22:13,-0.06299,0.79152,0.77473,0.0,0.0,-0.06299,-0.06299,-0.06201,-0.06201,-0.06201,-0.06102,-0.06102,-0.06299,-0.06299,-0.06201
2023-05-23 12:22:15,-0.06299,0.78787,0.77394,0.0,0.0,-0.06299,-0.06299,-0.06201,-0.06201,-0.06201,-0.06102,-0.06102,-0.06299,-0.06299,-0.06201
2023-05-23 12:22:17,-0.06299,0.78787,0.77394,0.0,0.0,-0.06299,-0.06299,-0.06201,-0.06201,-0.06201,-0.06102,-0.06102,-0.06299,-0.06299,-0.06201
2023-05-23 12:22:19,-0.06201,0.78449,0.77292,0.0,1.0,-0.06201,-0.06299,-0.06201,-0.06201,-0.06201,-0.06102,-0.06102,-0.06299,-0.06299,-0.06201
2023-05-23 12:22:20,-0.06299,0.80702,0.77416,0.0,0.0,-0.06299,-0.06299,-0.06201,-0.06201,-0.06201,-0.06102,-0.06102,-0.06299,-0.06299,-0.06201
2023-05-23 12:22:22,-0.06201,0.81909,0.77769,0.0,2.0,-0.06201,-0.06299,-0.06201,-0.06201,-0.06201,-0.06102,-0.06102,-0.06299,-0.06299,-0.06201
2023-05-23 12:22:24,-0.06201,0.81644,0.77693,0.0,100.0,-0.06201,-0.06299,-0.06201,-0.06201,-0.06201,-0.06102,-0.06102,-0.06299,-0.06299,-0.06201
2023-05-23 12:22:26,-0.06201,0.8089,0.77472,0.0,200.0,-0.06201,-0.06299,-0.06201,-0.06201,-0.06201,-0.06102,-0.06102,-0.06299,-0.06299,-0.06201
2023-05-23 12:22:28,-0.06201,0.82026,0.77472,0.0,0.0,-0.06201,-0.06299,-0.06201,-0.06201,-0.06201,-0.06102,-0.06102,-0.06299,-0.06299,-0.06201
2023-05-23 12:22:30,-0.06201,0.81644,0.77362,0.0,100.0,-0.06201,-0.06299,-0.06201,-0.06201,-0.06201,-0.06102,-0.06102,-0.06299,-0.06299,-0.06201
2023-05-23 12:22:31,-0.06201,0.81625,0.78112,0.0,0.0,-0.06201,-0.06299,-0.06201,-0.06201,-0.06201,-0.06102,-0.06102,-0.06299,-0.06299,-0.06201
2023-05-23 12:22:33,-0.06201,0.82235,0.78276,-22.0,0.0,-0.06201,-0.06299,-0.06201,-0.06201,-0.06201,-0.06102,-0.06102,-0.06299,-0.06299,-0.06201
2023-05-23 12:22:35,-0.06201,0.83009,0.78499,0.0,-200.0,-0.06201,-0.06299,-0.06201,-0.06201,-0.06201,-0.06102,-0.06102,-0.06299,-0.06299,-0.06201
2023-05-23 12:22:37,-0.06201,0.8113,0.77921,0.0,527.0,-0.06201,-0.06299,-0.06201,-0.06201,-0.06201,-0.06102,-0.06102,-0.06299,-0.06299,-0.06201
2023-05-23 12:22:39,-0.06299,0.82382,0.783,200.0,0.0,-0.06299,-0.06299,-0.06201,-0.06201,-0.06201,-0.06102,-0.06102,-0.06299,-0.06299,-0.06201
2023-05-23 12:22:41,-0.06299,0.82016,0.78194,0.0,100.0,-0.06299,-0.06299,-0.06201,-0.06201,-0.06201,-0.06102,-0.06102,-0.06299,-0.06299,-0.06201
2023-05-23 12:22:43,-0.06299,0.83679,0.78619,0.0,-5.0,-0.06299,-0.06299,-0.06201,-0.06201,-0.06201,-0.06102,-0.06102,-0.06299,-0.06299,-0.06201
2023-05-23 12:22:44,-0.06201,0.78614,0.77085,0.0,0.0,-0.06201,-0.06299,-0.06201,-0.06201,-0.06201,-0.06102,-0.06102,-0.06299,-0.06299,-0.06201
2023-05-23 12:22:46,-0.06201,0.82322,0.77918,0.0,50.0,-0.06201,-0.06299,-0.06201,-0.06201,-0.06201,-0.06102,-0.06102,-0.06299,-0.06299,-0.06201
2023-05-23 12:22:48,-0.06299,0.82313,0.77914,-11.0,-11.0,-0.06299,-0.06299,-0.06201,-0.06201,-0.06201,-0.06102,-0.06102,-0.06299,-0.06299,-0.06201
2023-05-23 12:22:50,-0.06299,0.80766,0.77474,0.0,100.0,-0.06299,-0.06299,-0.06201,-0.06201,-0.06201,-0.06102,-0.06102,-0.06299,-0.06299,-0.06201
2023-05-23 12:22:52,-0.06299,0.80648,0.77441,0.0,30.0,-0.06299,-0.06299,-0.06201,-0.06201,-0.06201,-0.06102,-0.06102,-0.06299,-0.06299,-0.06201
2023-05-23 12:22:54,-0.06299,0.76956,0.76465,0.0,-20.0,-0.06299,-0.06299,-0.06201,-0.06201,-0.06201,-0.06102,-0.06102,-0.06299,-0.06299,-0.06201
2023-05-23 12:22:56,-0.06299,0.81305,0.78,700.0,0.0,-0.06299,-0.06299,-0.06201,-0.06201,-0.06201,-0.06102,-0.06102,-0.06299,-0.06299,-0.06201
2023-05-23 12:22:57,-0.06299,0.76428,0.76492,0.0,-21.0,-0.06299,-0.06299,-0.06201,-0.06201,-0.06201,-0.06102,-0.06102,-0.06299,-0.06299,-0.06201
2023-05-23 12:22:59,-0.06201,0.76054,0.76274,0.0,100.0,-0.06201,-0.06201,-0.06201,-0.06201,-0.06201,-0.06102,-0.06102,-0.06299,-0.06299,-0.06201
2023-05-23 12:23:01,-0.06201,0.75711,0.76127,0.0,0.0,-0.06201,-0.06201,-0.06299,-0.06299,-0.06201,-0.06201,-0.06201,-0.06102,-0.06102,-0.06299
2023-05-23 12:23:03,-0.06299,0.78559,0.76774,0.0,-741.0,-0.06299,-0.06201,-0.06299,-0.06299,-0.06201,-0.06201,-0.06201,-0.06102,-0.06102,-0.06299
2023-05-23 12:23:05,-0.06201,0.77991,0.76615,-36.0,0.0,-0.06201,-0.06201,-0.06299,-0.06299,-0.06201,-0.06201,-0.06201,-0.06102,-0.06102,-0.06299
2023-05-23 12:23:07,-0.06299,0.77989,0.76504,0.0,0.0,-0.06299,-0.06201,-0.06299,-0.06299,-0.06201,-0.06201,-0.06201,-0.06102,-0.06102,-0.06299
2023-05-23 12:23:09,-0.06299,0.78785,0.76724,0.0,0.0,-0.06299,-0.06201,-0.06299,-0.06299,-0.06201,-0.06201,-0.06201,-0.06102,-0.06102,-0.06299
2023-05-23 12:23:11,-0.06299,0.80336,0.78164,0.0,0.0,-0.06299,-0.06201,-0.06299,-0.06299,-0.06201,-0.06201,-0.06201,-0.06102,-0.06102,-0.06299
2023-05-23 12:23:12,-0.06299,0.80377,0.78176,0.0,0.0,-0.06299,-0.06201,-0.06299,-0.06299,-0.06201,-0.06201,-0.06201,-0.06102,-0.06102,-0.06299
2023-05-23 12:23:14,-0.06299,0.81626,0.78515,0.0,-300.0,-0.06299,-0.06201,-0.06299,-0.06299,-0.06201,-0.06201,-0.06201,-0.06102,-0.06102,-0.06299
2023-05-23 12:23:16,-0.06299,0.92126,0.81022,0.0,-1600.0,-0.06299,-0.06201,-0.06299,-0.06299,-0.06201,-0.06201,-0.06201,-0.06102,-0.06102,-0.06299
2023-05-23 12:23:18,-0.06299,0.93263,0.80648,0.0,0.0,-0.06299,-0.06201,-0.06299,-0.06299,-0.06201,-0.06201,-0.06201,-0.06102,-0.06102,-0.06299
2023-05-23 12:23:20,-0.06299,0.48328,0.65737,0.0,2.0,-0.06299,-0.06201,-0.06299,-0.06299,-0.06201,-0.06201,-0.06201,-0.06102,-0.06102,-0.06299
2023-05-23 12:23:22,-0.06299,0.47964,0.65511,0.0,500.0,-0.06299,-0.06201,-0.06299,-0.06299,-0.06201,-0.06201,-0.06201,-0.06102,-0.06102,-0.06299
2023-05-23 12:23:24,-0.06299,0.47943,0.65504,0.0,0.0,-0.06299,-0.06201,-0.06299,-0.06299,-0.06201,-0.06201,-0.06201,-0.06102,-0.06102,-0.06299
2023-05-23 12:23:25,-0.06299,0.49581,0.67207,-39.0,0.0,-0.06299,-0.06201,-0.06299,-0.06299,-0.06201,-0.06201,-0.06201,-0.06102,-0.06102,-0.06299
2023-05-23 12:23:27,-0.06398,0.49755,0.6749,-11.0,-11.0,-0.06398,-0.06201,-0.06299,-0.06299,-0.06201,-0.06201,-0.06201,-0.06102,-0.06102,-0.06299
2023-05-23 12:23:29,-0.06398,0.506,0.67468,0.0,10.0,-0.06398,-0.06201,-0.06299,-0.06299,-0.06201,-0.06201,-0.06201,-0.06102,-0.06102,-0.06299
2023-05-23 12:23:31,-0.06398,0.50566,0.67454,0.0,10.0,-0.06398,-0.06201,-0.06299,-0.06299,-0.06201,-0.06201,-0.06201,-0.06102,-0.06102,-0.06299
2023-05-23 12:23:33,-0.06299,0.48319,0.64745,-500.0,0.0,-0.06299,-0.06201,-0.06299,-0.06299,-0.06201,-0.06201,-0.06201,-0.06102,-0.06102,-0.06299
2023-05-23 12:23:35,-0.06398,0.47749,0.6457,0.0,0.0,-0.06398,-0.06201,-0.06299,-0.06299,-0.06201,-0.06201,-0.06201,-0.06102,-0.06102,-0.06299
2023-05-23 12:23:37,-0.06398,0.47899,0.64575,0.0,129.0,-0.06398,-0.06201,-0.06299,-0.06299,-0.06201,-0.06201,-0.06201,-0.06102,-0.06102,-0.06299
2023-05-23 12:23:38,-0.06299,0.47886,0.60186,-2.0,0.0,-0.06299,-0.06201,-0.06299,-0.06299,-0.06201,-0.06201,-0.06201,-0.06102,-0.06102,-0.06299
2023-05-23 12:23:40,-0.06398,0.47886,0.60186,0.0,-100.0,-0.06398,-0.06201,-0.06299,-0.06299,-0.06201,-0.06201,-0.06201,-0.06102,-0.06102,-0.06299
2023-05-23 12:23:42,-0.06398,0.47429,0.60531,0.0,208.0,-0.06398,-0.06201,-0.06299,-0.06299,-0.06201,-0.06201,-0.06201,-0.06102,-0.06102,-0.06299
2023-05-23 12:23:44,-0.06398,0.48151,0.60809,0.0,-340.0,-0.06398,-0.06201,-0.06299,-0.06299,-0.06201,-0.06201,-0.06201,-0.06102,-0.06102,-0.06299
2023-05-23 12:23:46,-0.06398,0.48151,0.60807,0.0,2.0,-0.06398,-0.06201,-0.06299,-0.06299,-0.06201,-0.06201,-0.06201,-0.06102,-0.06102,-0.06299
2023-05-23 12:23:48,-0.06299,0.46913,0.60343,0.0,48.0,-0.06299,-0.06201,-0.06299,-0.06299,-0.06201,-0.06201,-0.06201,-0.06102,-0.06102,-0.06299
2023-05-23 12:23:50,-0.06496,0.13873,0.41313,20.0,0.0,-0.06496,-0.06201,-0.06299,-0.06299,-0.06201,-0.06201,-0.06201,-0.06102,-0.06102,-0.06299
2023-05-23 12:23:51,-0.06496,0.14216,0.41617,0.0,400.0,-0.06496,-0.06201,-0.06299,-0.06299,-0.06201,-0.06201,-0.06201,-0.06102,-0.06102,-0.06299
2023-05-23 12:23:53,-0.06496,0.14456,0.41645,351.0,0.0,-0.06496,-0.06201,-0.06299,-0.06299,-0.06201,-0.06201,-0.06201,-0.06102,-0.06102,-0.06299
2023-05-23 12:23:55,-0.06496,0.16954,0.42636,0.0,0.0,-0.06496,-0.06201,-0.06299,-0.06299,-0.06201,-0.06201,-0.06201,-0.06102,-0.06102,-0.06299
2023-05-23 12:23:57,-0.06398,0.17089,0.42386,0.0,561.0,-0.06398,-0.06201,-0.06299,-0.06299,-0.06201,-0.06201,-0.06201,-0.06102,-0.06102,-0.06299
2023-05-23 12:23:59,-0.06496,0.17073,0.42369,0.0,40.0,-0.06496,-0.06201,-0.06299,-0.06299,-0.06201,-0.06201,-0.06201,-0.06102,-0.06102,-0.06299
2023-05-23 12:24:01,-0.06594,0.1817,0.31577,0.0,32810.0,-0.06594,-0.06496,-0.06496,-0.06201,-0.06299,-0.06299,-0.06201,-0.06201,-0.06201,-0.06102
2023-05-23 12:24:02,-0.06594,0.18127,0.3135,0.0,200.0,-0.06594,-0.06496,-0.06496,-0.06201,-0.06299,-0.06299,-0.06201,-0.06201,-0.06201,-0.06102
2023-05-23 12:24:04,-0.06496,0.24859,0.26569,-801.0,0.0,-0.06496,-0.06496,-0.06496,-0.06201,-0.06299,-0.06299,-0.06201,-0.06201,-0.06201,-0.06102
2023-05-23 12:24:06,-0.06594,0.25683,0.26835,0.0,0.0,-0.06594,-0.06496,-0.06496,-0.06201,-0.06299,-0.06299,-0.06201,-0.06201,-0.06201,-0.06102
2023-05-23 12:24:08,-0.06496,0.22486,0.2626,0.0,3.0,-0.06496,-0.06496,-0.06496,-0.06201,-0.06299,-0.06299,-0.06201,-0.06201,-0.06201,-0.06102
2023-05-23 12:24:10,-0.06594,0.22523,0.2628,0.0,-21.0,-0.06594,-0.06496,-0.06496,-0.06201,-0.06299,-0.06299,-0.06201,-0.06201,-0.06201,-0.06102
2023-05-23 12:24:12,-0.06594,0.21673,0.26847,0.0,1010.0,-0.06594,-0.06496,-0.06496,-0.06201,-0.06299,-0.06299,-0.06201,-0.06201,-0.06201,-0.06102
2023-05-23 12:24:14,-0.06496,0.21753,0.26865,0.0,5.0,-0.06496,-0.06496,-0.06496,-0.06201,-0.06299,-0.06299,-0.06201,-0.06201,-0.06201,-0.06102
2023-05-23 12:24:15,-0.06693,0.18996,0.24071,-604.0,0.0,-0.06693,-0.06496,-0.06496,-0.06201,-0.06299,-0.06299,-0.06201,-0.06201,-0.06201,-0.06102
2023-05-23 12:24:17,-0.06693,0.19457,0.24071,0.0,0.0,-0.06693,-0.06496,-0.06496,-0.06201,-0.06299,-0.06299,-0.06201,-0.06201,-0.06201,-0.06102
2023-05-23 12:24:19,-0.06693,0.20356,0.23894,0.0,0.0,-0.06693,-0.06496,-0.06496,-0.06201,-0.06299,-0.06299,-0.06201,-0.06201,-0.06201,-0.06102
2023-05-23 12:24:21,-0.06693,0.20168,0.23781,0.0,-2.0,-0.06693,-0.06496,-0.06496,-0.06201,-0.06299,-0.06299,-0.06201,-0.06201,-0.06201,-0.06102
2023-05-23 12:24:23,-0.06693,0.20291,0.24041,0.0,-1.0,-0.06693,-0.06496,-0.06496,-0.06201,-0.06299,-0.06299,-0.06201,-0.06201,-0.06201,-0.06102
2023-05-23 12:24:25,-0.06693,0.20542,0.2405,0.0,0.0,-0.06693,-0.06496,-0.06496,-0.06201,-0.06299,-0.06299,-0.06201,-0.06201,-0.06201,-0.06102
2023-05-23 12:24:27,-0.06693,0.19684,0.24055,-288.0,0.0,-0.06693,-0.06496,-0.06496,-0.06201,-0.06299,-0.06299,-0.06201,-0.06201,-0.06201,-0.06102
2023-05-23 12:24:28,-0.06693,0.19361,0.23951,0.0,-575.0,-0.06693,-0.06496,-0.06496,-0.06201,-0.06299,-0.06299,-0.06201,-0.06201,-0.06201,-0.06102
2023-05-23 12:24:30,-0.06693,0.19511,0.24088,0.0,-260.0,-0.06693,-0.06496,-0.06496,-0.06201,-0.06299,-0.06299,-0.06201,-0.06201,-0.06201,-0.06102
2023-05-23 12:24:32,-0.06693,0.19511,0.23605,0.0,0.0,-0.06693,-0.06496,-0.06496,-0.06201,-0.06299,-0.06299,-0.06201,-0.06201,-0.06201,-0.06102
2023-05-23 12:24:34,-0.06693,0.19135,0.23664,4860.0,-9002.0,-0.06693,-0.06496,-0.06496,-0.06201,-0.06299,-0.06299,-0.06201,-0.06201,-0.06201,-0.06102
2023-05-23 12:24:36,-0.06693,0.18966,0.2351,0.0,1.0,-0.06693,-0.06496,-0.06496,-0.06201,-0.06299,-0.06299,-0.06201,-0.06201,-0.06201,-0.06102
2023-05-23 12:24:38,-0.06693,0.18732,0.23433,0.0,1.0,-0.06693,-0.06496,-0.06496,-0.06201,-0.06299,-0.06299,-0.06201,-0.06201,-0.06201,-0.06102
2023-05-23 12:24:39,-0.06594,0.17903,0.23155,0.0,25.0,-0.06594,-0.06496,-0.06496,-0.06201,-0.06299,-0.06299,-0.06201,-0.06201,-0.06201,-0.06102
2023-05-23 12:24:41,-0.06594,0.18795,0.23398,325.0,0.0,-0.06594,-0.06496,-0.06496,-0.06201,-0.06299,-0.06299,-0.06201,-0.06201,-0.06201,-0.06102
2023-05-23 12:24:43,-0.06594,0.18795,0.23397,0.0,1.0,-0.06594,-0.06496,-0.06496,-0.06201,-0.06299,-0.06299,-0.06201,-0.06201,-0.06201,-0.06102
2023-05-23 12:24:46,-0.06594,0.18639,0.23348,-35.0,0.0,-0.06594,-0.06496,-0.06496,-0.06201,-0.06299,-0.06299,-0.06201,-0.06201,-0.06201,-0.06102
2023-05-23 12:24:49,-0.06594,0.08504,0.20534,0.0,0.0,-0.06594,-0.06496,-0.06496,-0.06201,-0.06299,-0.06299,-0.06201,-0.06201,-0.06201,-0.06102
2023-05-23 12:24:51,-0.06693,0.09071,0.20703,0.0,0.0,-0.06693,-0.06496,-0.06496,-0.06201,-0.06299,-0.06299,-0.06201,-0.06201,-0.06201,-0.06102
2023-05-23 12:24:53,-0.06693,0.08687,0.20557,0.0,5.0,-0.06693,-0.06496,-0.06496,-0.06201,-0.06299,-0.06299,-0.06201,-0.06201,-0.06201,-0.06102
2023-05-23 12:24:54,-0.06693,0.08626,0.20519,0.0,-20.0,-0.06693,-0.06496,-0.06496,-0.06201,-0.06299,-0.06299,-0.06201,-0.06201,-0.06201,-0.06102
2023-05-23 12:24:56,-0.06693,0.08714,0.20543,0.0,-40.0,-0.06693,-0.06496,-0.06496,-0.06201,-0.06299,-0.06299,-0.06201,-0.06201,-0.06201,-0.06102
2023-05-23 12:24:58,-0.06693,0.08626,0.20485,0.0,300.0,-0.06693,-0.06496,-0.06496,-0.06201,-0.06299,-0.06299,-0.06201,-0.06201,-0.06201,-0.06102
2023-05-23 12:25:00,-0.06594,0.12771,0.23518,0.0,2.0,-0.06594,-0.06496,-0.06496,-0.06496,-0.06496,-0.06201,-0.06299,-0.06299,-0.06201,-0.06201
2023-05-23 12:25:02,-0.06594,0.13665,0.25484,0.0,4.0,-0.06594,-0.06496,-0.06594,-0.06496,-0.06496,-0.06201,-0.06299,-0.06299,-0.06201,-0.06201
2023-05-23 12:25:04,-0.06594,0.1368,0.26038,0.0,-2618.0,-0.06594,-0.06496,-0.06594,-0.06496,-0.06496,-0.06201,-0.06299,-0.06299,-0.06201,-0.06201
2023-05-23 12:25:06,-0.06594,0.05211,0.19873,-1.0,0.0,-0.06594,-0.06496,-0.06594,-0.06496,-0.06496,-0.06201,-0.06299,-0.06299,-0.06201,-0.06201
2023-05-23 12:25:08,-0.06594,0.0519,0.1986,0.0,0.0,-0.06594,-0.06496,-0.06594,-0.06496,-0.06496,-0.06201,-0.06299,-0.06299,-0.06201,-0.06201
2023-05-23 12:25:09,-0.06594,0.05176,0.19784,0.0,100.0,-0.06594,-0.06496,-0.06594,-0.06496,-0.06496,-0.06201,-0.06299,-0.06299,-0.06201,-0.06201
2023-05-23 12:25:11,-0.06594,0.05167,0.20259,-5276.0,10581.0,-0.06594,-0.06496,-0.06594,-0.06496,-0.06496,-0.06201,-0.06299,-0.06299,-0.06201,-0.06201
2023-05-23 12:25:13,-0.06693,0.05231,0.20286,-330.0,0.0,-0.06693,-0.06496,-0.06594,-0.06496,-0.06496,-0.06201,-0.06299,-0.06299,-0.06201,-0.06201
2023-05-23 12:25:15,-0.06594,0.12586,0.24226,5286.0,0.0,-0.06594,-0.06496,-0.06594,-0.06496,-0.06496,-0.06201,-0.06299,-0.06299,-0.06201,-0.06201
2023-05-23 12:25:17,-0.06693,0.1236,0.24103,-1.0,0.0,-0.06693,-0.06496,-0.06594,-0.06496,-0.06496,-0.06201,-0.06299,-0.06299,-0.06201,-0.06201
2023-05-23 12:25:19,-0.06693,0.12629,0.24103,0.0,20.0,-0.06693,-0.06496,-0.06594,-0.06496,-0.06496,-0.06201,-0.06299,-0.06299,-0.06201,-0.06201
2023-05-23 12:25:20,-0.06693,0.05378,0.19976,0.0,-1.0,-0.06693,-0.06496,-0.06594,-0.06496,-0.06496,-0.06201,-0.06299,-0.06299,-0.06201,-0.06201
2023-05-23 12:25:22,-0.06693,0.04982,0.19865,0.0,-1.0,-0.06693,-0.06496,-0.06594,-0.06496,-0.06496,-0.06201,-0.06299,-0.06299,-0.06201,-0.06201
2023-05-23 12:25:24,-0.06594,0.13121,0.25718,0.0,0.0,-0.06594,-0.06496,-0.06594,-0.06496,-0.06496,-0.06201,-0.06299,-0.06299,-0.06201,-0.06201
2023-05-23 12:25:26,-0.06693,0.12338,0.23757,0.0,10550.0,-0.06693,-0.06496,-0.06594,-0.06496,-0.06496,-0.06201,-0.06299,-0.06299,-0.06201,-0.06201
2023-05-23 12:25:28,-0.06693,0.12338,0.23458,0.0,839.0,-0.06693,-0.06496,-0.06594,-0.06496,-0.06496,-0.06201,-0.06299,-0.06299,-0.06201,-0.06201
2023-05-23 12:25:30,-0.06693,0.13131,0.2517,0.0,0.0,-0.06693,-0.06496,-0.06594,-0.06496,-0.06496,-0.06201,-0.06299,-0.06299,-0.06201,-0.06201
2023-05-23 12:25:32,-0.06496,0.13084,0.25137,0.0,106.0,-0.06496,-0.06496,-0.06594,-0.06496,-0.06496,-0.06201,-0.06299,-0.06299,-0.06201,-0.06201
2023-05-23 12:25:33,-0.06496,0.13343,0.24439,-1000.0,0.0,-0.06496,-0.06496,-0.06594,-0.06496,-0.06496,-0.06201,-0.06299,-0.06299,-0.06201,-0.06201
2023-05-23 12:25:35,-0.06496,0.13307,0.2442,0.0,100.0,-0.06496,-0.06496,-0.06594,-0.06496,-0.06496,-0.06201,-0.06299,-0.06299,-0.06201,-0.06201
2023-05-23 12:25:37,-0.06496,0.12613,0.24158,0.0,3000.0,-0.06496,-0.06496,-0.06594,-0.06496,-0.06496,-0.06201,-0.06299,-0.06299,-0.06201,-0.06201
2023-05-23 12:25:39,-0.06594,0.04592,0.18603,0.0,0.0,-0.06594,-0.06496,-0.06594,-0.06496,-0.06496,-0.06201,-0.06299,-0.06299,-0.06201,-0.06201
2023-05-23 12:25:41,-0.06496,0.11724,0.2391,-322.0,350.0,-0.06496,-0.06496,-0.06594,-0.06496,-0.06496,-0.06201,-0.06299,-0.06299,-0.06201,-0.06201
2023-05-23 12:25:43,-0.06594,0.18903,0.2948,265.0,0.0,-0.06594,-0.06496,-0.06594,-0.06496,-0.06496,-0.06201,-0.06299,-0.06299,-0.06201,-0.06201
2023-05-23 12:25:45,-0.06398,0.22643,0.42356,-1.0,20.0,-0.06398,-0.06496,-0.06594,-0.06496,-0.06496,-0.06201,-0.06299,-0.06299,-0.06201,-0.06201
2023-05-23 12:25:46,-0.06398,0.22524,0.42749,-2.0,0.0,-0.06398,-0.06496,-0.06594,-0.06496,-0.06496,-0.06201,-0.06299,-0.06299,-0.06201,-0.06201
2023-05-23 12:25:48,-0.06594,0.11509,0.22839,0.0,0.0,-0.06594,-0.06496,-0.06594,-0.06496,-0.06496,-0.06201,-0.06299,-0.06299,-0.06201,-0.06201
2023-05-23 12:25:50,-0.06594,0.11522,0.22693,1.0,0.0,-0.06594,-0.06496,-0.06594,-0.06496,-0.06496,-0.06201,-0.06299,-0.06299,-0.06201,-0.06201
2023-05-23 12:25:52,-0.06496,0.11348,0.22638,0.0,200.0,-0.06496,-0.06496,-0.06594,-0.06496,-0.06496,-0.06201,-0.06299,-0.06299,-0.06201,-0.06201
2023-05-23 12:25:54,-0.06496,0.11963,0.22794,5.0,0.0,-0.06496,-0.06496,-0.06594,-0.06496,-0.06496,-0.06201,-0.06299,-0.06299,-0.06201,-0.06201
2023-05-23 12:25:56,-0.06496,0.13253,0.23043,-45.0,0.0,-0.06496,-0.06496,-0.06594,-0.06496,-0.06496,-0.06201,-0.06299,-0.06299,-0.06201,-0.06201
2023-05-23 12:25:57,-0.06496,0.14635,0.22132,0.0,1.0,-0.06496,-0.06496,-0.06594,-0.06496,-0.06496,-0.06201,-0.06299,-0.06299,-0.06201,-0.06201
2023-05-23 12:25:59,-0.06594,0.14696,0.23687,-20.0,0.0,-0.06594,-0.06594,-0.06594,-0.06496,-0.06496,-0.06201,-0.06299,-0.06299,-0.06201,-0.06201
2023-05-23 12:26:01,-0.06496,0.14709,0.23691,5.0,0.0,-0.06496,-0.06496,-0.06594,-0.06594,-0.06594,-0.06496,-0.06496,-0.06201,-0.06299,-0.06299
2023-05-23 12:26:03,-0.06594,0.07252,0.18327,-5107.0,10150.0,-0.06594,-0.06496,-0.06496,-0.06496,-0.06594,-0.06496,-0.06496,-0.06201,-0.06299,-0.06299
2023-05-23 12:26:05,-0.06594,0.07285,0.18358,20.0,0.0,-0.06594,-0.06496,-0.06496,-0.06496,-0.06594,-0.06496,-0.06496,-0.06201,-0.06299,-0.06299
2023-05-23 12:26:07,-0.06594,0.05926,0.18363,-62.0,0.0,-0.06594,-0.06496,-0.06496,-0.06496,-0.06594,-0.06496,-0.06496,-0.06201,-0.06299,-0.06299
2023-05-23 12:26:09,-0.06594,0.0603,0.18389,36.0,0.0,-0.06594,-0.06496,-0.06496,-0.06496,-0.06594,-0.06496,-0.06496,-0.06201,-0.06299,-0.06299
2023-05-23 12:26:10,-0.06594,0.06004,0.1837,0.0,144.0,-0.06594,-0.06496,-0.06496,-0.06496,-0.06594,-0.06496,-0.06496,-0.06201,-0.06299,-0.06299
2023-05-23 12:26:12,-0.06594,0.19964,0.25343,0.0,210.0,-0.06594,-0.06496,-0.06496,-0.06496,-0.06594,-0.06496,-0.06496,-0.06201,-0.06299,-0.06299
2023-05-23 12:26:14,-0.06496,0.20142,0.25352,-1.0,0.0,-0.06496,-0.06496,-0.06496,-0.06496,-0.06594,-0.06496,-0.06496,-0.06201,-0.06299,-0.06299
2023-05-23 12:26:16,-0.06496,0.20131,0.25348,0.0,0.0,-0.06496,-0.06496,-0.06496,-0.06496,-0.06594,-0.06496,-0.06496,-0.06201,-0.06299,-0.06299
2023-05-23 12:26:18,-0.06496,0.20107,0.25463,0.0,1.0,-0.06496,-0.06496,-0.06496,-0.06496,-0.06594,-0.06496,-0.06496,-0.06201,-0.06299,-0.06299
2023-05-23 12:26:20,-0.06496,0.2095,0.25695,0.0,20.0,-0.06496,-0.06496,-0.06496,-0.06496,-0.06594,-0.06496,-0.06496,-0.06201,-0.06299,-0.06299
2023-05-23 12:26:22,-0.06594,0.2097,0.25702,0.0,10.0,-0.06594,-0.06496,-0.06496,-0.06496,-0.06594,-0.06496,-0.06496,-0.06201,-0.06299,-0.06299
2023-05-23 12:26:23,-0.06594,0.2097,0.25682,0.0,100.0,-0.06594,-0.06496,-0.06496,-0.06496,-0.06594,-0.06496,-0.06496,-0.06201,-0.06299,-0.06299
2023-05-23 12:26:25,-0.06594,0.20858,0.25567,0.0,100.0,-0.06594,-0.06496,-0.06496,-0.06496,-0.06594,-0.06496,-0.06496,-0.06201,-0.06299,-0.06299
2023-05-23 12:26:27,-0.06594,0.20858,0.25567,0.0,0.0,-0.06594,-0.06496,-0.06496,-0.06496,-0.06594,-0.06496,-0.06496,-0.06201,-0.06299,-0.06299
2023-05-23 12:26:29,-0.06594,0.20856,0.25588,0.0,-6.0,-0.06594,-0.06496,-0.06496,-0.06496,-0.06594,-0.06496,-0.06496,-0.06201,-0.06299,-0.06299
2023-05-23 12:26:31,-0.06594,0.20769,0.25598,0.0,67.0,-0.06594,-0.06496,-0.06496,-0.06496,-0.06594,-0.06496,-0.06496,-0.06201,-0.06299,-0.06299
2023-05-23 12:26:33,-0.06594,0.20466,0.25494,0.0,500.0,-0.06594,-0.06496,-0.06496,-0.06496,-0.06594,-0.06496,-0.06496,-0.06201,-0.06299,-0.06299
2023-05-23 12:26:35,-0.06594,0.20403,0.25472,0.0,100.0,-0.06594,-0.06496,-0.06496,-0.06496,-0.06594,-0.06496,-0.06496,-0.06201,-0.06299,-0.06299
2023-05-23 12:26:36,-0.06594,0.2299,0.26198,933.0,0.0,-0.06594,-0.06496,-0.06496,-0.06496,-0.06594,-0.06496,-0.06496,-0.06201,-0.06299,-0.06299
2023-05-23 12:26:38,-0.06594,0.22517,0.26057,0.0,-63.0,-0.06594,-0.06496,-0.06496,-0.06496,-0.06594,-0.06496,-0.06496,-0.06201,-0.06299,-0.06299
2023-05-23 12:26:40,-0.06594,0.2298,0.26208,0.0,5.0,-0.06594,-0.06496,-0.06496,-0.06496,-0.06594,-0.06496,-0.06496,-0.06201,-0.06299,-0.06299
2023-05-23 12:26:42,-0.06594,0.2298,0.26202,0.0,20.0,-0.06594,-0.06496,-0.06496,-0.06496,-0.06594,-0.06496,-0.06496,-0.06201,-0.06299,-0.06299
2023-05-23 12:26:44,-0.06594,0.22973,0.262,0.0,20.0,-0.06594,-0.06496,-0.06496,-0.06496,-0.06594,-0.06496,-0.06496,-0.06201,-0.06299,-0.06299
2023-05-23 12:26:46,-0.06594,0.23135,0.26249,0.0,0.0,-0.06594,-0.06496,-0.06496,-0.06496,-0.06594,-0.06496,-0.06496,-0.06201,-0.06299,-0.06299
2023-05-23 12:26:47,-0.06594,0.23793,0.26453,0.0,1.0,-0.06594,-0.06496,-0.06496,-0.06496,-0.06594,-0.06496,-0.06496,-0.06201,-0.06299,-0.06299
2023-05-23 12:26:49,-0.06594,0.23793,0.26453,0.0,1.0,-0.06594,-0.06496,-0.06496,-0.06496,-0.06594,-0.06496,-0.06496,-0.06201,-0.06299,-0.06299
2023-05-23 12:26:51,-0.06594,0.23589,0.26389,0.0,0.0,-0.06594,-0.06496,-0.06496,-0.06496,-0.06594,-0.06496,-0.06496,-0.06201,-0.06299,-0.06299
2023-05-23 12:26:53,-0.06594,0.23593,0.2639,0.0,-10.0,-0.06594,-0.06496,-0.06496,-0.06496,-0.06594,-0.06496,-0.06496,-0.06201,-0.06299,-0.06299
2023-05-23 12:26:55,-0.06594,0.22788,0.26134,0.0,1200.0,-0.06594,-0.06496,-0.06496,-0.06496,-0.06594,-0.06496,-0.06496,-0.06201,-0.06299,-0.06299
2023-05-23 12:26:57,-0.06594,0.22606,0.26075,0.0,-7.0,-0.06594,-0.06496,-0.06496,-0.06496,-0.06594,-0.06496,-0.06496,-0.06201,-0.06299,-0.06299
2023-05-23 12:26:59,-0.06594,0.23895,0.26512,0.0,-2000.0,-0.06594,-0.06496,-0.06496,-0.06496,-0.06594,-0.06496,-0.06496,-0.06201,-0.06299,-0.06299
2023-05-23 12:27:00,-0.06594,0.23895,0.26521,0.0,-50.0,-0.06594,-0.06496,-0.06496,-0.06496,-0.06496,-0.06496,-0.06594,-0.06496,-0.06496,-0.06201
2023-05-23 12:27:02,-0.06594,0.18603,0.21654,-36.0,55.0,-0.06594,-0.06594,-0.06594,-0.06496,-0.06496,-0.06496,-0.06594,-0.06496,-0.06496,-0.06201
2023-05-23 12:27:04,-0.06594,0.22605,0.227,1430.0,0.0,-0.06594,-0.06594,-0.06594,-0.06496,-0.06496,-0.06496,-0.06594,-0.06496,-0.06496,-0.06201
2023-05-23 12:27:06,-0.06594,0.25406,0.23434,0.0,0.0,-0.06594,-0.06594,-0.06594,-0.06496,-0.06496,-0.06496,-0.06594,-0.06496,-0.06496,-0.06201
2023-05-23 12:27:08,-0.06594,0.18953,0.21508,0.0,0.0,-0.06594,-0.06594,-0.06594,-0.06496,-0.06496,-0.06496,-0.06594,-0.06496,-0.06496,-0.06201
2023-05-23 12:27:10,-0.06594,0.18449,0.21377,1.0,0.0,-0.06594,-0.06594,-0.06594,-0.06496,-0.06496,-0.06496,-0.06594,-0.06496,-0.06496,-0.06201
2023-05-23 12:27:11,-0.06594,0.18726,0.2144,100.0,0.0,-0.06594,-0.06594,-0.06594,-0.06496,-0.06496,-0.06496,-0.06594,-0.06496,-0.06496,-0.06201
2023-05-23 12:27:13,-0.06693,0.20043,0.21756,0.0,0.0,-0.06693,-0.06594,-0.06594,-0.06496,-0.06496,-0.06496,-0.06594,-0.06496,-0.06496,-0.06201
2023-05-23 12:27:15,-0.06594,0.1993,0.21558,-10.0,146.0,-0.06594,-0.06594,-0.06594,-0.06496,-0.06496,-0.06496,-0.06594,-0.06496,-0.06496,-0.06201
2023-05-23 12:27:17,-0.06594,0.21346,0.21912,-50.0,0.0,-0.06594,-0.06594,-0.06594,-0.06496,-0.06496,-0.06496,-0.06594,-0.06496,-0.06496,-0.06201
2023-05-23 12:27:19,-0.06693,0.28498,0.23705,2455.0,0.0,-0.06693,-0.06594,-0.06594,-0.06496,-0.06496,-0.06496,-0.06594,-0.06496,-0.06496,-0.06201
2023-05-23 12:27:21,-0.06693,0.28528,0.24813,0.0,23.0,-0.06693,-0.06594,-0.06594,-0.06496,-0.06496,-0.06496,-0.06594,-0.06496,-0.06496,-0.06201
2023-05-23 12:27:23,-0.06693,0.29021,0.24868,0.0,0.0,-0.06693,-0.06594,-0.06594,-0.06496,-0.06496,-0.06496,-0.06594,-0.06496,-0.06496,-0.06201
2023-05-23 12:27:25,-0.06693,0.28172,0.24675,0.0,373.0,-0.06693,-0.06594,-0.06594,-0.06496,-0.06496,-0.06496,-0.06594,-0.06496,-0.06496,-0.06201
2023-05-23 12:27:26,-0.06594,0.28165,0.24674,0.0,5.0,-0.06594,-0.06594,-0.06594,-0.06496,-0.06496,-0.06496,-0.06594,-0.06496,-0.06496,-0.06201
2023-05-23 12:27:28,-0.06693,0.28168,0.24674,0.0,0.0,-0.06693,-0.06594,-0.06594,-0.06496,-0.06496,-0.06496,-0.06594,-0.06496,-0.06496,-0.06201
2023-05-23 12:27:30,-0.06693,0.28901,0.24865,0.0,0.0,-0.06693,-0.06594,-0.06594,-0.06496,-0.06496,-0.06496,-0.06594,-0.06496,-0.06496,-0.06201
2023-05-23 12:27:32,-0.06693,0.2863,0.24803,0.0,-167.0,-0.06693,-0.06594,-0.06594,-0.06496,-0.06496,-0.06496,-0.06594,-0.06496,-0.06496,-0.06201
2023-05-23 12:27:34,-0.06594,0.22878,0.23281,-1.0,0.0,-0.06594,-0.06594,-0.06594,-0.06496,-0.06496,-0.06496,-0.06594,-0.06496,-0.06496,-0.06201
2023-05-23 12:27:36,-0.06594,0.22875,0.22727,0.0,3191.0,-0.06594,-0.06594,-0.06594,-0.06496,-0.06496,-0.06496,-0.06594,-0.06496,-0.06496,-0.06201
2023-05-23 12:27:38,-0.06594,0.22875,0.22727,0.0,0.0,-0.06594,-0.06594,-0.06594,-0.06496,-0.06496,-0.06496,-0.06594,-0.06496,-0.06496,-0.06201
2023-05-23 12:27:39,-0.06693,0.22978,0.22753,0.0,0.0,-0.06693,-0.06594,-0.06594,-0.06496,-0.06496,-0.06496,-0.06594,-0.06496,-0.06496,-0.06201
2023-05-23 12:27:41,-0.06693,0.23047,0.2277,0.0,-100.0,-0.06693,-0.06594,-0.06594,-0.06496,-0.06496,-0.06496,-0.06594,-0.06496,-0.06496,-0.06201
2023-05-23 12:27:43,-0.06693,0.23698,0.22918,0.0,50.0,-0.06693,-0.06594,-0.06594,-0.06496,-0.06496,-0.06496,-0.06594,-0.06496,-0.06496,-0.06201
2023-05-23 12:27:45,-0.06594,0.23685,0.22919,0.0,8.0,-0.06594,-0.06594,-0.06594,-0.06496,-0.06496,-0.06496,-0.06594,-0.06496,-0.06496,-0.06201
2023-05-23 12:27:47,-0.06594,0.23441,0.22861,-20.0,0.0,-0.06594,-0.06594,-0.06594,-0.06496,-0.06496,-0.06496,-0.06594,-0.06496,-0.06496,-0.06201
2023-05-23 12:27:49,-0.06693,0.21087,0.18158,100.0,0.0,-0.06693,-0.06594,-0.06594,-0.06496,-0.06496,-0.06496,-0.06594,-0.06496,-0.06496,-0.06201
2023-05-23 12:27:51,-0.06693,0.18375,0.17456,-1.0,0.0,-0.06693,-0.06594,-0.06594,-0.06496,-0.06496,-0.06496,-0.06594,-0.06496,-0.06496,-0.06201
2023-05-23 12:27:53,-0.06693,0.18754,0.1754,0.0,21.0,-0.06693,-0.06594,-0.06594,-0.06496,-0.06496,-0.06496,-0.06594,-0.06496,-0.06496,-0.06201
2023-05-23 12:27:55,-0.06693,0.17851,0.1731,-331.0,0.0,-0.06693,-0.06594,-0.06594,-0.06496,-0.06496,-0.06496,-0.06594,-0.06496,-0.06496,-0.06201
2023-05-23 12:27:58,-0.06791,0.18516,0.17477,0.0,0.0,-0.06791,-0.06594,-0.06594,-0.06496,-0.06496,-0.06496,-0.06594,-0.06496,-0.06496,-0.06201
2023-05-23 12:28:00,-0.06791,0.30691,0.20541,0.0,-100.0,-0.06791,-0.06791,-0.06791,-0.06594,-0.06594,-0.06496,-0.06496,-0.06496,-0.06594,-0.06496
2023-05-23 12:28:02,-0.06693,0.31086,0.20606,0.0,10.0,-0.06693,-0.06791,-0.06791,-0.06594,-0.06594,-0.06496,-0.06496,-0.06496,-0.06594,-0.06496
2023-05-23 12:28:04,-0.06693,0.31086,0.20691,0.0,21.0,-0.06693,-0.06791,-0.06791,-0.06594,-0.06594,-0.06496,-0.06496,-0.06496,-0.06594,-0.06496
2023-05-23 12:28:06,-0.06791,0.33099,0.2101,0.0,0.0,-0.06791,-0.06791,-0.06791,-0.06594,-0.06594,-0.06496,-0.06496,-0.06496,-0.06594,-0.06496
2023-05-23 12:28:07,-0.06791,0.33107,0.21012,1.0,0.0,-0.06791,-0.06791,-0.06791,-0.06594,-0.06594,-0.06496,-0.06496,-0.06496,-0.06594,-0.06496
2023-05-23 12:28:09,-0.06791,0.34349,0.21189,0.0,-1201.0,-0.06791,-0.06791,-0.06791,-0.06594,-0.06594,-0.06496,-0.06496,-0.06496,-0.06594,-0.06496
2023-05-23 12:28:11,-0.06693,0.34413,0.21202,0.0,10.0,-0.06693,-0.06791,-0.06791,-0.06594,-0.06594,-0.06496,-0.06496,-0.06496,-0.06594,-0.06496
2023-05-23 12:28:13,-0.06693,0.33734,0.21044,181.0,0.0,-0.06693,-0.06791,-0.06791,-0.06594,-0.06594,-0.06496,-0.06496,-0.06496,-0.06594,-0.06496
2023-05-23 12:28:15,-0.06791,0.3854,0.21668,0.0,10.0,-0.06791,-0.06791,-0.06791,-0.06594,-0.06594,-0.06496,-0.06496,-0.06496,-0.06594,-0.06496
2023-05-23 12:28:17,-0.06693,0.3854,0.21665,0.0,10.0,-0.06693,-0.06791,-0.06791,-0.06594,-0.06594,-0.06496,-0.06496,-0.06496,-0.06594,-0.06496
2023-05-23 12:28:19,-0.06791,0.40719,0.22056,0.0,-418.0,-0.06791,-0.06791,-0.06791,-0.06594,-0.06594,-0.06496,-0.06496,-0.06496,-0.06594,-0.06496
2023-05-23 12:28:20,-0.06791,0.40865,0.22072,0.0,-100.0,-0.06791,-0.06791,-0.06791,-0.06594,-0.06594,-0.06496,-0.06496,-0.06496,-0.06594,-0.06496
2023-05-23 12:28:22,-0.06791,0.40852,0.22071,0.0,0.0,-0.06791,-0.06791,-0.06791,-0.06594,-0.06594,-0.06496,-0.06496,-0.06496,-0.06594,-0.06496
2023-05-23 12:28:24,-0.06693,0.40826,0.22037,-1.0,0.0,-0.06693,-0.06791,-0.06791,-0.06594,-0.06594,-0.06496,-0.06496,-0.06496,-0.06594,-0.06496
2023-05-23 12:28:26,-0.06791,0.40188,0.21966,0.0,0.0,-0.06791,-0.06791,-0.06791,-0.06594,-0.06594,-0.06496,-0.06496,-0.06496,-0.06594,-0.06496
2023-05-23 12:28:28,-0.06791,0.39843,0.21867,-187.0,-187.0,-0.06791,-0.06791,-0.06791,-0.06594,-0.06594,-0.06496,-0.06496,-0.06496,-0.06594,-0.06496
2023-05-23 12:28:30,-0.06791,0.40581,0.21532,0.0,0.0,-0.06791,-0.06791,-0.06791,-0.06594,-0.06594,-0.06496,-0.06496,-0.06496,-0.06594,-0.06496
2023-05-23 12:28:32,-0.06791,0.6266,0.22985,0.0,-9071.0,-0.06791,-0.06791,-0.06791,-0.06594,-0.06594,-0.06496,-0.06496,-0.06496,-0.06594,-0.06496
2023-05-23 12:28:34,-0.06791,0.66038,0.23145,0.0,-695.0,-0.06791,-0.06791,-0.06791,-0.06594,-0.06594,-0.06496,-0.06496,-0.06496,-0.06594,-0.06496
2023-05-23 12:28:36,-0.06791,0.37426,0.20114,0.0,3.0,-0.06791,-0.06791,-0.06791,-0.06594,-0.06594,-0.06496,-0.06496,-0.06496,-0.06594,-0.06496
2023-05-23 12:28:37,-0.06791,0.37997,0.20225,140.0,0.0,-0.06791,-0.06791,-0.06791,-0.06594,-0.06594,-0.06496,-0.06496,-0.06496,-0.06594,-0.06496
2023-05-23 12:28:39,-0.06791,0.39979,0.20575,2.0,0.0,-0.06791,-0.06791,-0.06791,-0.06594,-0.06594,-0.06496,-0.06496,-0.06496,-0.06594,-0.06496
2023-05-23 12:28:41,-0.0689,0.39766,0.18924,0.0,-1.0,-0.0689,-0.06791,-0.06791,-0.06594,-0.06594,-0.06496,-0.06496,-0.06496,-0.06594,-0.06496
2023-05-23 12:28:43,-0.0689,0.39756,0.18917,0.0,-2.0,-0.0689,-0.06791,-0.06791,-0.06594,-0.06594,-0.06496,-0.06496,-0.06496,-0.06594,-0.06496
2023-05-23 12:28:45,-0.0689,0.41943,0.19094,0.0,-1.0,-0.0689,-0.06791,-0.06791,-0.06594,-0.06594,-0.06496,-0.06496,-0.06496,-0.06594,-0.06496
2023-05-23 12:28:47,-0.0689,0.41825,0.18945,2.0,0.0,-0.0689,-0.06791,-0.06791,-0.06594,-0.06594,-0.06496,-0.06496,-0.06496,-0.06594,-0.06496
2023-05-23 12:28:49,-0.0689,0.53839,0.19681,0.0,-1.0,-0.0689,-0.06791,-0.06791,-0.06594,-0.06594,-0.06496,-0.06496,-0.06496,-0.06594,-0.06496
2023-05-23 12:28:50,-0.0689,0.20475,0.15397,98.0,100.0,-0.0689,-0.06791,-0.06791,-0.06594,-0.06594,-0.06496,-0.06496,-0.06496,-0.06594,-0.06496
2023-05-23 12:28:52,-0.0689,0.21085,0.15555,-1.0,2.0,-0.0689,-0.06791,-0.06791,-0.06594,-0.06594,-0.06496,-0.06496,-0.06496,-0.06594,-0.06496
2023-05-23 12:28:54,-0.0689,0.20618,0.15088,0.0,21.0,-0.0689,-0.06791,-0.06791,-0.06594,-0.06594,-0.06496,-0.06496,-0.06496,-0.06594,-0.06496
2023-05-23 12:28:56,-0.07087,0.27148,0.18497,0.0,5.0,-0.07087,-0.06791,-0.06791,-0.06594,-0.06594,-0.06496,-0.06496,-0.06496,-0.06594,-0.06496
2023-05-23 12:28:58,-0.06791,0.26493,0.18355,0.0,201.0,-0.06791,-0.06791,-0.06791,-0.06594,-0.06594,-0.06496,-0.06496,-0.06496,-0.06594,-0.06496
2023-05-23 12:29:00,-0.06988,0.26715,0.18388,0.0,5.0,-0.06988,-0.06791,-0.06791,-0.06791,-0.06791,-0.06594,-0.06594,-0.06496,-0.06496,-0.06496
2023-05-23 12:29:02,-0.06988,0.26293,0.18315,0.0,20.0,-0.06988,-0.06791,-0.06791,-0.06791,-0.06791,-0.06594,-0.06594,-0.06496,-0.06496,-0.06496
2023-05-23 12:29:03,-0.06988,0.21095,0.15197,0.0,-195.0,-0.06988,-0.06791,-0.06791,-0.06791,-0.06791,-0.06594,-0.06594,-0.06496,-0.06496,-0.06496
2023-05-23 12:29:05,-0.06988,0.21263,0.16018,0.0,10.0,-0.06988,-0.06791,-0.06791,-0.06791,-0.06791,-0.06594,-0.06594,-0.06496,-0.06496,-0.06496
2023-05-23 12:29:07,-0.06988,0.32151,0.18808,0.0,5.0,-0.06988,-0.06791,-0.06791,-0.06791,-0.06791,-0.06594,-0.06594,-0.06496,-0.06496,-0.06496
2023-05-23 12:29:09,-0.06988,0.31313,0.18595,0.0,21.0,-0.06988,-0.06791,-0.06791,-0.06791,-0.06791,-0.06594,-0.06594,-0.06496,-0.06496,-0.06496
2023-05-23 12:29:11,-0.0689,0.31535,0.18704,264.0,0.0,-0.0689,-0.06791,-0.06791,-0.06791,-0.06791,-0.06594,-0.06594,-0.06496,-0.06496,-0.06496
2023-05-23 12:29:13,-0.0689,0.30759,0.18646,2.0,16.0,-0.0689,-0.06791,-0.06791,-0.06791,-0.06791,-0.06594,-0.06594,-0.06496,-0.06496,-0.06496
2023-05-23 12:29:15,-0.0689,0.30711,0.1864,2.0,52.0,-0.0689,-0.06791,-0.06791,-0.06791,-0.06791,-0.06594,-0.06594,-0.06496,-0.06496,-0.06496
2023-05-23 12:29:16,-0.0689,0.31668,0.18852,2.0,0.0,-0.0689,-0.06791,-0.06791,-0.06791,-0.06791,-0.06594,-0.06594,-0.06496,-0.06496,-0.06496
2023-05-23 12:29:18,-0.0689,0.31566,0.18829,0.0,100.0,-0.0689,-0.06791,-0.06791,-0.06791,-0.06791,-0.06594,-0.06594,-0.06496,-0.06496,-0.06496
2023-05-23 12:29:20,-0.0689,0.31245,0.18778,0.0,50.0,-0.0689,-0.06791,-0.06791,-0.06791,-0.06791,-0.06594,-0.06594,-0.06496,-0.06496,-0.06496
2023-05-23 12:29:22,-0.0689,0.31621,0.18848,0.0,-400.0,-0.0689,-0.06791,-0.06791,-0.06791,-0.06791,-0.06594,-0.06594,-0.06496,-0.06496,-0.06496
2023-05-23 12:29:24,-0.0689,0.32843,0.18638,0.0,0.0,-0.0689,-0.06791,-0.06791,-0.06791,-0.06791,-0.06594,-0.06594,-0.06496,-0.06496,-0.06496
2023-05-23 12:29:26,-0.0689,0.32849,0.18759,150.0,0.0,-0.0689,-0.06791,-0.06791,-0.06791,-0.06791,-0.06594,-0.06594,-0.06496,-0.06496,-0.06496
2023-05-23 12:29:28,-0.0689,0.30115,0.18184,0.0,360.0,-0.0689,-0.06791,-0.06791,-0.06791,-0.06791,-0.06594,-0.06594,-0.06496,-0.06496,-0.06496
2023-05-23 12:29:30,-0.0689,0.29795,0.18136,2.0,0.0,-0.0689,-0.06791,-0.06791,-0.06791,-0.06791,-0.06594,-0.06594,-0.06496,-0.06496,-0.06496
2023-05-23 12:29:31,-0.0689,0.29462,0.18085,0.0,300.0,-0.0689,-0.06791,-0.06791,-0.06791,-0.06791,-0.06594,-0.06594,-0.06496,-0.06496,-0.06496
2023-05-23 12:29:33,-0.0689,0.29806,0.18186,2.0,0.0,-0.0689,-0.06791,-0.06791,-0.06791,-0.06791,-0.06594,-0.06594,-0.06496,-0.06496,-0.06496
2023-05-23 12:29:35,-0.0689,0.31096,0.18372,0.0,-1529.0,-0.0689,-0.06791,-0.06791,-0.06791,-0.06791,-0.06594,-0.06594,-0.06496,-0.06496,-0.06496
2023-05-23 12:29:37,-0.0689,0.30688,0.18306,-20.0,0.0,-0.0689,-0.06791,-0.06791,-0.06791,-0.06791,-0.06594,-0.06594,-0.06496,-0.06496,-0.06496
2023-05-23 12:29:39,-0.06988,0.28165,0.20061,-5088.0,-1415.0,-0.06988,-0.06791,-0.06791,-0.06791,-0.06791,-0.06594,-0.06594,-0.06496,-0.06496,-0.06496
2023-05-23 12:29:41,-0.06988,0.30888,0.21286,301.0,0.0,-0.06988,-0.06791,-0.06791,-0.06791,-0.06791,-0.06594,-0.06594,-0.06496,-0.06496,-0.06496
2023-05-23 12:29:43,-0.06988,0.58909,0.25133,2.0,0.0,-0.06988,-0.06791,-0.06791,-0.06791,-0.06791,-0.06594,-0.06594,-0.06496,-0.06496,-0.06496
2023-05-23 12:29:44,-0.06988,0.57143,0.24938,0.0,0.0,-0.06988,-0.06791,-0.06791,-0.06791,-0.06791,-0.06594,-0.06594,-0.06496,-0.06496,-0.06496
2023-05-23 12:29:46,-0.06988,0.5341,0.2448,0.0,0.0,-0.06988,-0.06791,-0.06791,-0.06791,-0.06791,-0.06594,-0.06594,-0.06496,-0.06496,-0.06496
2023-05-23 12:29:48,-0.07087,0.3249,0.22137,0.0,0.0,-0.07087,-0.06791,-0.06791,-0.06791,-0.06791,-0.06594,-0.06594,-0.06496,-0.06496,-0.06496
2023-05-23 12:29:50,-0.06988,0.32861,0.22299,2.0,0.0,-0.06988,-0.06791,-0.06791,-0.06791,-0.06791,-0.06594,-0.06594,-0.06496,-0.06496,-0.06496
2023-05-23 12:29:52,-0.06988,0.3268,0.22219,0.0,36.0,-0.06988,-0.06791,-0.06791,-0.06791,-0.06791,-0.06594,-0.06594,-0.06496,-0.06496,-0.06496
2023-05-23 12:29:54,-0.06988,0.32441,0.22088,-200.0,0.0,-0.06988,-0.06791,-0.06791,-0.06791,-0.06791,-0.06594,-0.06594,-0.06496,-0.06496,-0.06496
2023-05-23 12:29:56,-0.06988,0.32414,0.22016,2.0,0.0,-0.06988,-0.06791,-0.06791,-0.06791,-0.06791,-0.06594,-0.06594,-0.06496,-0.06496,-0.06496
2023-05-23 12:29:57,-0.07087,0.32914,0.22235,0.0,-224.0,-0.07087,-0.06791,-0.06791,-0.06791,-0.06791,-0.06594,-0.06594,-0.06496,-0.06496,-0.06496
2023-05-23 12:29:59,-0.06791,0.32658,0.22148,0.0,-200.0,-0.06791,-0.06791,-0.06791,-0.06791,-0.06791,-0.06594,-0.06594,-0.06496,-0.06496,-0.06496
2023-05-23 12:30:01,-0.06988,0.3223,0.2199,0.0,0.0,-0.06988,-0.06988,-0.06988,-0.06791,-0.06791,-0.06791,-0.06791,-0.06594,-0.06594,-0.06496
2023-05-23 13:30:31,-0.06791,0.2689,0.37573,0.0,-2268.0,-0.06791,-0.06791,-0.06791,-0.06791,-0.0689,-0.0689,-0.0689,-0.06791,-0.06693,-0.06693
2023-05-23 13:30:33,-0.06791,0.26707,0.35713,-2280.0,0.0,-0.06791,-0.06791,-0.06791,-0.06791,-0.0689,-0.0689,-0.0689,-0.06791,-0.06693,-0.06693
2023-05-23 13:30:35,-0.06791,0.26707,0.35742,0.0,-100.0,-0.06791,-0.06791,-0.06791,-0.06791,-0.0689,-0.0689,-0.0689,-0.06791,-0.06693,-0.06693
2023-05-23 13:30:37,-0.06791,0.26707,0.35748,0.0,0.0,-0.06791,-0.06791,-0.06791,-0.06791,-0.0689,-0.0689,-0.0689,-0.06791,-0.06693,-0.06693
2023-05-23 13:30:38,-0.06791,0.26707,0.35748,0.0,0.0,-0.06791,-0.06791,-0.06791,-0.06791,-0.0689,-0.0689,-0.0689,-0.06791,-0.06693,-0.06693
2023-05-23 13:30:40,-0.06791,0.266,0.35722,0.0,0.0,-0.06791,-0.06791,-0.06791,-0.06791,-0.0689,-0.0689,-0.0689,-0.06791,-0.06693,-0.06693
2023-05-23 13:30:42,-0.06791,0.2604,0.35624,-123.0,0.0,-0.06791,-0.06791,-0.06791,-0.06791,-0.0689,-0.0689,-0.0689,-0.06791,-0.06693,-0.06693
2023-05-23 13:30:44,-0.06791,0.2604,0.35624,0.0,0.0,-0.06791,-0.06791,-0.06791,-0.06791,-0.0689,-0.0689,-0.0689,-0.06791,-0.06693,-0.06693
2023-05-23 13:30:46,-0.06791,0.2604,0.35595,0.0,100.0,-0.06791,-0.06791,-0.06791,-0.06791,-0.0689,-0.0689,-0.0689,-0.06791,-0.06693,-0.06693
2023-05-23 13:30:48,-0.06791,0.26054,0.34308,3.0,0.0,-0.06791,-0.06791,-0.06791,-0.06791,-0.0689,-0.0689,-0.0689,-0.06791,-0.06693,-0.06693
2023-05-23 13:30:50,-0.06791,0.26058,0.36262,0.0,0.0,-0.06791,-0.06791,-0.06791,-0.06791,-0.0689,-0.0689,-0.0689,-0.06791,-0.06693,-0.06693
2023-05-23 13:30:52,-0.06791,0.26058,0.36262,0.0,0.0,-0.06791,-0.06791,-0.06791,-0.06791,-0.0689,-0.0689,-0.0689,-0.06791,-0.06693,-0.06693
2023-05-23 13:30:54,-0.06791,0.25831,0.36222,0.0,1.0,-0.06791,-0.06791,-0.06791,-0.06791,-0.0689,-0.0689,-0.0689,-0.06791,-0.06693,-0.06693
2023-05-23 13:30:55,-0.06791,0.25876,0.36229,10.0,0.0,-0.06791,-0.06791,-0.06791,-0.06791,-0.0689,-0.0689,-0.0689,-0.06791,-0.06693,-0.06693
2023-05-23 13:30:57,-0.06791,0.25876,0.36522,0.0,-1000.0,-0.06791,-0.06791,-0.06791,-0.06791,-0.0689,-0.0689,-0.0689,-0.06791,-0.06693,-0.06693
2023-05-23 13:30:59,-0.06791,0.25695,0.36476,0.0,0.0,-0.06791,-0.06791,-0.06791,-0.06791,-0.0689,-0.0689,-0.0689,-0.06791,-0.06693,-0.06693
2023-05-23 13:31:01,-0.06791,0.25695,0.38315,2280.0,0.0,-0.06791,-0.06791,-0.06791,-0.06791,-0.06791,-0.06791,-0.0689,-0.0689,-0.0689,-0.06791
2023-05-23 13:31:03,-0.06791,0.25203,0.38182,0.0,0.0,-0.06791,-0.06791,-0.06791,-0.06791,-0.06791,-0.06791,-0.0689,-0.0689,-0.0689,-0.06791
2023-05-23 13:31:05,-0.06791,0.25164,0.38171,0.0,30.0,-0.06791,-0.06791,-0.06791,-0.06791,-0.06791,-0.06791,-0.0689,-0.0689,-0.0689,-0.06791
2023-05-23 13:31:07,-0.06791,0.25149,0.38167,0.0,3.0,-0.06791,-0.06791,-0.06791,-0.06791,-0.06791,-0.06791,-0.0689,-0.0689,-0.0689,-0.06791
2023-05-23 13:31:09,-0.06791,0.25384,0.38209,53.0,0.0,-0.06791,-0.06791,-0.06791,-0.06791,-0.06791,-0.06791,-0.0689,-0.0689,-0.0689,-0.06791
2023-05-23 13:31:10,-0.06791,0.25384,0.38209,53.0,0.0,-0.06791,-0.06791,-0.06791,-0.06791,-0.06791,-0.06791,-0.0689,-0.0689,-0.0689,-0.06791
2023-05-23 13:31:12,-0.06791,0.25369,0.38223,0.0,20.0,-0.06791,-0.06791,-0.06791,-0.06791,-0.06791,-0.06791,-0.0689,-0.0689,-0.0689,-0.06791
2023-05-23 13:31:14,-0.06791,0.25131,0.38189,-1.0,0.0,-0.06791,-0.06791,-0.06791,-0.06791,-0.06791,-0.06791,-0.0689,-0.0689,-0.0689,-0.06791
2023-05-23 13:31:16,-0.06791,0.69309,0.53815,0.0,-167.0,-0.06791,-0.06791,-0.06791,-0.06791,-0.06791,-0.06791,-0.0689,-0.0689,-0.0689,-0.06791
2023-05-23 13:31:18,-0.06693,0.67341,0.53621,-1.0,0.0,-0.06693,-0.06791,-0.06791,-0.06791,-0.06791,-0.06791,-0.0689,-0.0689,-0.0689,-0.06791
2023-05-23 13:31:20,-0.06693,0.62223,0.5307,-1.0,0.0,-0.06693,-0.06791,-0.06791,-0.06791,-0.06791,-0.06791,-0.0689,-0.0689,-0.0689,-0.06791
2023-05-23 13:31:22,-0.06693,0.62223,0.5307,-1.0,0.0,-0.06693,-0.06791,-0.06791,-0.06791,-0.06791,-0.06791,-0.0689,-0.0689,-0.0689,-0.06791
2023-05-23 13:31:24,-0.06693,0.62223,0.5307,1.0,0.0,-0.06693,-0.06791,-0.06791,-0.06791,-0.06791,-0.06791,-0.0689,-0.0689,-0.0689,-0.06791
2023-05-23 13:31:26,-0.06693,0.62562,0.53108,0.0,-89.0,-0.06693,-0.06791,-0.06791,-0.06791,-0.06791,-0.06791,-0.0689,-0.0689,-0.0689,-0.06791
2023-05-23 13:31:28,-0.06693,0.62537,0.52858,-1.0,0.0,-0.06693,-0.06791,-0.06791,-0.06791,-0.06791,-0.06791,-0.0689,-0.0689,-0.0689,-0.06791
2023-05-23 13:31:29,-0.06693,0.83561,0.55411,-1.0,0.0,-0.06693,-0.06791,-0.06791,-0.06791,-0.06791,-0.06791,-0.0689,-0.0689,-0.0689,-0.06791
2023-05-23 13:31:31,-0.06693,0.83829,0.55445,0.0,0.0,-0.06693,-0.06791,-0.06791,-0.06791,-0.06791,-0.06791,-0.0689,-0.0689,-0.0689,-0.06791
2023-05-23 13:31:33,-0.06693,0.86799,0.55508,-300.0,0.0,-0.06693,-0.06791,-0.06791,-0.06791,-0.06791,-0.06791,-0.0689,-0.0689,-0.0689,-0.06791
2023-05-23 13:31:35,-0.06693,0.86486,0.55469,-1.0,0.0,-0.06693,-0.06791,-0.06791,-0.06791,-0.06791,-0.06791,-0.0689,-0.0689,-0.0689,-0.06791
2023-05-23 13:31:37,-0.06693,0.86486,0.55469,0.0,0.0,-0.06693,-0.06791,-0.06791,-0.06791,-0.06791,-0.06791,-0.0689,-0.0689,-0.0689,-0.06791
2023-05-23 13:31:39,-0.06693,0.87063,0.55513,-10.0,0.0,-0.06693,-0.06791,-0.06791,-0.06791,-0.06791,-0.06791,-0.0689,-0.0689,-0.0689,-0.06791
2023-05-23 13:31:41,-0.06693,0.9531,0.56487,1100.0,0.0,-0.06693,-0.06791,-0.06791,-0.06791,-0.06791,-0.06791,-0.0689,-0.0689,-0.0689,-0.06791
2023-05-23 13:31:43,-0.06693,0.95303,0.56487,0.0,1.0,-0.06693,-0.06791,-0.06791,-0.06791,-0.06791,-0.06791,-0.0689,-0.0689,-0.0689,-0.06791
2023-05-23 13:31:45,-0.06693,0.96192,0.56567,0.0,-1102.0,-0.06693,-0.06791,-0.06791,-0.06791,-0.06791,-0.06791,-0.0689,-0.0689,-0.0689,-0.06791
2023-05-23 13:31:47,-0.06693,0.94116,0.56417,0.0,0.0,-0.06693,-0.06791,-0.06791,-0.06791,-0.06791,-0.06791,-0.0689,-0.0689,-0.0689,-0.06791
2023-05-23 13:31:49,-0.06693,0.9411,0.56416,-1.0,0.0,-0.06693,-0.06791,-0.06791,-0.06791,-0.06791,-0.06791,-0.0689,-0.0689,-0.0689,-0.06791
2023-05-23 13:31:51,-0.06693,0.94103,0.56416,0.0,0.0,-0.06693,-0.06791,-0.06791,-0.06791,-0.06791,-0.06791,-0.0689,-0.0689,-0.0689,-0.06791
2023-05-23 13:31:53,-0.06693,0.94019,0.56361,-1.0,0.0,-0.06693,-0.06791,-0.06791,-0.06791,-0.06791,-0.06791,-0.0689,-0.0689,-0.0689,-0.06791
2023-05-23 13:31:54,-0.06693,0.91835,0.56157,0.0,220.0,-0.06693,-0.06791,-0.06791,-0.06791,-0.06791,-0.06791,-0.0689,-0.0689,-0.0689,-0.06791
2023-05-23 13:31:56,-0.06693,0.91743,0.5615,0.0,14.0,-0.06693,-0.06791,-0.06791,-0.06791,-0.06791,-0.06791,-0.0689,-0.0689,-0.0689,-0.06791
2023-05-23 13:31:58,-0.06693,0.90802,0.56053,-1.0,0.0,-0.06693,-0.06791,-0.06791,-0.06791,-0.06791,-0.06791,-0.0689,-0.0689,-0.0689,-0.06791
2023-05-23 13:32:00,-0.06693,0.90788,0.56052,-1.0,0.0,-0.06693,-0.06791,-0.06791,-0.06791,-0.06791,-0.06791,-0.06791,-0.06791,-0.0689,-0.0689
2023-05-23 13:32:02,-0.06791,0.93113,0.5602,-10.0,0.0,-0.06791,-0.06791,-0.06693,-0.06791,-0.06791,-0.06791,-0.06791,-0.06791,-0.0689,-0.0689
2023-05-23 13:32:04,-0.06791,0.87224,0.55556,0.0,1.0,-0.06791,-0.06791,-0.06693,-0.06791,-0.06791,-0.06791,-0.06791,-0.06791,-0.0689,-0.0689
2023-05-23 13:32:06,-0.06791,0.87152,0.5555,0.0,2.0,-0.06791,-0.06791,-0.06693,-0.06791,-0.06791,-0.06791,-0.06791,-0.06791,-0.0689,-0.0689
2023-05-23 13:32:08,-0.06791,0.87152,0.55548,0.0,5.0,-0.06791,-0.06791,-0.06693,-0.06791,-0.06791,-0.06791,-0.06791,-0.06791,-0.0689,-0.0689
2023-05-23 13:32:10,-0.06791,0.87537,0.55598,0.0,-1.0,-0.06791,-0.06791,-0.06693,-0.06791,-0.06791,-0.06791,-0.06791,-0.06791,-0.0689,-0.0689
2023-05-23 13:32:11,-0.06791,0.80886,0.54983,0.0,-200.0,-0.06791,-0.06791,-0.06693,-0.06791,-0.06791,-0.06791,-0.06791,-0.06791,-0.0689,-0.0689
2023-05-23 13:32:13,-0.06791,0.80197,0.54887,0.0,2.0,-0.06791,-0.06791,-0.06693,-0.06791,-0.06791,-0.06791,-0.06791,-0.06791,-0.0689,-0.0689
2023-05-23 13:32:15,-0.06791,0.78838,0.54326,0.0,0.0,-0.06791,-0.06791,-0.06693,-0.06791,-0.06791,-0.06791,-0.06791,-0.06791,-0.0689,-0.0689
2023-05-23 13:32:17,-0.06791,0.80856,0.54505,0.0,-400.0,-0.06791,-0.06791,-0.06693,-0.06791,-0.06791,-0.06791,-0.06791,-0.06791,-0.0689,-0.0689
2023-05-23 13:32:19,-0.06791,0.80856,0.54505,0.0,0.0,-0.06791,-0.06791,-0.06693,-0.06791,-0.06791,-0.06791,-0.06791,-0.06791,-0.0689,-0.0689
2023-05-23 13:32:21,-0.06791,0.80286,0.54455,0.0,1.0,-0.06791,-0.06791,-0.06693,-0.06791,-0.06791,-0.06791,-0.06791,-0.06791,-0.0689,-0.0689
2023-05-23 13:32:23,-0.06693,0.81663,0.54545,-110.0,0.0,-0.06693,-0.06791,-0.06693,-0.06791,-0.06791,-0.06791,-0.06791,-0.06791,-0.0689,-0.0689
2023-05-23 13:32:25,-0.06791,0.80588,0.54451,-6.0,-6.0,-0.06791,-0.06791,-0.06693,-0.06791,-0.06791,-0.06791,-0.06791,-0.06791,-0.0689,-0.0689
2023-05-23 13:32:26,-0.06791,0.75778,0.54035,0.0,985.0,-0.06791,-0.06791,-0.06693,-0.06791,-0.06791,-0.06791,-0.06791,-0.06791,-0.0689,-0.0689
2023-05-23 13:32:28,-0.06791,0.75778,0.54035,0.0,985.0,-0.06791,-0.06791,-0.06693,-0.06791,-0.06791,-0.06791,-0.06791,-0.06791,-0.0689,-0.0689
2023-05-23 13:32:30,-0.06791,0.75778,0.54057,0.0,-50.0,-0.06791,-0.06791,-0.06693,-0.06791,-0.06791,-0.06791,-0.06791,-0.06791,-0.0689,-0.0689
2023-05-23 13:32:32,-0.06791,0.75778,0.54057,0.0,0.0,-0.06791,-0.06791,-0.06693,-0.06791,-0.06791,-0.06791,-0.06791,-0.06791,-0.0689,-0.0689
2023-05-23 13:32:34,-0.0689,0.3592,0.39394,0.0,0.0,-0.0689,-0.06791,-0.06693,-0.06791,-0.06791,-0.06791,-0.06791,-0.06791,-0.0689,-0.0689
2023-05-23 13:32:36,-0.0689,0.3592,0.39426,0.0,-100.0,-0.0689,-0.06791,-0.06693,-0.06791,-0.06791,-0.06791,-0.06791,-0.06791,-0.0689,-0.0689
2023-05-23 13:32:38,-0.0689,0.34953,0.39225,0.0,-140.0,-0.0689,-0.06791,-0.06693,-0.06791,-0.06791,-0.06791,-0.06791,-0.06791,-0.0689,-0.0689
2023-05-23 13:32:40,-0.06791,0.35636,0.39351,0.0,0.0,-0.06791,-0.06791,-0.06693,-0.06791,-0.06791,-0.06791,-0.06791,-0.06791,-0.0689,-0.0689
2023-05-23 13:32:42,-0.06791,0.35239,0.3927,0.0,100.0,-0.06791,-0.06791,-0.06693,-0.06791,-0.06791,-0.06791,-0.06791,-0.06791,-0.0689,-0.0689
2023-05-23 13:32:43,-0.06791,0.35239,0.3893,0.0,100.0,-0.06791,-0.06791,-0.06693,-0.06791,-0.06791,-0.06791,-0.06791,-0.06791,-0.0689,-0.0689
2023-05-23 13:32:45,-0.06791,0.77963,0.53845,0.0,-110.0,-0.06791,-0.06791,-0.06693,-0.06791,-0.06791,-0.06791,-0.06791,-0.06791,-0.0689,-0.0689
2023-05-23 13:32:47,-0.06791,0.77963,0.53845,0.0,-110.0,-0.06791,-0.06791,-0.06693,-0.06791,-0.06791,-0.06791,-0.06791,-0.06791,-0.0689,-0.0689
2023-05-23 13:32:49,-0.06791,0.72604,0.53263,-20.0,0.0,-0.06791,-0.06791,-0.06693,-0.06791,-0.06791,-0.06791,-0.06791,-0.06791,-0.0689,-0.0689
2023-05-23 13:32:51,-0.06791,0.73237,0.53327,0.0,-150.0,-0.06791,-0.06791,-0.06693,-0.06791,-0.06791,-0.06791,-0.06791,-0.06791,-0.0689,-0.0689
2023-05-23 13:32:53,-0.06791,0.7292,0.53252,0.0,0.0,-0.06791,-0.06791,-0.06693,-0.06791,-0.06791,-0.06791,-0.06791,-0.06791,-0.0689,-0.0689
2023-05-23 13:32:55,-0.06791,0.72869,0.53246,0.0,10.0,-0.06791,-0.06791,-0.06693,-0.06791,-0.06791,-0.06791,-0.06791,-0.06791,-0.0689,-0.0689
2023-05-23 13:32:57,-0.06693,0.72673,0.5322,0.0,0.0,-0.06693,-0.06791,-0.06693,-0.06791,-0.06791,-0.06791,-0.06791,-0.06791,-0.0689,-0.0689
2023-05-23 13:32:58,-0.06693,0.72459,0.53198,0.0,50.0,-0.06693,-0.06791,-0.06693,-0.06791,-0.06791,-0.06791,-0.06791,-0.06791,-0.0689,-0.0689
2023-05-23 13:33:00,-0.06693,0.70383,0.52983,0.0,500.0,-0.06693,-0.06791,-0.06693,-0.06693,-0.06693,-0.06791,-0.06791,-0.06791,-0.06791,-0.06791
2023-05-23 13:33:02,-0.06693,0.70383,0.52987,0.0,-10.0,-0.06693,-0.06791,-0.06693,-0.06693,-0.06693,-0.06791,-0.06791,-0.06791,-0.06791,-0.06791
2023-05-23 13:33:04,-0.06693,0.68431,0.52775,0.0,498.0,-0.06693,-0.06791,-0.06693,-0.06693,-0.06693,-0.06791,-0.06791,-0.06791,-0.06791,-0.06791
2023-05-23 13:33:06,-0.06693,0.69027,0.52861,-50.0,0.0,-0.06693,-0.06693,-0.06693,-0.06791,-0.06693,-0.06791,-0.06791,-0.06791,-0.06791,-0.06791
2023-05-23 13:33:08,-0.06791,0.69031,0.52861,0.0,-1.0,-0.06791,-0.06693,-0.06693,-0.06791,-0.06693,-0.06791,-0.06791,-0.06791,-0.06791,-0.06791
2023-05-23 13:33:10,-0.06791,0.69031,0.52861,0.0,-1.0,-0.06791,-0.06693,-0.06693,-0.06791,-0.06693,-0.06791,-0.06791,-0.06791,-0.06791,-0.06791
2023-05-23 13:33:12,-0.06791,0.69034,0.52819,0.0,100.0,-0.06791,-0.06693,-0.06693,-0.06791,-0.06693,-0.06791,-0.06791,-0.06791,-0.06791,-0.06791
2023-05-23 13:33:13,-0.06791,0.69313,0.52859,50.0,0.0,-0.06791,-0.06693,-0.06693,-0.06791,-0.06693,-0.06791,-0.06791,-0.06791,-0.06791,-0.06791
2023-05-23 13:33:15,-0.06791,0.69313,0.52859,0.0,0.0,-0.06791,-0.06693,-0.06693,-0.06791,-0.06693,-0.06791,-0.06791,-0.06791,-0.06791,-0.06791
2023-05-23 13:33:17,-0.06791,0.6987,0.53181,100.0,0.0,-0.06791,-0.06693,-0.06693,-0.06791,-0.06693,-0.06791,-0.06791,-0.06791,-0.06791,-0.06791
2023-05-23 13:33:19,-0.06791,0.69672,0.53159,0.0,50.0,-0.06791,-0.06693,-0.06693,-0.06791,-0.06693,-0.06791,-0.06791,-0.06791,-0.06791,-0.06791
2023-05-23 13:33:21,-0.06791,0.69579,0.53149,0.0,4.0,-0.06791,-0.06693,-0.06693,-0.06791,-0.06693,-0.06791,-0.06791,-0.06791,-0.06791,-0.06791
2023-05-23 13:33:23,-0.06791,0.69579,0.53149,0.0,4.0,-0.06791,-0.06693,-0.06693,-0.06791,-0.06693,-0.06791,-0.06791,-0.06791,-0.06791,-0.06791
2023-05-23 13:33:25,-0.06791,0.69146,0.53111,0.0,0.0,-0.06791,-0.06693,-0.06693,-0.06791,-0.06693,-0.06791,-0.06791,-0.06791,-0.06791,-0.06791
2023-05-23 13:33:27,-0.06693,0.45917,0.49606,-13.0,0.0,-0.06693,-0.06693,-0.06693,-0.06791,-0.06693,-0.06791,-0.06791,-0.06791,-0.06791,-0.06791
2023-05-23 13:33:29,-0.06791,0.46909,0.49757,50.0,0.0,-0.06791,-0.06693,-0.06693,-0.06791,-0.06693,-0.06791,-0.06791,-0.06791,-0.06791,-0.06791
2023-05-23 13:33:31,-0.06791,0.46596,0.49709,0.0,120.0,-0.06791,-0.06693,-0.06693,-0.06791,-0.06693,-0.06791,-0.06791,-0.06791,-0.06791,-0.06791
2023-05-23 13:33:32,-0.06594,1.17336,0.65862,-10.0,0.0,-0.06594,-0.06693,-0.06693,-0.06791,-0.06693,-0.06791,-0.06791,-0.06791,-0.06791,-0.06791
2023-05-23 13:33:34,-0.06594,1.16091,0.65516,0.0,500.0,-0.06594,-0.06693,-0.06693,-0.06791,-0.06693,-0.06791,-0.06791,-0.06791,-0.06791,-0.06791
2023-05-23 13:33:36,-0.06594,1.16091,0.66192,800.0,0.0,-0.06594,-0.06693,-0.06693,-0.06791,-0.06693,-0.06791,-0.06791,-0.06791,-0.06791,-0.06791
2023-05-23 13:33:38,-0.06594,1.15935,0.66177,-18.0,0.0,-0.06594,-0.06693,-0.06693,-0.06791,-0.06693,-0.06791,-0.06791,-0.06791,-0.06791,-0.06791
2023-05-23 13:33:41,-0.06594,1.12436,0.66268,0.0,1000.0,-0.06594,-0.06693,-0.06693,-0.06791,-0.06693,-0.06791,-0.06791,-0.06791,-0.06791,-0.06791
2023-05-23 13:33:44,-0.06594,1.14122,0.66437,200.0,0.0,-0.06594,-0.06693,-0.06693,-0.06791,-0.06693,-0.06791,-0.06791,-0.06791,-0.06791,-0.06791
2023-05-23 13:33:46,-0.06594,1.13863,0.66422,0.0,22.0,-0.06594,-0.06693,-0.06693,-0.06791,-0.06693,-0.06791,-0.06791,-0.06791,-0.06791,-0.06791
2023-05-23 13:33:47,-0.06594,1.18077,0.66846,500.0,0.0,-0.06594,-0.06693,-0.06693,-0.06791,-0.06693,-0.06791,-0.06791,-0.06791,-0.06791,-0.06791
2023-05-23 13:33:49,-0.06594,1.18077,0.67272,0.0,-770.0,-0.06594,-0.06693,-0.06693,-0.06791,-0.06693,-0.06791,-0.06791,-0.06791,-0.06791,-0.06791
2023-05-23 13:33:51,-0.06594,1.20441,0.675,402.0,0.0,-0.06594,-0.06693,-0.06693,-0.06791,-0.06693,-0.06791,-0.06791,-0.06791,-0.06791,-0.06791
2023-05-23 13:33:53,-0.06594,1.20441,0.675,402.0,0.0,-0.06594,-0.06693,-0.06693,-0.06791,-0.06693,-0.06791,-0.06791,-0.06791,-0.06791,-0.06791
2023-05-23 13:33:55,-0.06594,1.20441,0.67652,200.0,0.0,-0.06594,-0.06693,-0.06693,-0.06791,-0.06693,-0.06791,-0.06791,-0.06791,-0.06791,-0.06791
2023-05-23 13:33:57,-0.06594,1.19347,0.67536,0.0,10.0,-0.06594,-0.06693,-0.06693,-0.06791,-0.06693,-0.06791,-0.06791,-0.06791,-0.06791,-0.06791
2023-05-23 13:33:59,-0.06594,1.19314,0.67521,0.0,0.0,-0.06594,-0.06693,-0.06693,-0.06791,-0.06693,-0.06791,-0.06791,-0.06791,-0.06791,-0.06791
2023-05-23 13:34:01,-0.06693,1.19314,0.67513,0.0,5.0,-0.06693,-0.06693,-0.06594,-0.06693,-0.06693,-0.06791,-0.06693,-0.06791,-0.06791,-0.06791
2023-05-23 13:34:02,-0.06693,1.28516,0.68443,1000.0,0.0,-0.06693,-0.06693,-0.06594,-0.06693,-0.06693,-0.06791,-0.06693,-0.06791,-0.06791,-0.06791
2023-05-23 13:34:04,-0.06693,1.3085,0.68508,0.0,0.0,-0.06693,-0.06693,-0.06594,-0.06693,-0.06693,-0.06791,-0.06693,-0.06791,-0.06791,-0.06791
2023-05-23 13:34:06,-0.06693,1.26453,0.68029,0.0,500.0,-0.06693,-0.06693,-0.06594,-0.06693,-0.06693,-0.06791,-0.06693,-0.06791,-0.06791,-0.06791
2023-05-23 13:34:08,-0.06693,1.25675,0.6795,0.0,0.0,-0.06693,-0.06693,-0.06594,-0.06693,-0.06693,-0.06791,-0.06693,-0.06791,-0.06791,-0.06791
2023-05-23 13:34:10,-0.06693,1.25664,0.67949,0.0,1.0,-0.06693,-0.06693,-0.06594,-0.06693,-0.06693,-0.06791,-0.06693,-0.06791,-0.06791,-0.06791
2023-05-23 13:34:12,-0.06693,1.25654,0.67953,0.0,-6.0,-0.06693,-0.06693,-0.06594,-0.06693,-0.06693,-0.06791,-0.06693,-0.06791,-0.06791,-0.06791
2023-05-23 13:34:14,-0.06693,0.58928,0.48312,-2.0,0.0,-0.06693,-0.06693,-0.06594,-0.06693,-0.06693,-0.06791,-0.06693,-0.06791,-0.06791,-0.06791
2023-05-23 13:34:16,-0.06693,0.58924,0.48309,0.0,5.0,-0.06693,-0.06693,-0.06594,-0.06693,-0.06693,-0.06791,-0.06693,-0.06791,-0.06791,-0.06791
2023-05-23 13:34:18,-0.06693,0.59155,0.48379,-30.0,0.0,-0.06693,-0.06693,-0.06594,-0.06693,-0.06693,-0.06791,-0.06693,-0.06791,-0.06791,-0.06791
2023-05-23 13:34:19,-0.06693,0.58998,0.4836,0.0,20.0,-0.06693,-0.06693,-0.06594,-0.06693,-0.06693,-0.06791,-0.06693,-0.06791,-0.06791,-0.06791
2023-05-23 13:34:21,-0.06693,1.47222,0.69244,0.0,0.0,-0.06693,-0.06693,-0.06594,-0.06693,-0.06693,-0.06791,-0.06693,-0.06791,-0.06791,-0.06791
2023-05-23 13:34:23,-0.06693,0.58691,0.48317,-20808.0,7524.0,-0.06693,-0.06693,-0.06594,-0.06693,-0.06693,-0.06791,-0.06693,-0.06791,-0.06791,-0.06791
2023-05-23 13:34:25,-0.06693,0.58691,0.48279,0.0,100.0,-0.06693,-0.06693,-0.06594,-0.06693,-0.06693,-0.06791,-0.06693,-0.06791,-0.06791,-0.06791
2023-05-23 13:34:27,-0.06693,0.56604,0.48042,0.0,-50.0,-0.06693,-0.06693,-0.06594,-0.06693,-0.06693,-0.06791,-0.06693,-0.06791,-0.06791,-0.06791
2023-05-23 13:34:29,-0.06693,0.56547,0.48034,10.0,0.0,-0.06693,-0.06693,-0.06594,-0.06693,-0.06693,-0.06791,-0.06693,-0.06791,-0.06791,-0.06791
2023-05-23 13:34:31,-0.06693,0.58056,0.48244,0.0,1.0,-0.06693,-0.06693,-0.06594,-0.06693,-0.06693,-0.06791,-0.06693,-0.06791,-0.06791,-0.06791
2023-05-23 13:34:33,-0.06693,0.58051,0.48243,0.0,1.0,-0.06693,-0.06693,-0.06594,-0.06693,-0.06693,-0.06791,-0.06693,-0.06791,-0.06791,-0.06791
2023-05-23 13:34:34,-0.06693,0.58051,0.48243,0.0,1.0,-0.06693,-0.06693,-0.06594,-0.06693,-0.06693,-0.06791,-0.06693,-0.06791,-0.06791,-0.06791
2023-05-23 13:34:36,-0.06693,0.58149,0.47875,0.0,0.0,-0.06693,-0.06693,-0.06594,-0.06693,-0.06693,-0.06791,-0.06693,-0.06791,-0.06791,-0.06791
2023-05-23 13:34:38,-0.06693,0.5814,0.47874,0.0,1.0,-0.06693,-0.06693,-0.06594,-0.06693,-0.06693,-0.06791,-0.06693,-0.06791,-0.06791,-0.06791
2023-05-23 13:34:40,-0.06693,0.58266,0.47853,0.0,100.0,-0.06693,-0.06693,-0.06594,-0.06693,-0.06693,-0.06791,-0.06693,-0.06791,-0.06791,-0.06791
2023-05-23 13:34:42,-0.06791,0.6844,0.48878,0.0,-2547.0,-0.06791,-0.06693,-0.06594,-0.06693,-0.06693,-0.06791,-0.06693,-0.06791,-0.06791,-0.06791
2023-05-23 13:34:44,-0.06791,0.6844,0.48878,0.0,-2547.0,-0.06791,-0.06693,-0.06594,-0.06693,-0.06693,-0.06791,-0.06693,-0.06791,-0.06791,-0.06791
2023-05-23 13:34:46,-0.0689,0.5213,0.47456,0.0,3696.0,-0.0689,-0.06693,-0.06594,-0.06693,-0.06693,-0.06791,-0.06693,-0.06791,-0.06791,-0.06791
2023-05-23 13:34:48,-0.06791,0.69772,0.48992,0.0,-1.0,-0.06791,-0.06693,-0.06594,-0.06693,-0.06693,-0.06791,-0.06693,-0.06791,-0.06791,-0.06791
2023-05-23 13:34:49,-0.06693,0.69789,0.48993,-1.0,0.0,-0.06693,-0.06693,-0.06594,-0.06693,-0.06693,-0.06791,-0.06693,-0.06791,-0.06791,-0.06791
2023-05-23 13:34:51,-0.06693,0.68906,0.4886,0.0,89.0,-0.06693,-0.06693,-0.06594,-0.06693,-0.06693,-0.06791,-0.06693,-0.06791,-0.06791,-0.06791
2023-05-23 13:34:53,-0.06693,0.72272,0.49266,500.0,0.0,-0.06693,-0.06693,-0.06594,-0.06693,-0.06693,-0.06791,-0.06693,-0.06791,-0.06791,-0.06791
2023-05-23 13:34:55,-0.06693,0.72284,0.49265,-1.0,0.0,-0.06693,-0.06693,-0.06594,-0.06693,-0.06693,-0.06791,-0.06693,-0.06791,-0.06791,-0.06791
2023-05-23 13:34:57,-0.06693,0.69775,0.48932,-500.0,0.0,-0.06693,-0.06693,-0.06594,-0.06693,-0.06693,-0.06791,-0.06693,-0.06791,-0.06791,-0.06791
2023-05-23 13:34:59,-0.06693,0.68548,0.48785,0.0,0.0,-0.06693,-0.06693,-0.06594,-0.06693,-0.06693,-0.06791,-0.06693,-0.06791,-0.06791,-0.06791
2023-05-23 13:35:01,-0.06693,0.68309,0.48705,0.0,3.0,-0.06693,-0.06693,-0.06693,-0.06693,-0.06594,-0.06693,-0.06693,-0.06791,-0.06693,-0.06791
2023-05-23 13:35:03,-0.06693,0.68309,0.48705,0.0,3.0,-0.06693,-0.06693,-0.06693,-0.06693,-0.06594,-0.06693,-0.06693,-0.06791,-0.06693,-0.06791
2023-05-23 13:35:04,-0.06693,0.68965,0.48784,100.0,0.0,-0.06693,-0.06693,-0.06693,-0.06693,-0.06594,-0.06693,-0.06693,-0.06791,-0.06693,-0.06791
2023-05-23 13:35:06,-0.06693,0.6558,0.48509,120.0,0.0,-0.06693,-0.06693,-0.06693,-0.06693,-0.06594,-0.06693,-0.06693,-0.06791,-0.06693,-0.06791
2023-05-23 13:35:08,-0.06693,0.6558,0.48509,0.0,0.0,-0.06693,-0.06693,-0.06693,-0.06693,-0.06594,-0.06693,-0.06693,-0.06791,-0.06693,-0.06791
2023-05-23 13:35:10,-0.06693,0.63256,0.48263,0.0,0.0,-0.06693,-0.06693,-0.06693,-0.06693,-0.06594,-0.06693,-0.06693,-0.06791,-0.06693,-0.06791
2023-05-23 13:35:12,-0.06693,0.64623,0.4844,0.0,5.0,-0.06693,-0.06693,-0.06693,-0.06693,-0.06594,-0.06693,-0.06693,-0.06791,-0.06693,-0.06791
2023-05-23 13:35:14,-0.06693,0.64611,0.49596,0.0,-1.0,-0.06693,-0.06693,-0.06693,-0.06693,-0.06594,-0.06693,-0.06693,-0.06791,-0.06693,-0.06791
2023-05-23 13:35:16,-0.06693,0.64574,0.4959,-3.0,0.0,-0.06693,-0.06693,-0.06693,-0.06693,-0.06594,-0.06693,-0.06693,-0.06791,-0.06693,-0.06791
2023-05-23 13:35:18,-0.06791,0.6643,0.49769,0.0,-450.0,-0.06791,-0.06693,-0.06693,-0.06693,-0.06594,-0.06693,-0.06693,-0.06791,-0.06693,-0.06791
2023-05-23 13:35:20,-0.06693,0.64829,0.49592,-1.0,0.0,-0.06693,-0.06693,-0.06693,-0.06693,-0.06594,-0.06693,-0.06693,-0.06791,-0.06693,-0.06791
2023-05-23 13:35:21,-0.06693,0.63977,0.49424,-105.0,0.0,-0.06693,-0.06693,-0.06693,-0.06693,-0.06594,-0.06693,-0.06693,-0.06791,-0.06693,-0.06791
2023-05-23 13:35:23,-0.06693,0.63977,0.49424,0.0,1.0,-0.06693,-0.06693,-0.06693,-0.06693,-0.06594,-0.06693,-0.06693,-0.06791,-0.06693,-0.06791
2023-05-23 13:35:25,-0.06791,0.30104,0.35288,-16742.0,3861.0,-0.06791,-0.06693,-0.06693,-0.06693,-0.06594,-0.06693,-0.06693,-0.06791,-0.06693,-0.06791
2023-05-23 13:35:27,-0.06791,0.30104,0.34116,-1438.0,0.0,-0.06791,-0.06693,-0.06693,-0.06693,-0.06594,-0.06693,-0.06693,-0.06791,-0.06693,-0.06791
2023-05-23 13:35:29,-0.06791,0.30104,0.34111,0.0,21.0,-0.06791,-0.06693,-0.06693,-0.06693,-0.06594,-0.06693,-0.06693,-0.06791,-0.06693,-0.06791
2023-05-23 13:35:31,-0.06791,0.2963,0.34033,0.0,0.0,-0.06791,-0.06693,-0.06693,-0.06693,-0.06594,-0.06693,-0.06693,-0.06791,-0.06693,-0.06791
2023-05-23 13:35:33,-0.06791,0.72596,0.50327,-9.0,-9.0,-0.06791,-0.06693,-0.06693,-0.06693,-0.06594,-0.06693,-0.06693,-0.06791,-0.06693,-0.06791
2023-05-23 13:35:34,-0.06791,0.72596,0.50572,0.0,-600.0,-0.06791,-0.06693,-0.06693,-0.06693,-0.06594,-0.06693,-0.06693,-0.06791,-0.06693,-0.06791
2023-05-23 13:35:36,-0.06791,0.68046,0.50362,0.0,-487.0,-0.06791,-0.06693,-0.06693,-0.06693,-0.06594,-0.06693,-0.06693,-0.06791,-0.06693,-0.06791
2023-05-23 13:35:38,-0.06791,0.68041,0.5028,0.0,1.0,-0.06791,-0.06693,-0.06693,-0.06693,-0.06594,-0.06693,-0.06693,-0.06791,-0.06693,-0.06791
2023-05-23 13:35:40,-0.06791,0.72591,0.5069,0.0,0.0,-0.06791,-0.06693,-0.06693,-0.06693,-0.06594,-0.06693,-0.06693,-0.06791,-0.06693,-0.06791
2023-05-23 13:35:42,-0.06791,0.70243,0.50484,0.0,500.0,-0.06791,-0.06693,-0.06693,-0.06693,-0.06594,-0.06693,-0.06693,-0.06791,-0.06693,-0.06791
2023-05-23 13:35:44,-0.06791,0.70243,0.50484,0.0,0.0,-0.06791,-0.06693,-0.06693,-0.06693,-0.06594,-0.06693,-0.06693,-0.06791,-0.06693,-0.06791
2023-05-23 13:35:46,-0.06791,0.70197,0.50484,0.0,0.0,-0.06791,-0.06693,-0.06693,-0.06693,-0.06594,-0.06693,-0.06693,-0.06791,-0.06693,-0.06791
2023-05-23 13:35:48,-0.06791,0.70098,0.5043,0.0,22.0,-0.06791,-0.06693,-0.06693,-0.06693,-0.06594,-0.06693,-0.06693,-0.06791,-0.06693,-0.06791
2023-05-23 13:35:50,-0.06791,0.70098,0.50429,0.0,0.0,-0.06791,-0.06693,-0.06693,-0.06693,-0.06594,-0.06693,-0.06693,-0.06791,-0.06693,-0.06791
2023-05-23 13:35:52,-0.06693,0.69988,0.50417,0.0,10.0,-0.06693,-0.06693,-0.06693,-0.06693,-0.06594,-0.06693,-0.06693,-0.06791,-0.06693,-0.06791
2023-05-23 13:35:53,-0.06693,0.70028,0.50416,0.0,0.0,-0.06693,-0.06693,-0.06693,-0.06693,-0.06594,-0.06693,-0.06693,-0.06791,-0.06693,-0.06791
2023-05-23 13:35:55,-0.06693,0.72119,0.50679,0.0,0.0,-0.06693,-0.06693,-0.06693,-0.06693,-0.06594,-0.06693,-0.06693,-0.06791,-0.06693,-0.06791
2023-05-23 13:35:57,-0.06693,0.72113,0.50686,-1.0,0.0,-0.06693,-0.06693,-0.06693,-0.06693,-0.06594,-0.06693,-0.06693,-0.06791,-0.06693,-0.06791
2023-05-23 13:35:59,-0.06693,0.72029,0.50667,0.0,-40.0,-0.06693,-0.06693,-0.06693,-0.06693,-0.06594,-0.06693,-0.06693,-0.06791,-0.06693,-0.06791
2023-05-23 13:36:01,-0.06693,0.67482,0.5014,-500.0,0.0,-0.06693,-0.06693,-0.06791,-0.06693,-0.06693,-0.06693,-0.06594,-0.06693,-0.06693,-0.06791
2023-05-23 13:36:03,-0.06693,0.64027,0.49796,0.0,422.0,-0.06693,-0.06693,-0.06791,-0.06693,-0.06693,-0.06693,-0.06594,-0.06693,-0.06693,-0.06791
2023-05-23 13:36:05,-0.06791,0.60143,0.49371,0.0,449.0,-0.06791,-0.06693,-0.06791,-0.06693,-0.06693,-0.06693,-0.06594,-0.06693,-0.06693,-0.06791
2023-05-23 13:36:07,-0.06791,0.56115,0.48878,0.0,0.0,-0.06791,-0.06693,-0.06791,-0.06693,-0.06693,-0.06693,-0.06594,-0.06693,-0.06693,-0.06791
2023-05-23 13:36:08,-0.06791,0.58995,0.49241,34.0,0.0,-0.06791,-0.06693,-0.06791,-0.06693,-0.06693,-0.06693,-0.06594,-0.06693,-0.06693,-0.06791
2023-05-23 13:36:10,-0.06791,0.58995,0.49245,0.0,0.0,-0.06791,-0.06693,-0.06791,-0.06693,-0.06693,-0.06693,-0.06594,-0.06693,-0.06693,-0.06791
2023-05-23 13:36:12,-0.06791,0.59169,0.49281,0.0,0.0,-0.06791,-0.06693,-0.06791,-0.06693,-0.06693,-0.06693,-0.06594,-0.06693,-0.06693,-0.06791
2023-05-23 13:36:14,-0.06791,0.59288,0.49295,0.0,0.0,-0.06791,-0.06693,-0.06791,-0.06693,-0.06693,-0.06693,-0.06594,-0.06693,-0.06693,-0.06791
2023-05-23 13:36:16,-0.06791,0.59901,0.49368,0.0,-383.0,-0.06791,-0.06693,-0.06791,-0.06693,-0.06693,-0.06693,-0.06594,-0.06693,-0.06693,-0.06791
2023-05-23 13:36:18,-0.06791,0.59885,0.49365,-7.0,-7.0,-0.06791,-0.06693,-0.06791,-0.06693,-0.06693,-0.06693,-0.06594,-0.06693,-0.06693,-0.06791
2023-05-23 13:36:20,-0.06791,0.64341,0.49995,0.0,0.0,-0.06791,-0.06693,-0.06791,-0.06693,-0.06693,-0.06693,-0.06594,-0.06693,-0.06693,-0.06791
2023-05-23 13:36:22,-0.06693,0.58867,0.49237,-1000.0,0.0,-0.06693,-0.06693,-0.06791,-0.06693,-0.06693,-0.06693,-0.06594,-0.06693,-0.06693,-0.06791
2023-05-23 13:36:24,-0.06693,0.65554,0.50182,30.0,0.0,-0.06693,-0.06693,-0.06791,-0.06693,-0.06693,-0.06693,-0.06594,-0.06693,-0.06693,-0.06791
2023-05-23 13:36:26,-0.06693,0.65836,0.50182,0.0,0.0,-0.06693,-0.06693,-0.06791,-0.06693,-0.06693,-0.06693,-0.06594,-0.06693,-0.06693,-0.06791
2023-05-23 13:36:27,-0.06693,0.65887,0.5019,0.0,0.0,-0.06693,-0.06693,-0.06791,-0.06693,-0.06693,-0.06693,-0.06594,-0.06693,-0.06693,-0.06791
2023-05-23 13:36:29,-0.06693,0.6605,0.50213,-1.0,0.0,-0.06693,-0.06693,-0.06791,-0.06693,-0.06693,-0.06693,-0.06594,-0.06693,-0.06693,-0.06791
2023-05-23 13:36:31,-0.06693,0.6605,0.50214,1.0,0.0,-0.06693,-0.06693,-0.06791,-0.06693,-0.06693,-0.06693,-0.06594,-0.06693,-0.06693,-0.06791
2023-05-23 13:36:33,-0.06791,0.66542,0.50267,1.0,0.0,-0.06791,-0.06693,-0.06791,-0.06693,-0.06693,-0.06693,-0.06594,-0.06693,-0.06693,-0.06791
2023-05-23 13:36:35,-0.06791,0.66542,0.50267,1.0,0.0,-0.06791,-0.06693,-0.06791,-0.06693,-0.06693,-0.06693,-0.06594,-0.06693,-0.06693,-0.06791
2023-05-23 13:36:37,-0.06791,0.66428,0.50245,-50.0,-50.0,-0.06791,-0.06693,-0.06791,-0.06693,-0.06693,-0.06693,-0.06594,-0.06693,-0.06693,-0.06791
2023-05-23 13:36:39,-0.06693,0.66346,0.50236,-1.0,20.0,-0.06693,-0.06693,-0.06791,-0.06693,-0.06693,-0.06693,-0.06594,-0.06693,-0.06693,-0.06791
2023-05-23 13:36:41,-0.06693,1.21097,0.68885,18651.0,-7152.0,-0.06693,-0.06693,-0.06791,-0.06693,-0.06693,-0.06693,-0.06594,-0.06693,-0.06693,-0.06791
2023-05-23 13:36:42,-0.06594,1.17359,0.68631,0.0,1.0,-0.06594,-0.06693,-0.06791,-0.06693,-0.06693,-0.06693,-0.06594,-0.06693,-0.06693,-0.06791
2023-05-23 13:36:44,-0.06594,1.17359,0.67782,0.0,0.0,-0.06594,-0.06693,-0.06791,-0.06693,-0.06693,-0.06693,-0.06594,-0.06693,-0.06693,-0.06791
2023-05-23 13:36:46,-0.06693,0.62817,0.48885,-1.0,0.0,-0.06693,-0.06693,-0.06791,-0.06693,-0.06693,-0.06693,-0.06594,-0.06693,-0.06693,-0.06791
2023-05-23 13:36:48,-0.06693,0.62758,0.48877,-10.0,0.0,-0.06693,-0.06693,-0.06791,-0.06693,-0.06693,-0.06693,-0.06594,-0.06693,-0.06693,-0.06791
2023-05-23 13:36:50,-0.06693,0.61938,0.48787,-10.0,0.0,-0.06693,-0.06693,-0.06791,-0.06693,-0.06693,-0.06693,-0.06594,-0.06693,-0.06693,-0.06791
2023-05-23 13:36:53,-0.06693,0.64049,0.49083,-10.0,-10.0,-0.06693,-0.06693,-0.06791,-0.06693,-0.06693,-0.06693,-0.06594,-0.06693,-0.06693,-0.06791
2023-05-23 13:36:55,-0.06693,0.63991,0.49075,-10.0,0.0,-0.06693,-0.06693,-0.06791,-0.06693,-0.06693,-0.06693,-0.06594,-0.06693,-0.06693,-0.06791
2023-05-23 13:36:57,-0.06693,0.63991,0.49075,0.0,0.0,-0.06693,-0.06693,-0.06791,-0.06693,-0.06693,-0.06693,-0.06594,-0.06693,-0.06693,-0.06791
2023-05-23 13:36:59,-0.06791,0.64219,0.49106,50.0,0.0,-0.06791,-0.06791,-0.06791,-0.06693,-0.06693,-0.06693,-0.06594,-0.06693,-0.06693,-0.06791
2023-05-23 13:37:01,-0.06693,0.64161,0.49098,0.0,0.0,-0.06693,-0.06693,-0.06693,-0.06693,-0.06791,-0.06693,-0.06693,-0.06693,-0.06594,-0.06693
2023-05-23 13:37:03,-0.06693,0.64161,0.49098,0.0,0.0,-0.06693,-0.06693,-0.06693,-0.06693,-0.06791,-0.06693,-0.06693,-0.06693,-0.06594,-0.06693
2023-05-23 13:37:05,-0.06791,0.64192,0.491,0.0,-24.0,-0.06791,-0.06693,-0.06693,-0.06693,-0.06791,-0.06693,-0.06693,-0.06693,-0.06594,-0.06693
2023-05-23 13:37:07,-0.06693,0.64134,0.49092,0.0,0.0,-0.06693,-0.06693,-0.06693,-0.06693,-0.06791,-0.06693,-0.06693,-0.06693,-0.06594,-0.06693
2023-05-23 13:37:09,-0.06693,0.64097,0.49088,0.0,10.0,-0.06693,-0.06693,-0.06693,-0.06693,-0.06791,-0.06693,-0.06693,-0.06693,-0.06594,-0.06693
2023-05-23 13:37:11,-0.06693,0.64618,0.4916,100.0,0.0,-0.06693,-0.06693,-0.06693,-0.06693,-0.06791,-0.06693,-0.06693,-0.06693,-0.06594,-0.06693
2023-05-23 13:37:12,-0.06693,0.64618,0.4916,0.0,0.0,-0.06693,-0.06693,-0.06693,-0.06693,-0.06791,-0.06693,-0.06693,-0.06693,-0.06594,-0.06693
2023-05-23 13:37:14,-0.06791,0.43642,0.34604,-17115.0,2859.0,-0.06791,-0.06693,-0.06693,-0.06693,-0.06791,-0.06693,-0.06693,-0.06693,-0.06594,-0.06693
2023-05-23 13:37:16,-0.06791,0.44487,0.34745,100.0,0.0,-0.06791,-0.06693,-0.06693,-0.06693,-0.06791,-0.06693,-0.06693,-0.06693,-0.06594,-0.06693
2023-05-23 13:37:18,-0.06791,0.46474,0.35075,423.0,0.0,-0.06791,-0.06693,-0.06693,-0.06693,-0.06791,-0.06693,-0.06693,-0.06693,-0.06594,-0.06693
2023-05-23 13:37:20,-0.06791,0.46404,0.35062,0.0,5.0,-0.06791,-0.06693,-0.06693,-0.06693,-0.06791,-0.06693,-0.06693,-0.06693,-0.06594,-0.06693
2023-05-23 13:37:22,-0.06791,0.48753,0.35453,500.0,0.0,-0.06791,-0.06693,-0.06693,-0.06693,-0.06791,-0.06693,-0.06693,-0.06693,-0.06594,-0.06693
2023-05-23 13:37:24,-0.06791,0.48382,0.35391,-74.0,0.0,-0.06791,-0.06693,-0.06693,-0.06693,-0.06791,-0.06693,-0.06693,-0.06693,-0.06594,-0.06693
2023-05-23 13:37:26,-0.06791,0.48382,0.35391,0.0,0.0,-0.06791,-0.06693,-0.06693,-0.06693,-0.06791,-0.06693,-0.06693,-0.06693,-0.06594,-0.06693
2023-05-23 13:37:27,-0.06791,0.47271,0.35101,0.0,0.0,-0.06791,-0.06693,-0.06693,-0.06693,-0.06791,-0.06693,-0.06693,-0.06693,-0.06594,-0.06693
2023-05-23 13:37:29,-0.06791,0.47271,0.35101,0.0,0.0,-0.06791,-0.06693,-0.06693,-0.06693,-0.06791,-0.06693,-0.06693,-0.06693,-0.06594,-0.06693
2023-05-23 13:37:31,-0.06791,0.4718,0.35086,-20.0,0.0,-0.06791,-0.06693,-0.06693,-0.06693,-0.06791,-0.06693,-0.06693,-0.06693,-0.06594,-0.06693
2023-05-23 13:37:33,-0.0689,0.46723,0.35008,0.0,100.0,-0.0689,-0.06693,-0.06693,-0.06693,-0.06791,-0.06693,-0.06693,-0.06693,-0.06594,-0.06693
2023-05-23 13:37:35,-0.06791,0.45328,0.34925,-200.0,0.0,-0.06791,-0.06693,-0.06693,-0.06693,-0.06791,-0.06693,-0.06693,-0.06693,-0.06594,-0.06693
2023-05-23 13:37:37,-0.06791,0.7408,0.49716,0.0,10.0,-0.06791,-0.06693,-0.06693,-0.06693,-0.06791,-0.06693,-0.06693,-0.06693,-0.06594,-0.06693
2023-05-23 13:37:39,-0.06791,0.72688,0.49519,-500.0,0.0,-0.06791,-0.06693,-0.06693,-0.06693,-0.06791,-0.06693,-0.06693,-0.06693,-0.06594,-0.06693
2023-05-23 13:37:41,-0.06791,0.42587,0.34339,-155.0,0.0,-0.06791,-0.06693,-0.06693,-0.06693,-0.06791,-0.06693,-0.06693,-0.06693,-0.06594,-0.06693
2023-05-23 13:37:42,-0.06791,0.4401,0.3465,0.0,-150.0,-0.06791,-0.06693,-0.06693,-0.06693,-0.06791,-0.06693,-0.06693,-0.06693,-0.06594,-0.06693
2023-05-23 13:37:44,-0.0689,0.44583,0.34727,0.0,-190.0,-0.0689,-0.06693,-0.06693,-0.06693,-0.06791,-0.06693,-0.06693,-0.06693,-0.06594,-0.06693
2023-05-23 13:37:46,-0.06791,0.44538,0.34722,0.0,-10.0,-0.06791,-0.06693,-0.06693,-0.06693,-0.06791,-0.06693,-0.06693,-0.06693,-0.06594,-0.06693
2023-05-23 13:37:48,-0.06791,0.44428,0.34781,-20.0,0.0,-0.06791,-0.06693,-0.06693,-0.06693,-0.06791,-0.06693,-0.06693,-0.06693,-0.06594,-0.06693
2023-05-23 13:37:50,-0.06791,0.44379,0.34771,0.0,0.0,-0.06791,-0.06693,-0.06693,-0.06693,-0.06791,-0.06693,-0.06693,-0.06693,-0.06594,-0.06693
2023-05-23 13:37:52,-0.06791,0.44304,0.34759,0.0,10.0,-0.06791,-0.06693,-0.06693,-0.06693,-0.06791,-0.06693,-0.06693,-0.06693,-0.06594,-0.06693
2023-05-23 13:37:54,-0.06791,0.4426,0.35021,-10.0,0.0,-0.06791,-0.06693,-0.06693,-0.06693,-0.06791,-0.06693,-0.06693,-0.06693,-0.06594,-0.06693
2023-05-23 13:37:56,-0.06791,0.48837,0.35812,1000.0,0.0,-0.06791,-0.06693,-0.06693,-0.06693,-0.06791,-0.06693,-0.06693,-0.06693,-0.06594,-0.06693
2023-05-23 13:37:57,-0.0689,0.48875,0.3582,18.0,0.0,-0.0689,-0.06693,-0.06693,-0.06693,-0.06791,-0.06693,-0.06693,-0.06693,-0.06594,-0.06693
2023-05-23 13:37:59,-0.06693,0.48396,0.36035,0.0,200.0,-0.06693,-0.06693,-0.06693,-0.06693,-0.06791,-0.06693,-0.06693,-0.06693,-0.06594,-0.06693
2023-05-23 13:38:01,-0.0689,0.49469,0.36173,0.0,-490.0,-0.0689,-0.06791,-0.06791,-0.06693,-0.06693,-0.06693,-0.06791,-0.06693,-0.06693,-0.06693
2023-05-23 13:38:03,-0.0689,0.49469,0.36173,0.0,-490.0,-0.0689,-0.06791,-0.06791,-0.06693,-0.06693,-0.06693,-0.06791,-0.06693,-0.06693,-0.06693
2023-05-23 13:38:05,-0.06791,0.49728,0.36203,-10.0,0.0,-0.06791,-0.06791,-0.06791,-0.06693,-0.06693,-0.06693,-0.06791,-0.06693,-0.06693,-0.06693
2023-05-23 13:38:07,-0.06791,0.49703,0.36198,-10.0,-10.0,-0.06791,-0.06791,-0.06791,-0.06693,-0.06693,-0.06693,-0.06791,-0.06693,-0.06693,-0.06693
2023-05-23 13:38:09,-0.06791,0.47405,0.35899,0.0,635.0,-0.06791,-0.06791,-0.06791,-0.06693,-0.06693,-0.06693,-0.06791,-0.06693,-0.06693,-0.06693
2023-05-23 13:38:11,-0.06791,0.45276,0.3552,0.0,6.0,-0.06791,-0.06791,-0.06791,-0.06693,-0.06693,-0.06693,-0.06791,-0.06693,-0.06693,-0.06693
2023-05-23 13:38:13,-0.06791,0.45252,0.3579,355.0,0.0,-0.06791,-0.06791,-0.06791,-0.06693,-0.06693,-0.06693,-0.06791,-0.06693,-0.06693,-0.06693
2023-05-23 13:38:14,-0.06791,0.45252,0.3579,0.0,0.0,-0.06791,-0.06791,-0.06791,-0.06693,-0.06693,-0.06693,-0.06791,-0.06693,-0.06693,-0.06693
2023-05-23 13:38:16,-0.06791,0.45252,0.3579,0.0,0.0,-0.06791,-0.06791,-0.06791,-0.06693,-0.06693,-0.06693,-0.06791,-0.06693,-0.06693,-0.06693
2023-05-23 13:38:18,-0.06791,0.4547,0.35593,0.0,0.0,-0.06791,-0.06791,-0.06791,-0.06693,-0.06693,-0.06693,-0.06791,-0.06693,-0.06693,-0.06693
2023-05-23 13:38:20,-0.06791,0.45468,0.35593,0.0,1.0,-0.06791,-0.06791,-0.06791,-0.06693,-0.06693,-0.06693,-0.06791,-0.06693,-0.06693,-0.06693
2023-05-23 13:38:22,-0.0689,0.45426,0.35584,0.0,0.0,-0.0689,-0.06791,-0.06791,-0.06693,-0.06693,-0.06693,-0.06791,-0.06693,-0.06693,-0.06693
2023-05-23 13:38:24,-0.0689,0.45424,0.35583,0.0,0.0,-0.0689,-0.06791,-0.06791,-0.06693,-0.06693,-0.06693,-0.06791,-0.06693,-0.06693,-0.06693
2023-05-23 13:38:26,-0.0689,0.4542,0.35582,0.0,1.0,-0.0689,-0.06791,-0.06791,-0.06693,-0.06693,-0.06693,-0.06791,-0.06693,-0.06693,-0.06693
2023-05-23 13:38:28,-0.06791,0.4713,0.35811,-6.0,-49.0,-0.06791,-0.06791,-0.06791,-0.06693,-0.06693,-0.06693,-0.06791,-0.06693,-0.06693,-0.06693
2023-05-23 13:38:30,-0.0689,0.47824,0.35947,0.0,0.0,-0.0689,-0.06791,-0.06791,-0.06693,-0.06693,-0.06693,-0.06791,-0.06693,-0.06693,-0.06693
2023-05-23 13:38:31,-0.0689,0.47824,0.35408,0.0,0.0,-0.0689,-0.06791,-0.06791,-0.06693,-0.06693,-0.06693,-0.06791,-0.06693,-0.06693,-0.06693
2023-05-23 13:38:33,-0.0689,0.4848,0.35489,0.0,0.0,-0.0689,-0.06791,-0.06791,-0.06693,-0.06693,-0.06693,-0.06791,-0.06693,-0.06693,-0.06693
2023-05-23 13:38:35,-0.0689,0.48589,0.35508,24.0,0.0,-0.0689,-0.06791,-0.06791,-0.06693,-0.06693,-0.06693,-0.06791,-0.06693,-0.06693,-0.06693
2023-05-23 13:38:37,-0.0689,0.48394,0.35473,0.0,3.0,-0.0689,-0.06791,-0.06791,-0.06693,-0.06693,-0.06693,-0.06791,-0.06693,-0.06693,-0.06693
2023-05-23 13:38:39,-0.0689,0.48383,0.35472,0.0,5.0,-0.0689,-0.06791,-0.06791,-0.06693,-0.06693,-0.06693,-0.06791,-0.06693,-0.06693,-0.06693
2023-05-23 13:38:41,-0.0689,0.47613,0.35376,0.0,0.0,-0.0689,-0.06791,-0.06791,-0.06693,-0.06693,-0.06693,-0.06791,-0.06693,-0.06693,-0.06693
2023-05-23 13:38:43,-0.0689,0.47097,0.35286,-121.0,-21.0,-0.0689,-0.06791,-0.06791,-0.06693,-0.06693,-0.06693,-0.06791,-0.06693,-0.06693,-0.06693
2023-05-23 13:38:45,-0.0689,0.47095,0.34187,0.0,0.0,-0.0689,-0.06791,-0.06791,-0.06693,-0.06693,-0.06693,-0.06791,-0.06693,-0.06693,-0.06693
2023-05-23 13:38:46,-0.0689,0.47095,0.34188,2.0,0.0,-0.0689,-0.06791,-0.06791,-0.06693,-0.06693,-0.06693,-0.06791,-0.06693,-0.06693,-0.06693
2023-05-23 13:38:48,-0.0689,0.45859,0.33955,0.0,500.0,-0.0689,-0.06791,-0.06791,-0.06693,-0.06693,-0.06693,-0.06791,-0.06693,-0.06693,-0.06693
2023-05-23 13:38:50,-0.06791,0.47174,0.34595,2.0,0.0,-0.06791,-0.06791,-0.06791,-0.06693,-0.06693,-0.06693,-0.06791,-0.06693,-0.06693,-0.06693
2023-05-23 13:38:52,-0.0689,0.47545,0.34642,0.0,-15.0,-0.0689,-0.06791,-0.06791,-0.06693,-0.06693,-0.06693,-0.06791,-0.06693,-0.06693,-0.06693
2023-05-23 13:38:54,-0.0689,0.47543,0.34337,0.0,1.0,-0.0689,-0.06791,-0.06791,-0.06693,-0.06693,-0.06693,-0.06791,-0.06693,-0.06693,-0.06693
2023-05-23 13:38:56,-0.0689,0.49818,0.34722,500.0,0.0,-0.0689,-0.06791,-0.06791,-0.06693,-0.06693,-0.06693,-0.06791,-0.06693,-0.06693,-0.06693
2023-05-23 13:38:58,-0.0689,0.49934,0.34735,0.0,-51.0,-0.0689,-0.06791,-0.06791,-0.06693,-0.06693,-0.06693,-0.06791,-0.06693,-0.06693,-0.06693
2023-05-23 13:39:00,-0.06791,0.49707,0.34709,0.0,100.0,-0.06791,-0.06791,-0.06791,-0.06693,-0.06693,-0.06693,-0.06791,-0.06693,-0.06693,-0.06693
2023-05-23 13:39:01,-0.0689,0.52179,0.35039,0.0,-252.0,-0.0689,-0.0689,-0.0689,-0.06791,-0.06791,-0.06693,-0.06693,-0.06693,-0.06791,-0.06693
2023-05-23 13:39:03,-0.0689,0.52179,0.35039,0.0,0.0,-0.0689,-0.0689,-0.0689,-0.06791,-0.06791,-0.06693,-0.06693,-0.06693,-0.06791,-0.06693
2023-05-23 13:39:05,-0.0689,0.52179,0.35039,0.0,1000.0,-0.0689,-0.0689,-0.0689,-0.06791,-0.06791,-0.06693,-0.06693,-0.06693,-0.06791,-0.06693
2023-05-23 13:39:07,-0.0689,0.52179,0.35039,0.0,0.0,-0.0689,-0.0689,-0.0689,-0.06791,-0.06791,-0.06693,-0.06693,-0.06693,-0.06791,-0.06693
2023-05-23 13:39:09,-0.0689,0.52189,0.3504,0.0,0.0,-0.0689,-0.0689,-0.0689,-0.06791,-0.06791,-0.06693,-0.06693,-0.06693,-0.06791,-0.06693
2023-05-23 13:39:11,-0.0689,0.52189,0.3504,0.0,0.0,-0.0689,-0.0689,-0.0689,-0.06791,-0.06791,-0.06693,-0.06693,-0.06693,-0.06791,-0.06693
2023-05-23 13:39:13,-0.0689,0.51388,0.34909,0.0,2.0,-0.0689,-0.0689,-0.0689,-0.06791,-0.06791,-0.06693,-0.06693,-0.06693,-0.06791,-0.06693
2023-05-23 13:39:15,-0.0689,0.51388,0.34909,0.0,2.0,-0.0689,-0.0689,-0.0689,-0.06791,-0.06791,-0.06693,-0.06693,-0.06693,-0.06791,-0.06693
2023-05-23 13:39:16,-0.0689,0.51388,0.34909,0.0,2.0,-0.0689,-0.0689,-0.0689,-0.06791,-0.06791,-0.06693,-0.06693,-0.06693,-0.06791,-0.06693
2023-05-23 13:39:18,-0.0689,0.50302,0.34785,0.0,463.0,-0.0689,-0.0689,-0.0689,-0.06791,-0.06791,-0.06693,-0.06693,-0.06693,-0.06791,-0.06693
2023-05-23 13:39:20,-0.0689,0.52442,0.35078,0.0,-350.0,-0.0689,-0.0689,-0.0689,-0.06791,-0.06791,-0.06693,-0.06693,-0.06693,-0.06791,-0.06693
2023-05-23 13:39:22,-0.0689,0.52477,0.34389,0.0,-14.0,-0.0689,-0.0689,-0.0689,-0.06791,-0.06791,-0.06693,-0.06693,-0.06693,-0.06791,-0.06693
2023-05-23 13:39:24,-0.0689,0.53357,0.34456,0.0,21.0,-0.0689,-0.0689,-0.0689,-0.06791,-0.06791,-0.06693,-0.06693,-0.06693,-0.06791,-0.06693
2023-05-23 13:39:26,-0.0689,0.52956,0.34799,0.0,1.0,-0.0689,-0.0689,-0.0689,-0.06791,-0.06791,-0.06693,-0.06693,-0.06693,-0.06791,-0.06693
2023-05-23 13:39:28,-0.06791,0.52909,0.34791,-10.0,0.0,-0.06791,-0.0689,-0.0689,-0.06791,-0.06791,-0.06693,-0.06693,-0.06693,-0.06791,-0.06693
2023-05-23 13:39:30,-0.0689,0.53558,0.35159,0.0,-1100.0,-0.0689,-0.0689,-0.0689,-0.06791,-0.06791,-0.06693,-0.06693,-0.06693,-0.06791,-0.06693
2023-05-23 13:39:31,-0.0689,0.52317,0.35705,0.0,18.0,-0.0689,-0.0689,-0.0689,-0.06791,-0.06791,-0.06693,-0.06693,-0.06693,-0.06791,-0.06693
2023-05-23 13:39:33,-0.0689,0.52317,0.35691,0.0,0.0,-0.0689,-0.0689,-0.0689,-0.06791,-0.06791,-0.06693,-0.06693,-0.06693,-0.06791,-0.06693
2023-05-23 13:39:35,-0.0689,0.52972,0.35779,50.0,0.0,-0.0689,-0.0689,-0.0689,-0.06791,-0.06791,-0.06693,-0.06693,-0.06693,-0.06791,-0.06693
2023-05-23 13:39:37,-0.0689,0.52823,0.35762,0.0,10.0,-0.0689,-0.0689,-0.0689,-0.06791,-0.06791,-0.06693,-0.06693,-0.06693,-0.06791,-0.06693
2023-05-23 13:39:39,-0.0689,0.54219,0.36553,1000.0,0.0,-0.0689,-0.0689,-0.0689,-0.06791,-0.06791,-0.06693,-0.06693,-0.06693,-0.06791,-0.06693
2023-05-23 13:39:41,-0.0689,0.54219,0.36553,0.0,0.0,-0.0689,-0.0689,-0.0689,-0.06791,-0.06791,-0.06693,-0.06693,-0.06693,-0.06791,-0.06693
2023-05-23 13:39:43,-0.0689,0.51564,0.35927,0.0,1.0,-0.0689,-0.0689,-0.0689,-0.06791,-0.06791,-0.06693,-0.06693,-0.06693,-0.06791,-0.06693
2023-05-23 13:39:45,-0.0689,0.4958,0.35589,0.0,0.0,-0.0689,-0.0689,-0.0689,-0.06791,-0.06791,-0.06693,-0.06693,-0.06693,-0.06791,-0.06693
2023-05-23 13:39:47,-0.0689,0.49001,0.35461,0.0,0.0,-0.0689,-0.0689,-0.0689,-0.06791,-0.06791,-0.06693,-0.06693,-0.06693,-0.06791,-0.06693
2023-05-23 13:39:48,-0.0689,0.49001,0.35461,0.0,0.0,-0.0689,-0.0689,-0.0689,-0.06791,-0.06791,-0.06693,-0.06693,-0.06693,-0.06791,-0.06693
2023-05-23 13:39:50,-0.06988,0.28806,0.25327,0.0,-9.0,-0.06988,-0.0689,-0.0689,-0.06791,-0.06791,-0.06693,-0.06693,-0.06693,-0.06791,-0.06693
2023-05-23 13:39:52,-0.06988,0.3029,0.2594,500.0,0.0,-0.06988,-0.0689,-0.0689,-0.06791,-0.06791,-0.06693,-0.06693,-0.06693,-0.06791,-0.06693
2023-05-23 13:39:54,-0.06988,0.3029,0.2594,0.0,0.0,-0.06988,-0.0689,-0.0689,-0.06791,-0.06791,-0.06693,-0.06693,-0.06693,-0.06791,-0.06693
2023-05-23 13:39:56,-0.0689,0.25915,0.24803,-1000.0,0.0,-0.0689,-0.0689,-0.0689,-0.06791,-0.06791,-0.06693,-0.06693,-0.06693,-0.06791,-0.06693
2023-05-23 13:39:58,-0.0689,0.53239,0.36443,0.0,1.0,-0.0689,-0.0689,-0.0689,-0.06791,-0.06791,-0.06693,-0.06693,-0.06693,-0.06791,-0.06693
2023-05-23 13:40:00,-0.0689,0.28216,0.25385,-12139.0,6623.0,-0.0689,-0.0689,-0.0689,-0.0689,-0.0689,-0.06791,-0.06791,-0.06693,-0.06693,-0.06693
2023-05-23 13:40:02,-0.0689,0.28094,0.25363,0.0,500.0,-0.0689,-0.0689,-0.0689,-0.0689,-0.0689,-0.06791,-0.06791,-0.06693,-0.06693,-0.06693
2023-05-23 13:40:05,-0.0689,0.38734,0.28136,0.0,21.0,-0.0689,-0.0689,-0.0689,-0.0689,-0.0689,-0.06791,-0.06791,-0.06693,-0.06693,-0.06693
2023-05-23 13:40:07,-0.0689,0.38821,0.28158,0.0,0.0,-0.0689,-0.0689,-0.0689,-0.0689,-0.0689,-0.06791,-0.06791,-0.06693,-0.06693,-0.06693
2023-05-23 13:40:09,-0.0689,0.38721,0.28131,-2.0,0.0,-0.0689,-0.0689,-0.0689,-0.0689,-0.0689,-0.06791,-0.06791,-0.06693,-0.06693,-0.06693
2023-05-23 13:40:11,-0.0689,0.38909,0.28164,0.0,0.0,-0.0689,-0.0689,-0.0689,-0.0689,-0.0689,-0.06791,-0.06791,-0.06693,-0.06693,-0.06693
2023-05-23 13:40:13,-0.0689,0.38852,0.28153,0.0,50.0,-0.0689,-0.0689,-0.0689,-0.0689,-0.0689,-0.06791,-0.06791,-0.06693,-0.06693,-0.06693
2023-05-23 13:40:15,-0.0689,0.38552,0.28076,0.0,1.0,-0.0689,-0.0689,-0.0689,-0.0689,-0.0689,-0.06791,-0.06791,-0.06693,-0.06693,-0.06693
2023-05-23 13:40:17,-0.0689,0.38504,0.28073,0.0,100.0,-0.0689,-0.0689,-0.0689,-0.0689,-0.0689,-0.06791,-0.06791,-0.06693,-0.06693,-0.06693
2023-05-23 13:40:19,-0.0689,0.38487,0.28068,-5.0,0.0,-0.0689,-0.0689,-0.0689,-0.0689,-0.0689,-0.06791,-0.06791,-0.06693,-0.06693,-0.06693
2023-05-23 13:40:20,-0.0689,0.37867,0.27908,-200.0,0.0,-0.0689,-0.0689,-0.0689,-0.0689,-0.0689,-0.06791,-0.06791,-0.06693,-0.06693,-0.06693
2023-05-23 13:40:22,-0.0689,0.43769,0.29437,2000.0,0.0,-0.0689,-0.0689,-0.0689,-0.0689,-0.0689,-0.06791,-0.06791,-0.06693,-0.06693,-0.06693
2023-05-23 13:40:24,-0.06988,0.53356,0.30875,0.0,0.0,-0.06988,-0.0689,-0.0689,-0.0689,-0.0689,-0.06791,-0.06791,-0.06693,-0.06693,-0.06693
2023-05-23 13:40:26,-0.06988,0.53453,0.30887,0.0,-50.0,-0.06988,-0.0689,-0.0689,-0.0689,-0.0689,-0.06791,-0.06791,-0.06693,-0.06693,-0.06693
2023-05-23 13:40:28,-0.06988,0.53451,0.30887,0.0,1.0,-0.06988,-0.0689,-0.0689,-0.0689,-0.0689,-0.06791,-0.06791,-0.06693,-0.06693,-0.06693
2023-05-23 13:40:30,-0.06988,0.53435,0.30885,0.0,1.0,-0.06988,-0.0689,-0.0689,-0.0689,-0.0689,-0.06791,-0.06791,-0.06693,-0.06693,-0.06693
2023-05-23 13:40:32,-0.06988,0.53782,0.3093,0.0,-179.0,-0.06988,-0.0689,-0.0689,-0.0689,-0.0689,-0.06791,-0.06791,-0.06693,-0.06693,-0.06693
2023-05-23 13:40:34,-0.06988,0.15393,0.25179,-240.0,0.0,-0.06988,-0.0689,-0.0689,-0.0689,-0.0689,-0.06791,-0.06791,-0.06693,-0.06693,-0.06693
2023-05-23 13:40:36,-0.06988,0.15393,0.25178,0.0,1.0,-0.06988,-0.0689,-0.0689,-0.0689,-0.0689,-0.06791,-0.06791,-0.06693,-0.06693,-0.06693
2023-05-23 13:40:37,-0.06988,0.15786,0.2545,0.0,-1341.0,-0.06988,-0.0689,-0.0689,-0.0689,-0.0689,-0.06791,-0.06791,-0.06693,-0.06693,-0.06693
2023-05-23 13:40:39,-0.06988,0.56008,0.31197,0.0,90.0,-0.06988,-0.0689,-0.0689,-0.0689,-0.0689,-0.06791,-0.06791,-0.06693,-0.06693,-0.06693
2023-05-23 13:40:41,-0.06988,0.55238,0.31034,-198.0,0.0,-0.06988,-0.0689,-0.0689,-0.0689,-0.0689,-0.06791,-0.06791,-0.06693,-0.06693,-0.06693
2023-05-23 13:40:43,-0.06988,0.55153,0.31024,0.0,9.0,-0.06988,-0.0689,-0.0689,-0.0689,-0.0689,-0.06791,-0.06791,-0.06693,-0.06693,-0.06693
2023-05-23 13:40:45,-0.06988,0.54135,0.309,1.0,0.0,-0.06988,-0.0689,-0.0689,-0.0689,-0.0689,-0.06791,-0.06791,-0.06693,-0.06693,-0.06693
2023-05-23 13:40:47,-0.06988,0.54956,0.31,0.0,2.0,-0.06988,-0.0689,-0.0689,-0.0689,-0.0689,-0.06791,-0.06791,-0.06693,-0.06693,-0.06693
2023-05-23 13:40:49,-0.06988,0.54523,0.30699,0.0,200.0,-0.06988,-0.0689,-0.0689,-0.0689,-0.0689,-0.06791,-0.06791,-0.06693,-0.06693,-0.06693
2023-05-23 13:40:51,-0.06988,0.54613,0.30701,0.0,35.0,-0.06988,-0.0689,-0.0689,-0.0689,-0.0689,-0.06791,-0.06791,-0.06693,-0.06693,-0.06693
2023-05-23 13:40:52,-0.06988,0.53586,0.30575,0.0,10.0,-0.06988,-0.0689,-0.0689,-0.0689,-0.0689,-0.06791,-0.06791,-0.06693,-0.06693,-0.06693
2023-05-23 13:40:54,-0.06988,0.5317,0.30523,0.0,1.0,-0.06988,-0.0689,-0.0689,-0.0689,-0.0689,-0.06791,-0.06791,-0.06693,-0.06693,-0.06693
2023-05-23 13:40:56,-0.06988,0.52553,0.30444,0.0,0.0,-0.06988,-0.0689,-0.0689,-0.0689,-0.0689,-0.06791,-0.06791,-0.06693,-0.06693,-0.06693
2023-05-23 13:40:58,-0.06988,0.52551,0.30444,0.0,1.0,-0.06988,-0.0689,-0.0689,-0.0689,-0.0689,-0.06791,-0.06791,-0.06693,-0.06693,-0.06693
2023-05-23 13:41:00,-0.06988,0.52551,0.30444,0.0,1.0,-0.06988,-0.0689,-0.0689,-0.0689,-0.0689,-0.0689,-0.0689,-0.06791,-0.06791,-0.06693
2023-05-23 13:41:02,-0.06988,0.15244,0.25474,0.0,0.0,-0.06988,-0.06988,-0.06988,-0.0689,-0.0689,-0.0689,-0.0689,-0.06791,-0.06791,-0.06693
2023-05-23 13:41:04,-0.06988,0.15244,0.25474,0.0,0.0,-0.06988,-0.06988,-0.06988,-0.0689,-0.0689,-0.0689,-0.0689,-0.06791,-0.06791,-0.06693
2023-05-23 13:41:06,-0.07283,0.11385,0.29196,0.0,-1865.0,-0.07283,-0.06988,-0.06988,-0.0689,-0.0689,-0.0689,-0.0689,-0.06791,-0.06791,-0.06693
2023-05-23 13:41:08,-0.06988,0.10899,0.28873,-337.0,0.0,-0.06988,-0.06988,-0.06988,-0.0689,-0.0689,-0.0689,-0.0689,-0.06791,-0.06791,-0.06693
2023-05-23 13:41:09,-0.06988,0.10868,0.28819,0.0,210.0,-0.06988,-0.06988,-0.06988,-0.0689,-0.0689,-0.0689,-0.0689,-0.06791,-0.06791,-0.06693
2023-05-23 13:41:11,-0.07185,0.10533,0.28207,0.0,1310.0,-0.07185,-0.06988,-0.06988,-0.0689,-0.0689,-0.0689,-0.0689,-0.06791,-0.06791,-0.06693
2023-05-23 13:41:13,-0.07185,0.11204,0.28245,0.0,-198.0,-0.07185,-0.06988,-0.06988,-0.0689,-0.0689,-0.0689,-0.0689,-0.06791,-0.06791,-0.06693
2023-05-23 13:41:15,-0.07185,0.11252,0.28318,0.0,0.0,-0.07185,-0.06988,-0.06988,-0.0689,-0.0689,-0.0689,-0.0689,-0.06791,-0.06791,-0.06693
2023-05-23 13:41:17,-0.07185,0.11264,0.2834,0.0,-100.0,-0.07185,-0.06988,-0.06988,-0.0689,-0.0689,-0.0689,-0.0689,-0.06791,-0.06791,-0.06693
2023-05-23 13:41:19,-0.06988,0.45255,0.35692,6187.0,-6090.0,-0.06988,-0.06988,-0.06988,-0.0689,-0.0689,-0.0689,-0.0689,-0.06791,-0.06791,-0.06693
2023-05-23 13:41:21,-0.06988,0.44199,0.35429,0.0,-500.0,-0.06988,-0.06988,-0.06988,-0.0689,-0.0689,-0.0689,-0.0689,-0.06791,-0.06791,-0.06693
2023-05-23 13:41:22,-0.06988,1.95753,0.3582,0.0,20.0,-0.06988,-0.06988,-0.06988,-0.0689,-0.0689,-0.0689,-0.0689,-0.06791,-0.06791,-0.06693
2023-05-23 13:41:24,-0.07185,0.11926,0.28556,0.0,6335.0,-0.07185,-0.06988,-0.06988,-0.0689,-0.0689,-0.0689,-0.0689,-0.06791,-0.06791,-0.06693
2023-05-23 13:41:26,-0.07087,0.26399,0.30095,0.0,2.0,-0.07087,-0.06988,-0.06988,-0.0689,-0.0689,-0.0689,-0.0689,-0.06791,-0.06791,-0.06693
2023-05-23 13:41:28,-0.07087,0.27318,0.30671,0.0,10.0,-0.07087,-0.06988,-0.06988,-0.0689,-0.0689,-0.0689,-0.0689,-0.06791,-0.06791,-0.06693
2023-05-23 13:41:30,-0.06988,0.27282,0.30658,0.0,1.0,-0.06988,-0.06988,-0.06988,-0.0689,-0.0689,-0.0689,-0.0689,-0.06791,-0.06791,-0.06693
2023-05-23 13:41:32,-0.06988,0.27195,0.30068,0.0,10.0,-0.06988,-0.06988,-0.06988,-0.0689,-0.0689,-0.0689,-0.0689,-0.06791,-0.06791,-0.06693
2023-05-23 13:41:34,-0.06988,0.27195,0.30068,0.0,10.0,-0.06988,-0.06988,-0.06988,-0.0689,-0.0689,-0.0689,-0.0689,-0.06791,-0.06791,-0.06693
2023-05-23 13:41:36,-0.06988,0.27214,0.30065,102.0,1.0,-0.06988,-0.06988,-0.06988,-0.0689,-0.0689,-0.0689,-0.0689,-0.06791,-0.06791,-0.06693
2023-05-23 13:41:38,-0.06988,0.27213,0.30065,0.0,1.0,-0.06988,-0.06988,-0.06988,-0.0689,-0.0689,-0.0689,-0.0689,-0.06791,-0.06791,-0.06693
2023-05-23 13:41:39,-0.06988,0.26673,0.29862,0.0,0.0,-0.06988,-0.06988,-0.06988,-0.0689,-0.0689,-0.0689,-0.0689,-0.06791,-0.06791,-0.06693
2023-05-23 13:41:41,-0.06988,0.26078,0.28656,0.0,-30.0,-0.06988,-0.06988,-0.06988,-0.0689,-0.0689,-0.0689,-0.0689,-0.06791,-0.06791,-0.06693
2023-05-23 13:41:43,-0.06988,0.26018,0.28635,-18.0,0.0,-0.06988,-0.06988,-0.06988,-0.0689,-0.0689,-0.0689,-0.0689,-0.06791,-0.06791,-0.06693
2023-05-23 13:41:45,-0.06988,0.24679,0.2819,-12280.0,1478.0,-0.06988,-0.06988,-0.06988,-0.0689,-0.0689,-0.0689,-0.0689,-0.06791,-0.06791,-0.06693
2023-05-23 13:41:47,-0.07087,0.24683,0.25514,0.0,-7.0,-0.07087,-0.06988,-0.06988,-0.0689,-0.0689,-0.0689,-0.0689,-0.06791,-0.06791,-0.06693
2023-05-23 13:41:49,-0.07087,0.23817,0.25208,0.0,2.0,-0.07087,-0.06988,-0.06988,-0.0689,-0.0689,-0.0689,-0.0689,-0.06791,-0.06791,-0.06693
2023-05-23 13:41:51,-0.07087,0.23709,0.25191,0.0,225.0,-0.07087,-0.06988,-0.06988,-0.0689,-0.0689,-0.0689,-0.0689,-0.06791,-0.06791,-0.06693
2023-05-23 13:41:53,-0.07087,0.24896,0.25621,0.0,-100.0,-0.07087,-0.06988,-0.06988,-0.0689,-0.0689,-0.0689,-0.0689,-0.06791,-0.06791,-0.06693
2023-05-23 13:41:55,-0.07087,0.25898,0.25956,0.0,38.0,-0.07087,-0.06988,-0.06988,-0.0689,-0.0689,-0.0689,-0.0689,-0.06791,-0.06791,-0.06693
2023-05-23 13:41:56,-0.07087,0.25757,0.25909,0.0,200.0,-0.07087,-0.06988,-0.06988,-0.0689,-0.0689,-0.0689,-0.0689,-0.06791,-0.06791,-0.06693
2023-05-23 13:41:58,-0.07087,0.25754,0.25908,0.0,0.0,-0.07087,-0.06988,-0.06988,-0.0689,-0.0689,-0.0689,-0.0689,-0.06791,-0.06791,-0.06693
2023-05-23 13:42:00,-0.07087,0.25733,0.25898,0.0,351.0,-0.07087,-0.07087,-0.07087,-0.06988,-0.06988,-0.0689,-0.0689,-0.0689,-0.0689,-0.06791
2023-05-23 13:42:02,-0.07087,0.259,0.25954,64.0,5.0,-0.07087,-0.07087,-0.07087,-0.06988,-0.06988,-0.0689,-0.0689,-0.0689,-0.0689,-0.06791
2023-05-23 13:42:04,-0.07087,0.26664,0.26207,0.0,1.0,-0.07087,-0.07087,-0.07087,-0.06988,-0.06988,-0.0689,-0.0689,-0.0689,-0.0689,-0.06791
2023-05-23 13:42:06,-0.07087,0.25968,0.25975,0.0,1000.0,-0.07087,-0.07087,-0.07087,-0.06988,-0.06988,-0.0689,-0.0689,-0.0689,-0.0689,-0.06791
2023-05-23 13:42:08,-0.07087,0.26234,0.26053,0.0,-400.0,-0.07087,-0.07087,-0.07087,-0.06988,-0.06988,-0.0689,-0.0689,-0.0689,-0.0689,-0.06791
2023-05-23 13:42:10,-0.07087,0.26373,0.25983,0.0,-200.0,-0.07087,-0.07087,-0.07087,-0.06988,-0.06988,-0.0689,-0.0689,-0.0689,-0.0689,-0.06791
2023-05-23 13:42:11,-0.07087,0.26362,0.25934,0.0,10.0,-0.07087,-0.07087,-0.07087,-0.06988,-0.06988,-0.0689,-0.0689,-0.0689,-0.0689,-0.06791
2023-05-23 13:42:13,-0.07087,0.26268,0.25905,0.0,1.0,-0.07087,-0.07087,-0.07087,-0.06988,-0.06988,-0.0689,-0.0689,-0.0689,-0.0689,-0.06791
2023-05-23 13:42:15,-0.07087,0.26243,0.25903,0.0,20.0,-0.07087,-0.07087,-0.07087,-0.06988,-0.06988,-0.0689,-0.0689,-0.0689,-0.0689,-0.06791
2023-05-23 13:42:17,-0.07087,0.26216,0.25894,0.0,20.0,-0.07087,-0.07087,-0.07087,-0.06988,-0.06988,-0.0689,-0.0689,-0.0689,-0.0689,-0.06791
2023-05-23 13:42:19,-0.07087,0.07621,0.20773,0.0,5.0,-0.07087,-0.07087,-0.07087,-0.06988,-0.06988,-0.0689,-0.0689,-0.0689,-0.0689,-0.06791
2023-05-23 13:42:21,-0.07087,0.07621,0.20773,0.0,0.0,-0.07087,-0.07087,-0.07087,-0.06988,-0.06988,-0.0689,-0.0689,-0.0689,-0.0689,-0.06791
2023-05-23 13:42:23,-0.07087,0.07621,0.20773,0.0,0.0,-0.07087,-0.07087,-0.07087,-0.06988,-0.06988,-0.0689,-0.0689,-0.0689,-0.0689,-0.06791
2023-05-23 13:42:25,-0.07087,0.0806,0.21069,0.0,5.0,-0.07087,-0.07087,-0.07087,-0.06988,-0.06988,-0.0689,-0.0689,-0.0689,-0.0689,-0.06791
2023-05-23 13:42:26,-0.07185,0.08065,0.21217,174.0,0.0,-0.07185,-0.07087,-0.07087,-0.06988,-0.06988,-0.0689,-0.0689,-0.0689,-0.0689,-0.06791
2023-05-23 13:42:28,-0.07087,0.08038,0.21199,-20.0,0.0,-0.07087,-0.07087,-0.07087,-0.06988,-0.06988,-0.0689,-0.0689,-0.0689,-0.0689,-0.06791
2023-05-23 13:42:30,-0.07185,0.08041,0.21205,0.0,-30.0,-0.07185,-0.07087,-0.07087,-0.06988,-0.06988,-0.0689,-0.0689,-0.0689,-0.0689,-0.06791
2023-05-23 13:42:32,-0.07185,0.08041,0.20902,0.0,0.0,-0.07185,-0.07087,-0.07087,-0.06988,-0.06988,-0.0689,-0.0689,-0.0689,-0.0689,-0.06791
2023-05-23 13:42:34,-0.07185,0.08129,0.20922,0.0,-20.0,-0.07185,-0.07087,-0.07087,-0.06988,-0.06988,-0.0689,-0.0689,-0.0689,-0.0689,-0.06791
2023-05-23 13:42:36,-0.07185,0.06072,0.20777,50.0,0.0,-0.07185,-0.07087,-0.07087,-0.06988,-0.06988,-0.0689,-0.0689,-0.0689,-0.0689,-0.06791
2023-05-23 13:42:38,-0.07283,0.06732,0.21875,0.0,225.0,-0.07283,-0.07087,-0.07087,-0.06988,-0.06988,-0.0689,-0.0689,-0.0689,-0.0689,-0.06791
2023-05-23 13:42:40,-0.07283,0.06844,0.21942,0.0,0.0,-0.07283,-0.07087,-0.07087,-0.06988,-0.06988,-0.0689,-0.0689,-0.0689,-0.0689,-0.06791
2023-05-23 13:42:41,-0.07283,0.07055,0.22187,0.0,-1.0,-0.07283,-0.07087,-0.07087,-0.06988,-0.06988,-0.0689,-0.0689,-0.0689,-0.0689,-0.06791
2023-05-23 13:42:43,-0.07283,0.04971,0.20365,20.0,0.0,-0.07283,-0.07087,-0.07087,-0.06988,-0.06988,-0.0689,-0.0689,-0.0689,-0.0689,-0.06791
2023-05-23 13:42:45,-0.07185,0.08003,0.22932,-100.0,712.0,-0.07185,-0.07087,-0.07087,-0.06988,-0.06988,-0.0689,-0.0689,-0.0689,-0.0689,-0.06791
2023-05-23 13:42:47,-0.07283,0.07824,0.22557,0.0,1624.0,-0.07283,-0.07087,-0.07087,-0.06988,-0.06988,-0.0689,-0.0689,-0.0689,-0.0689,-0.06791
2023-05-23 13:42:49,-0.07283,0.10508,0.22909,3800.0,7627.0,-0.07283,-0.07087,-0.07087,-0.06988,-0.06988,-0.0689,-0.0689,-0.0689,-0.0689,-0.06791
2023-05-23 13:42:51,-0.07283,0.10707,0.23238,180.0,0.0,-0.07283,-0.07087,-0.07087,-0.06988,-0.06988,-0.0689,-0.0689,-0.0689,-0.0689,-0.06791
2023-05-23 13:42:53,-0.07382,0.1202,0.251,0.0,4.0,-0.07382,-0.07087,-0.07087,-0.06988,-0.06988,-0.0689,-0.0689,-0.0689,-0.0689,-0.06791
2023-05-23 13:42:55,-0.07283,0.1202,0.25197,0.0,0.0,-0.07283,-0.07087,-0.07087,-0.06988,-0.06988,-0.0689,-0.0689,-0.0689,-0.0689,-0.06791
2023-05-23 13:42:57,-0.07382,0.12357,0.25792,0.0,-1018.0,-0.07382,-0.07087,-0.07087,-0.06988,-0.06988,-0.0689,-0.0689,-0.0689,-0.0689,-0.06791
2023-05-23 13:42:58,-0.07283,0.11659,0.25302,-100.0,0.0,-0.07283,-0.07087,-0.07087,-0.06988,-0.06988,-0.0689,-0.0689,-0.0689,-0.0689,-0.06791
2023-05-23 13:43:00,-0.07283,0.10475,0.24389,0.0,3.0,-0.07283,-0.07087,-0.07087,-0.07087,-0.07087,-0.06988,-0.06988,-0.0689,-0.0689,-0.0689
2023-05-23 13:43:02,-0.07283,0.10035,0.24102,0.0,-1000.0,-0.07283,-0.07283,-0.07283,-0.07087,-0.07087,-0.06988,-0.06988,-0.0689,-0.0689,-0.0689
2023-05-23 13:43:04,-0.07283,0.0966,0.23915,0.0,3.0,-0.07283,-0.07283,-0.07283,-0.07087,-0.07087,-0.06988,-0.06988,-0.0689,-0.0689,-0.0689
2023-05-23 13:43:06,-0.07382,0.09604,0.23994,0.0,-1000.0,-0.07382,-0.07283,-0.07283,-0.07087,-0.07087,-0.06988,-0.06988,-0.0689,-0.0689,-0.0689
2023-05-23 13:43:08,-0.07283,0.09384,0.23733,0.0,305.0,-0.07283,-0.07283,-0.07283,-0.07087,-0.07087,-0.06988,-0.06988,-0.0689,-0.0689,-0.0689
2023-05-23 13:43:10,-0.07382,0.09441,0.23838,0.0,0.0,-0.07382,-0.07283,-0.07283,-0.07087,-0.07087,-0.06988,-0.06988,-0.0689,-0.0689,-0.0689
2023-05-23 13:43:12,-0.07382,0.09694,0.24014,0.0,-15.0,-0.07382,-0.07283,-0.07283,-0.07087,-0.07087,-0.06988,-0.06988,-0.0689,-0.0689,-0.0689
2023-05-23 13:43:13,-0.07283,0.09536,0.23867,0.0,30.0,-0.07283,-0.07283,-0.07283,-0.07087,-0.07087,-0.06988,-0.06988,-0.0689,-0.0689,-0.0689
2023-05-23 13:43:16,-0.07283,0.0996,0.2389,0.0,43.0,-0.07283,-0.07283,-0.07283,-0.07087,-0.07087,-0.06988,-0.06988,-0.0689,-0.0689,-0.0689
2023-05-23 13:43:19,-0.07283,0.09754,0.24158,0.0,200.0,-0.07283,-0.07283,-0.07283,-0.07087,-0.07087,-0.06988,-0.06988,-0.0689,-0.0689,-0.0689
2023-05-23 13:43:21,-0.07283,0.09737,0.23922,0.0,1.0,-0.07283,-0.07283,-0.07283,-0.07087,-0.07087,-0.06988,-0.06988,-0.0689,-0.0689,-0.0689
2023-05-23 13:43:23,-0.07283,0.095,0.23613,0.0,0.0,-0.07283,-0.07283,-0.07283,-0.07087,-0.07087,-0.06988,-0.06988,-0.0689,-0.0689,-0.0689
2023-05-23 13:43:25,-0.07283,0.09536,0.23682,0.0,-1000.0,-0.07283,-0.07283,-0.07283,-0.07087,-0.07087,-0.06988,-0.06988,-0.0689,-0.0689,-0.0689
2023-05-23 13:43:27,-0.07382,0.09407,0.23587,0.0,4.0,-0.07382,-0.07283,-0.07283,-0.07087,-0.07087,-0.06988,-0.06988,-0.0689,-0.0689,-0.0689
2023-05-23 13:43:29,-0.07283,0.08745,0.22849,0.0,5.0,-0.07283,-0.07283,-0.07283,-0.07087,-0.07087,-0.06988,-0.06988,-0.0689,-0.0689,-0.0689
2023-05-23 13:43:30,-0.07283,0.08434,0.22762,-100.0,0.0,-0.07283,-0.07283,-0.07283,-0.07087,-0.07087,-0.06988,-0.06988,-0.0689,-0.0689,-0.0689
2023-05-23 13:43:32,-0.07283,0.10882,0.24532,-337.0,0.0,-0.07283,-0.07283,-0.07283,-0.07087,-0.07087,-0.06988,-0.06988,-0.0689,-0.0689,-0.0689
2023-05-23 13:43:34,-0.07283,0.10382,0.24148,-11.0,-10.0,-0.07283,-0.07283,-0.07283,-0.07087,-0.07087,-0.06988,-0.06988,-0.0689,-0.0689,-0.0689
2023-05-23 13:43:36,-0.07382,0.10673,0.24947,213.0,-300.0,-0.07382,-0.07283,-0.07283,-0.07087,-0.07087,-0.06988,-0.06988,-0.0689,-0.0689,-0.0689
2023-05-23 13:43:38,-0.07283,0.10974,0.25175,0.0,0.0,-0.07283,-0.07283,-0.07283,-0.07087,-0.07087,-0.06988,-0.06988,-0.0689,-0.0689,-0.0689
2023-05-23 13:43:40,-0.07283,0.10406,0.24747,0.0,200.0,-0.07283,-0.07283,-0.07283,-0.07087,-0.07087,-0.06988,-0.06988,-0.0689,-0.0689,-0.0689
2023-05-23 13:43:42,-0.07283,0.11332,0.24551,0.0,1000.0,-0.07283,-0.07283,-0.07283,-0.07087,-0.07087,-0.06988,-0.06988,-0.0689,-0.0689,-0.0689
2023-05-23 13:43:43,-0.07382,0.1238,0.26096,0.0,0.0,-0.07382,-0.07283,-0.07283,-0.07087,-0.07087,-0.06988,-0.06988,-0.0689,-0.0689,-0.0689
2023-05-23 13:43:45,-0.07382,0.12247,0.26027,0.0,1.0,-0.07382,-0.07283,-0.07283,-0.07087,-0.07087,-0.06988,-0.06988,-0.0689,-0.0689,-0.0689
2023-05-23 13:43:47,-0.07283,0.12095,0.25913,-100.0,0.0,-0.07283,-0.07283,-0.07283,-0.07087,-0.07087,-0.06988,-0.06988,-0.0689,-0.0689,-0.0689
2023-05-23 13:43:49,-0.07382,0.1208,0.25748,0.0,0.0,-0.07382,-0.07283,-0.07283,-0.07087,-0.07087,-0.06988,-0.06988,-0.0689,-0.0689,-0.0689
2023-05-23 13:43:51,-0.07382,0.136,0.26782,0.0,2.0,-0.07382,-0.07283,-0.07283,-0.07087,-0.07087,-0.06988,-0.06988,-0.0689,-0.0689,-0.0689
2023-05-23 13:43:53,-0.07382,0.1339,0.26408,0.0,0.0,-0.07382,-0.07283,-0.07283,-0.07087,-0.07087,-0.06988,-0.06988,-0.0689,-0.0689,-0.0689
2023-05-23 13:43:55,-0.07283,0.13254,0.26135,0.0,100.0,-0.07283,-0.07283,-0.07283,-0.07087,-0.07087,-0.06988,-0.06988,-0.0689,-0.0689,-0.0689
2023-05-23 13:43:57,-0.07382,0.13255,0.26164,0.0,-6.0,-0.07382,-0.07283,-0.07283,-0.07087,-0.07087,-0.06988,-0.06988,-0.0689,-0.0689,-0.0689
2023-05-23 13:43:58,-0.07382,0.10261,0.24621,0.0,1.0,-0.07382,-0.07283,-0.07283,-0.07087,-0.07087,-0.06988,-0.06988,-0.0689,-0.0689,-0.0689
2023-05-23 13:44:00,-0.07382,0.10411,0.24844,0.0,-912.0,-0.07382,-0.07382,-0.07382,-0.07283,-0.07283,-0.07087,-0.07087,-0.06988,-0.06988,-0.0689
2023-05-23 13:44:02,-0.07382,0.11141,0.25662,0.0,-1.0,-0.07382,-0.07382,-0.07382,-0.07283,-0.07283,-0.07087,-0.07087,-0.06988,-0.06988,-0.0689
2023-05-23 13:44:04,-0.0748,0.14794,0.32173,0.0,-20853.0,-0.0748,-0.07382,-0.07382,-0.07283,-0.07283,-0.07087,-0.07087,-0.06988,-0.06988,-0.0689
2023-05-23 13:44:06,-0.0748,0.25932,0.38724,0.0,0.0,-0.0748,-0.07382,-0.07382,-0.07283,-0.07283,-0.07087,-0.07087,-0.06988,-0.06988,-0.0689
2023-05-23 13:44:08,-0.07382,0.25629,0.38709,0.0,0.0,-0.07382,-0.07382,-0.07382,-0.07283,-0.07283,-0.07087,-0.07087,-0.06988,-0.06988,-0.0689
2023-05-23 13:44:10,-0.07382,0.26061,0.39045,0.0,1.0,-0.07382,-0.07382,-0.07382,-0.07283,-0.07283,-0.07087,-0.07087,-0.06988,-0.06988,-0.0689
2023-05-23 13:44:12,-0.07382,0.27927,0.41044,0.0,-320.0,-0.07382,-0.07382,-0.07382,-0.07283,-0.07283,-0.07087,-0.07087,-0.06988,-0.06988,-0.0689
2023-05-23 13:44:14,-0.0748,0.27519,0.40658,0.0,2.0,-0.0748,-0.07382,-0.07382,-0.07283,-0.07283,-0.07087,-0.07087,-0.06988,-0.06988,-0.0689
2023-05-23 13:44:16,-0.0748,0.27164,0.40616,0.0,400.0,-0.0748,-0.07382,-0.07382,-0.07283,-0.07283,-0.07087,-0.07087,-0.06988,-0.06988,-0.0689
2023-05-23 13:44:17,-0.07382,0.26702,0.40357,-100.0,1.0,-0.07382,-0.07382,-0.07382,-0.07283,-0.07283,-0.07087,-0.07087,-0.06988,-0.06988,-0.0689
2023-05-23 13:44:19,-0.0748,0.27252,0.40835,-100.0,-100.0,-0.0748,-0.07382,-0.07382,-0.07283,-0.07283,-0.07087,-0.07087,-0.06988,-0.06988,-0.0689
2023-05-23 13:44:21,-0.07382,0.28878,0.42031,-100.0,0.0,-0.07382,-0.07382,-0.07382,-0.07283,-0.07283,-0.07087,-0.07087,-0.06988,-0.06988,-0.0689
2023-05-23 13:44:23,-0.0748,0.21247,0.25846,0.0,0.0,-0.0748,-0.07382,-0.07382,-0.07283,-0.07283,-0.07087,-0.07087,-0.06988,-0.06988,-0.0689
2023-05-23 13:44:25,-0.0748,0.22468,0.26375,-212.0,0.0,-0.0748,-0.07382,-0.07382,-0.07283,-0.07283,-0.07087,-0.07087,-0.06988,-0.06988,-0.0689
2023-05-23 13:44:27,-0.0748,0.21651,0.26743,0.0,200.0,-0.0748,-0.07382,-0.07382,-0.07283,-0.07283,-0.07087,-0.07087,-0.06988,-0.06988,-0.0689
2023-05-23 13:44:29,-0.07579,0.22604,0.27091,0.0,-1.0,-0.07579,-0.07382,-0.07382,-0.07283,-0.07283,-0.07087,-0.07087,-0.06988,-0.06988,-0.0689
2023-05-23 13:44:31,-0.0748,0.22262,0.27071,0.0,11.0,-0.0748,-0.07382,-0.07382,-0.07283,-0.07283,-0.07087,-0.07087,-0.06988,-0.06988,-0.0689
2023-05-23 13:44:32,-0.0748,0.2518,0.27861,0.0,2.0,-0.0748,-0.07382,-0.07382,-0.07283,-0.07283,-0.07087,-0.07087,-0.06988,-0.06988,-0.0689
2023-05-23 13:44:34,-0.0748,0.25933,0.2814,0.0,20.0,-0.0748,-0.07382,-0.07382,-0.07283,-0.07283,-0.07087,-0.07087,-0.06988,-0.06988,-0.0689
2023-05-23 13:44:36,-0.07579,0.24254,0.27562,0.0,150.0,-0.07579,-0.07382,-0.07382,-0.07283,-0.07283,-0.07087,-0.07087,-0.06988,-0.06988,-0.0689
2023-05-23 13:44:38,-0.0748,0.24889,0.28027,-10.0,0.0,-0.0748,-0.07382,-0.07382,-0.07283,-0.07283,-0.07087,-0.07087,-0.06988,-0.06988,-0.0689
2023-05-23 13:44:40,-0.0748,0.24097,0.26196,0.0,50.0,-0.0748,-0.07382,-0.07382,-0.07283,-0.07283,-0.07087,-0.07087,-0.06988,-0.06988,-0.0689
2023-05-23 13:44:42,-0.0748,0.22837,0.2573,0.0,5.0,-0.0748,-0.07382,-0.07382,-0.07283,-0.07283,-0.07087,-0.07087,-0.06988,-0.06988,-0.0689
2023-05-23 13:44:44,-0.07579,0.27746,0.38318,0.0,-26059.0,-0.07579,-0.07382,-0.07382,-0.07283,-0.07283,-0.07087,-0.07087,-0.06988,-0.06988,-0.0689
2023-05-23 13:44:46,-0.07382,0.25998,0.36892,0.0,1000.0,-0.07382,-0.07382,-0.07382,-0.07283,-0.07283,-0.07087,-0.07087,-0.06988,-0.06988,-0.0689
2023-05-23 13:44:47,-0.0748,0.26979,0.3687,0.0,0.0,-0.0748,-0.07382,-0.07382,-0.07283,-0.07283,-0.07087,-0.07087,-0.06988,-0.06988,-0.0689
2023-05-23 13:44:49,-0.07382,0.36353,0.39552,0.0,525.0,-0.07382,-0.07382,-0.07382,-0.07283,-0.07283,-0.07087,-0.07087,-0.06988,-0.06988,-0.0689
2023-05-23 13:44:51,-0.07283,0.35249,0.39263,-1.0,0.0,-0.07283,-0.07382,-0.07382,-0.07283,-0.07283,-0.07087,-0.07087,-0.06988,-0.06988,-0.0689
2023-05-23 13:44:53,-0.07382,0.31863,0.38151,-34.0,-34.0,-0.07382,-0.07382,-0.07382,-0.07283,-0.07283,-0.07087,-0.07087,-0.06988,-0.06988,-0.0689
2023-05-23 13:44:55,-0.07382,0.32551,0.38368,0.0,69.0,-0.07382,-0.07382,-0.07382,-0.07283,-0.07283,-0.07087,-0.07087,-0.06988,-0.06988,-0.0689
2023-05-23 13:44:57,-0.07283,0.26014,0.36494,-1.0,0.0,-0.07283,-0.07382,-0.07382,-0.07283,-0.07283,-0.07087,-0.07087,-0.06988,-0.06988,-0.0689
2023-05-23 13:44:59,-0.07283,0.25881,0.36585,0.0,5.0,-0.07283,-0.07382,-0.07382,-0.07283,-0.07283,-0.07087,-0.07087,-0.06988,-0.06988,-0.0689
2023-05-23 13:45:01,-0.07283,0.26539,0.36859,0.0,0.0,-0.07283,-0.07382,-0.07382,-0.07382,-0.07382,-0.07283,-0.07283,-0.07087,-0.07087,-0.06988
